experiment,step,stale_tail,row_count,group_count,valid_rate,valid_group_rate,request_error_rate,direct_valid,focal_valid,final_valid,objective_valid,subjective_valid,ui_spatial_score,color_harmony_and_theme_fit,typography_rhythm_and_readability,first_view_content_messaging,ui_weight,subjective_weight,max_weight_mean,top1_same_rate,spearman_mean,z_sign_flip_rate,direct_group_var_mean,focal_group_var_mean,status_counts
Qwen3-1.7B-Base,1,0,512,64,0.986328125,1.0,0.0,8.577613108910889,6.298987075802463,8.577613108910889,7.14801092409241,0.0,0.0,0.0,0.0,0.0,0.0,0.0,0.6855506221733557,0.96875,0.9810758303170504,0.055445544554455446,2.1893637237970287,14.009045713710659,"{""llm_generation_error"": 119, ""render_engine_error"": 7, ""success"": 386}"
Qwen3-1.7B-Base,2,0,512,64,0.98828125,1.0,0.0,8.55284833992095,6.306478923447058,8.55284833992095,7.127373616600792,0.0,0.0,0.0,0.0,0.0,0.0,0.0,0.6631607477716482,0.984375,0.9845562163232894,0.043478260869565216,2.2474915631813706,14.546330917319867,"{""llm_generation_error"": 128, ""render_engine_error"": 6, ""success"": 378}"
Qwen3-1.7B-Base,3,0,512,64,0.98828125,1.0,0.0,8.633177944664038,6.430435384022711,8.633177944664038,7.194314953886695,0.0,0.0,0.0,0.0,0.0,0.0,0.0,0.6968834274634393,1.0,0.9764396134604456,0.06324110671936758,2.021375649998406,13.51169550381187,"{""llm_generation_error"": 107, ""render_engine_error"": 6, ""success"": 399}"
Qwen3-1.7B-Base,4,0,512,64,0.990234375,1.0,0.0,8.69799696252465,6.674768114566662,8.69799696252465,7.2483308021038795,0.0,0.0,0.0,0.0,0.0,0.0,0.0,0.6639992782785749,1.0,0.9666662760251461,0.0631163708086785,1.9988264646750307,13.123774497424929,"{""llm_generation_error"": 96, ""render_engine_error"": 5, ""success"": 411}"
Qwen3-1.7B-Base,5,0,512,64,0.98828125,1.0,0.0,8.739677509881421,6.78290278931794,8.739677509881421,7.283064591567853,0.0,0.0,0.0,0.0,0.0,0.0,0.0,0.6680522290102333,0.984375,0.9717166885240758,0.043478260869565216,1.9899719207089213,13.019456616844872,"{""llm_generation_error"": 95, ""render_engine_error"": 6, ""success"": 411}"
Qwen3-1.7B-Base,6,0,512,64,0.984375,1.0,0.0,8.81673087301588,6.930232962074259,8.81673087301588,7.347275727513227,0.0,0.0,0.0,0.0,0.0,0.0,0.0,0.6826307586081072,0.984375,0.9796755464609356,0.03968253968253968,1.923837030551245,12.750012319457554,"{""llm_generation_error"": 86, ""render_engine_error"": 8, ""success"": 418}"
Qwen3-1.7B-Base,7,0,512,64,0.9921875,1.0,0.0,8.826344960629918,7.004003862964228,8.826344960629918,7.3552874671916015,0.0,0.0,0.0,0.0,0.0,0.0,0.0,0.679969806523935,0.984375,0.9613238951287724,0.05511811023622047,1.7989875672510045,11.837009333997756,"{""llm_generation_error"": 83, ""render_engine_error"": 4, ""success"": 425}"
Qwen3-1.7B-Base,8,0,512,64,0.994140625,1.0,0.0,8.858415127701374,7.07947312500852,8.858415127701374,7.382012606417814,0.0,0.0,0.0,0.0,0.0,0.0,0.0,0.6817444786929829,0.984375,0.9760646905825557,0.0825147347740668,1.8019080294176737,11.585994951183729,"{""llm_generation_error"": 82, ""render_engine_error"": 3, ""success"": 427}"
Qwen3-1.7B-Base,9,0,512,64,0.982421875,1.0,0.0,8.829711013916492,6.983573545349869,8.829711013916492,7.358092511597086,0.0,0.0,0.0,0.0,0.0,0.0,0.0,0.6988518277579434,0.96875,0.9622266359427788,0.08349900596421471,1.7405117373733068,11.418916652432959,"{""llm_generation_error"": 76, ""render_engine_error"": 9, ""success"": 427}"
Qwen3-1.7B-Base,10,0,512,64,0.982421875,1.0,0.0,8.972569662027823,7.356575698424228,8.972569662027823,7.477141385023194,0.0,0.0,0.0,0.0,0.0,0.0,0.0,0.6903051880582575,1.0,0.9824939442439917,0.0536779324055666,1.5919578491161008,10.63312791747473,"{""llm_generation_error"": 65, ""render_engine_error"": 9, ""success"": 438}"
Qwen3-1.7B-Base,11,0,512,64,0.990234375,1.0,0.0,8.954516015779094,7.2895882911770356,8.954516015779094,7.46209667981591,0.0,0.0,0.0,0.0,0.0,0.0,0.0,0.679738628147869,1.0,0.972408371885669,0.07297830374753451,1.554003319156068,10.418562915975173,"{""llm_generation_error"": 64, ""render_engine_error"": 5, ""success"": 443}"
Qwen3-1.7B-Base,12,0,512,64,0.99609375,1.0,0.0,9.106190392156867,7.722185586141435,9.106190392156867,7.588491993464054,0.0,0.0,0.0,0.0,0.0,0.0,0.0,0.6799262858291408,1.0,0.9758384922621526,0.03529411764705882,1.4809322039390305,9.584472725628641,"{""llm_generation_error"": 53, ""render_engine_error"": 2, ""success"": 457}"
Qwen3-1.7B-Base,13,0,512,64,0.986328125,1.0,0.0,9.11155203960396,7.640434154271835,9.11155203960396,7.592960033003301,0.0,0.0,0.0,0.0,0.0,0.0,0.0,0.7107292256134311,1.0,0.9618564465506263,0.06732673267326733,1.457961639006856,9.85362530444385,"{""llm_generation_error"": 58, ""render_engine_error"": 7, ""success"": 447}"
Qwen3-1.7B-Base,14,0,512,64,0.984375,1.0,0.0,9.278982499999998,8.120922972972036,9.278982499999998,7.732485416666667,0.0,0.0,0.0,0.0,0.0,0.0,0.0,0.6735698385908738,0.984375,0.9655215175864676,0.05952380952380952,1.1087883766427578,7.705046486433296,"{""llm_generation_error"": 38, ""render_engine_error"": 8, ""success"": 466}"
Qwen3-1.7B-Base,15,0,512,64,0.9921875,1.0,0.0,9.230179645669297,7.984791651279351,9.230179645669297,7.691816371391076,0.0,0.0,0.0,0.0,0.0,0.0,0.0,0.6873460317966915,1.0,0.9690565132480604,0.07677165354330709,1.2127411959158996,8.346901038629149,"{""llm_generation_error"": 43, ""render_engine_error"": 4, ""success"": 465}"
Qwen3-1.7B-Base,16,0,512,64,0.990234375,1.0,0.0,9.287492859960548,8.09291702780843,9.287492859960548,7.739577383300461,0.0,0.0,0.0,0.0,0.0,0.0,0.0,0.7028574962154014,1.0,0.9805579429360723,0.055226824457593686,1.1409101535659194,8.0453357578842,"{""llm_generation_error"": 34, ""render_engine_error"": 5, ""success"": 473}"
Qwen3-1.7B-Base,17,0,512,64,0.982421875,1.0,0.0,9.300632127236586,8.116304634691241,9.300632127236586,7.75052677269715,0.0,0.0,0.0,0.0,0.0,0.0,0.0,0.6927167999626274,1.0,0.980728314495335,0.05168986083499006,1.061460048209217,8.026899859086111,"{""llm_generation_error"": 34, ""render_engine_error"": 9, ""success"": 469}"
Qwen3-1.7B-Base,18,0,512,64,0.990234375,1.0,0.0,9.296251439842203,8.037146816027922,9.296251439842203,7.74687619986851,0.0,0.0,0.0,0.0,0.0,0.0,0.0,0.7168109778408204,1.0,0.9766355304567905,0.06012024048096192,1.1330446075086287,8.46769709350131,"{""llm_generation_error"": 38, ""render_engine_error"": 5, ""success"": 469}"
Qwen3-1.7B-Base,19,0,512,64,0.982421875,1.0,0.0,9.401769662027835,8.38361834604989,9.401769662027835,7.834808051689858,0.0,0.0,0.0,0.0,0.0,0.0,0.0,0.6442207706588858,1.0,0.9817903432337052,0.05296610169491525,1.0002826987793667,7.035848186257487,"{""llm_generation_error"": 32, ""render_engine_error"": 9, ""success"": 471}"
Qwen3-1.7B-Base,20,0,512,64,0.982421875,1.0,0.0,9.486956858846918,8.559434895105259,9.486956858846918,7.905797382372431,0.0,0.0,0.0,0.0,0.0,0.0,0.0,0.6871364624996762,1.0,0.990736856984124,0.0437375745526839,0.8114854459341206,6.196097362978999,"{""llm_generation_error"": 25, ""render_engine_error"": 9, ""success"": 478}"
Qwen3-1.7B-Base,21,0,512,64,0.974609375,1.0,0.0,9.589698557114225,8.79586855173993,9.589698557114225,7.991415464261856,0.0,0.0,0.0,0.0,0.0,0.0,0.0,0.7210284489067729,1.0,0.9769111527533451,0.06012024048096192,0.5315038833201935,4.687789476267057,"{""llm_generation_error"": 11, ""render_engine_error"": 13, ""success"": 488}"
Qwen3-1.7B-Base,22,0,512,64,0.98828125,1.0,0.0,9.486113320158099,8.61070082625107,9.486113320158099,7.905094433465088,0.0,0.0,0.0,0.0,0.0,0.0,0.0,0.65066395960492,1.0,0.987315010792423,0.04897959183673469,0.8958244907341697,6.159155678141613,"{""llm_generation_error"": 30, ""render_engine_error"": 6, ""success"": 476}"
Qwen3-1.7B-Base,23,0,512,64,1.0,1.0,0.0,9.558920078125006,8.762896505415796,9.558920078125006,7.9657667317708345,0.0,0.0,0.0,0.0,0.0,0.0,0.0,0.6617498244214859,1.0,0.9827190467530446,0.04435483870967742,0.5999852718001952,4.940878141326786,"{""llm_generation_error"": 14, ""success"": 498}"
Qwen3-1.7B-Base,24,0,512,64,0.982421875,1.0,0.0,9.61266357852883,8.883379896173828,9.61266357852883,8.010552982107354,0.0,0.0,0.0,0.0,0.0,0.0,0.0,0.6340251880018695,1.0,0.9917103688816195,0.03177966101694915,0.5735075486220841,4.462217517923637,"{""llm_generation_error"": 13, ""render_engine_error"": 9, ""success"": 490}"
Qwen3-1.7B-Base,25,0,512,64,0.9921875,1.0,0.0,9.6436387007874,8.998353687653067,9.6436387007874,8.036365583989504,0.0,0.0,0.0,0.0,0.0,0.0,0.0,0.644569111225157,1.0,0.9864052419039858,0.05165289256198347,0.5310884403764966,4.077081344129164,"{""llm_generation_error"": 13, ""render_engine_error"": 4, ""success"": 495}"
Qwen3-1.7B-Base,26,0,512,64,0.986328125,1.0,0.0,9.660309663366334,8.915356646652388,9.660309663366334,8.050258052805278,0.0,0.0,0.0,0.0,0.0,0.0,0.0,0.7038901557422012,1.0,0.9871493223190708,0.04294478527607362,0.42423834014915895,4.142254195338512,"{""llm_generation_error"": 9, ""render_engine_error"": 7, ""success"": 496}"
Qwen3-1.7B-Base,27,0,512,64,0.994140625,1.0,0.0,9.67688565815324,9.055810929383624,9.67688565815324,8.064071381794365,0.0,0.0,0.0,0.0,0.0,0.0,0.0,0.6288458687691941,1.0,0.9868855666496774,0.033542976939203356,0.4721028469489056,3.751040992030425,"{""llm_generation_error"": 13, ""render_engine_error"": 3, ""success"": 496}"
Qwen3-1.7B-Base,28,0,512,64,1.0,1.0,0.0,9.652616992187507,8.925376621660321,9.652616992187507,8.043847493489581,0.0,0.0,0.0,0.0,0.0,0.0,0.0,0.6668222420487223,1.0,0.9943611982455,0.03333333333333333,0.5171585376311524,4.540543079021151,"{""llm_generation_error"": 14, ""success"": 498}"
Qwen3-1.7B-Base,29,0,512,64,0.99609375,1.0,0.0,9.65630725490196,8.932958399109753,9.65630725490196,8.0469227124183,0.0,0.0,0.0,0.0,0.0,0.0,0.0,0.6567478048999302,1.0,0.9858095417179785,0.032397408207343416,0.5266634498301319,4.583405385601138,"{""llm_generation_error"": 14, ""render_engine_error"": 2, ""success"": 496}"
Qwen3-1.7B-Base,30,0,512,64,0.994140625,1.0,0.0,9.786712298624753,9.314684837966348,9.786712298624753,8.155593582187295,0.0,0.0,0.0,0.0,0.0,0.0,0.0,0.5759451774966127,1.0,0.9969173661921986,0.018957345971563982,0.257271994280969,2.6081670403277335,"{""llm_generation_error"": 4, ""render_engine_error"": 3, ""success"": 505}"
Qwen3-1.7B-Base,31,0,512,64,0.9921875,1.0,0.0,9.76425850393701,9.276880862472568,9.76425850393701,8.136882086614174,0.0,0.0,0.0,0.0,0.0,0.0,0.0,0.5924924109689141,1.0,0.9893790527436658,0.02247191011235955,0.3506414126383908,3.0782249566289197,"{""llm_generation_error"": 8, ""render_engine_error"": 4, ""success"": 500}"
Qwen3-1.7B-Base,32,0,512,64,0.99609375,1.0,0.0,9.770181372549015,9.314620208365165,9.770181372549015,8.141817810457516,0.0,0.0,0.0,0.0,0.0,0.0,0.0,0.5966103073687012,1.0,0.9964204649593403,0.014893617021276596,0.36673843023800606,3.122449920162434,"{""llm_generation_error"": 8, ""render_engine_error"": 2, ""success"": 502}"
Qwen3-1.7B-Base,33,0,512,64,1.0,1.0,0.0,9.763734062500001,9.285173665662931,9.763734062500001,8.136445052083333,0.0,0.0,0.0,0.0,0.0,0.0,0.0,0.5703497630350156,1.0,0.9879420772153287,0.02546296296296296,0.35044498762460935,2.8423710983669475,"{""llm_generation_error"": 9, ""success"": 503}"
Qwen3-1.7B-Base,34,0,512,64,0.986328125,1.0,0.0,9.783983603960396,9.355162645661126,9.783983603960396,8.153319669966997,0.0,0.0,0.0,0.0,0.0,0.0,0.0,0.5448791289551534,1.0,0.9928713151927436,0.025906735751295335,0.3343652759378807,2.728509778613236,"{""llm_generation_error"": 9, ""render_engine_error"": 7, ""success"": 496}"
Qwen3-1.7B-Base,35,0,512,64,0.998046875,1.0,0.0,9.785759960861055,9.392609590911253,9.785759960861055,8.154799967384214,0.0,0.0,0.0,0.0,0.0,0.0,0.0,0.5260042010892807,1.0,0.9971416269210388,0.029484029484029485,0.393818827255674,2.864672527571383,"{""llm_generation_error"": 12, ""render_engine_error"": 1, ""success"": 499}"
Qwen3-1.7B-Base,36,0,512,64,0.994140625,1.0,0.0,9.833157367387033,9.557558109570522,9.833157367387033,8.194297806155863,0.0,0.0,0.0,0.0,0.0,0.0,0.0,0.5207635815493861,1.0,0.9933367661698334,0.016587677725118485,0.27344149768936143,1.7864100604648911,"{""llm_generation_error"": 8, ""render_engine_error"": 3, ""success"": 501}"
Qwen3-1.7B-Base,37,0,512,64,0.998046875,1.0,0.0,9.846801330724071,9.526808750047797,9.846801330724071,8.205667775603393,0.0,0.0,0.0,0.0,0.0,0.0,0.0,0.4940595482554367,1.0,1.0,0.002785515320334262,0.296122277019607,2.426410028378237,"{""llm_generation_error"": 8, ""render_engine_error"": 1, ""success"": 503}"
Qwen3-1.7B-Base,38,0,512,64,0.998046875,1.0,0.0,9.871340821917808,9.598010350103824,9.871340821917808,8.226117351598173,0.0,0.0,0.0,0.0,0.0,0.0,0.0,0.49480735409959015,1.0,1.0,0.013623978201634877,0.1442948335424625,1.5992147521199895,"{""llm_generation_error"": 2, ""render_engine_error"": 1, ""success"": 509}"
Qwen3-1.7B-Base,39,0,512,64,0.998046875,1.0,0.0,9.907672328767124,9.703278522477204,9.907672328767124,8.256393607305936,0.0,0.0,0.0,0.0,0.0,0.0,0.0,0.4440171063894693,1.0,0.99921875,0.009404388714733543,0.10283094045214447,1.0126581959019856,"{""llm_generation_error"": 2, ""render_engine_error"": 1, ""success"": 509}"
Qwen3-1.7B-Base,40,0,512,64,1.0,1.0,0.0,9.890879687499998,9.62114051671264,9.890879687499998,8.242399739583334,0.0,0.0,0.0,0.0,0.0,0.0,0.0,0.48347085128520473,1.0,0.9976670591698558,0.011627906976744186,0.1272696829505859,1.5093702140381215,"{""llm_generation_error"": 2, ""success"": 510}"
Qwen3-1.7B-Base,41,0,512,64,0.998046875,1.0,0.0,9.898695772994126,9.704506237116655,9.898695772994126,8.248913144161774,0.0,0.0,0.0,0.0,0.0,0.0,0.0,0.4062497060867944,1.0,1.0,0.006968641114982578,0.17224791786177254,1.2699268747481767,"{""llm_generation_error"": 5, ""render_engine_error"": 1, ""success"": 506}"
Qwen3-1.7B-Base,42,0,512,64,0.99609375,1.0,0.0,9.878158313725491,9.636556964501208,9.878158313725491,8.231798594771243,0.0,0.0,0.0,0.0,0.0,0.0,0.0,0.43764138220778664,1.0,0.9991319444444444,0.010452961672473868,0.2077570816580736,1.604391741746853,"{""llm_generation_error"": 6, ""render_engine_error"": 2, ""success"": 504}"
Qwen3-1.7B-Base,43,0,512,64,1.0,1.0,0.0,9.9270418359375,9.72718952558471,9.9270418359375,8.272534863281251,0.0,0.0,0.0,0.0,0.0,0.0,0.0,0.4251077619666174,1.0,1.0,0.003787878787878788,0.059603600899902326,1.0429811970273777,"{""success"": 512}"
Qwen3-1.7B-Base,44,0,512,64,1.0,1.0,0.0,9.900674726562498,9.679115067160051,9.900674726562498,8.250562272135417,0.0,0.0,0.0,0.0,0.0,0.0,0.0,0.398043740609586,1.0,0.998991935483871,0.008064516129032258,0.14758394835712887,1.3443079352611693,"{""llm_generation_error"": 4, ""success"": 508}"
Qwen3-1.7B-Base,45,0,512,64,1.0,1.0,0.0,9.905119296874997,9.69703777780867,9.905119296874997,8.254266080729165,0.0,0.0,0.0,0.0,0.0,0.0,0.0,0.39985253665203246,1.0,0.9990680335507921,0.01293103448275862,0.13262435406464843,1.192249391483201,"{""llm_generation_error"": 3, ""success"": 509}"
Qwen3-1.7B-Base,46,0,512,64,0.998046875,1.0,0.0,9.94196567514677,9.800000289961124,9.94196567514677,8.284971395955644,0.0,0.0,0.0,0.0,0.0,0.0,0.0,0.3591609162534458,1.0,1.0,0.0,0.08008042007138669,0.937457293068425,"{""llm_generation_error"": 1, ""render_engine_error"": 1, ""success"": 510}"
Qwen3-1.7B-Base,47,0,512,64,1.0,1.0,0.0,9.935979062499998,9.817897619093518,9.935979062499998,8.279982552083332,0.0,0.0,0.0,0.0,0.0,0.0,0.0,0.3357888595641546,1.0,0.9988738738738738,0.010416666666666666,0.11202762528769529,0.8784861644679989,"{""llm_generation_error"": 3, ""success"": 509}"
Qwen3-1.7B-Base,48,0,512,64,0.998046875,1.0,0.0,9.957261291585128,9.842709314042388,9.957261291585128,8.297717742987608,0.0,0.0,0.0,0.0,0.0,0.0,0.0,0.3469023204027583,1.0,1.0,0.005952380952380952,0.03810715632304686,0.5694040636403893,"{""render_engine_error"": 1, ""success"": 511}"
Qwen3-1.7B-Base,49,0,512,64,1.0,1.0,0.0,9.95137296875,9.842731653394146,9.95137296875,8.292810807291668,0.0,0.0,0.0,0.0,0.0,0.0,0.0,0.33885147769094465,1.0,1.0,0.005208333333333333,0.056660066834374995,0.5818136569235516,"{""llm_generation_error"": 1, ""success"": 511}"
Qwen3-1.7B-Base,50,0,512,64,1.0,1.0,0.0,9.956446328124997,9.844805464557101,9.956446328124997,8.297038606770833,0.0,0.0,0.0,0.0,0.0,0.0,0.0,0.3244508159500043,1.0,1.0,0.0,0.059108876910937504,0.6890419799277288,"{""llm_generation_error"": 1, ""success"": 511}"
Qwen3-1.7B-Base,51,0,512,64,1.0,1.0,0.0,9.9346555859375,9.796829852162062,9.9346555859375,8.278879654947918,0.0,0.0,0.0,0.0,0.0,0.0,0.0,0.35188093757610256,1.0,0.9985795454545454,0.005681818181818182,0.12327655909716792,1.0957916282696023,"{""llm_generation_error"": 3, ""success"": 509}"
Qwen3-1.7B-Base,52,0,512,64,1.0,1.0,0.0,9.9705581640625,9.89799235511597,9.9705581640625,8.308798470052084,0.0,0.0,0.0,0.0,0.0,0.0,0.0,0.28752599761888026,1.0,0.999515732915108,0.017857142857142856,0.022210911849511714,0.34709330989048337,"{""success"": 512}"
Qwen3-1.7B-Base,53,0,512,64,1.0,1.0,0.0,9.949321015625,9.859939458761726,9.949321015625,8.291100846354167,0.0,0.0,0.0,0.0,0.0,0.0,0.0,0.3103818482274292,1.0,1.0,0.005952380952380952,0.10517098646796873,0.7641883198850855,"{""llm_generation_error"": 3, ""success"": 509}"
Qwen3-1.7B-Base,54,0,512,64,1.0,1.0,0.0,9.9705692578125,9.910581784046327,9.9705692578125,8.30880771484375,0.0,0.0,0.0,0.0,0.0,0.0,0.0,0.28116711738073064,1.0,1.0,0.0,0.046522989775097646,0.41755622436584805,"{""llm_generation_error"": 1, ""success"": 511}"
Qwen3-1.7B-Base,55,0,512,64,1.0,1.0,0.0,9.966252734374999,9.890360015958521,9.966252734374999,8.305210611979167,0.0,0.0,0.0,0.0,0.0,0.0,0.0,0.3063920178716374,1.0,1.0,0.0,0.04979542015468749,0.4752062582207121,"{""llm_generation_error"": 1, ""success"": 511}"
Qwen3-1.7B-Base,56,0,512,64,1.0,1.0,0.0,9.96193859375,9.894813604296994,9.96193859375,8.301615494791667,0.0,0.0,0.0,0.0,0.0,0.0,0.0,0.2706841065759109,1.0,1.0,0.0,0.0961668725814453,0.6573244145650647,"{""llm_generation_error"": 3, ""success"": 509}"
Qwen3-1.7B-Base,57,0,512,64,1.0,1.0,0.0,9.939655351562502,9.832416415013949,9.939655351562502,8.283046126302084,0.0,0.0,0.0,0.0,0.0,0.0,0.0,0.30093964408664364,1.0,1.0,0.0,0.15469865482060546,1.037412554666557,"{""llm_generation_error"": 5, ""success"": 507}"
Qwen3-1.7B-Base,58,0,512,64,0.998046875,1.0,0.0,9.974265753424657,9.92058420474948,9.974265753424657,8.311888127853882,0.0,0.0,0.0,0.0,0.0,0.0,0.0,0.28131512795868185,1.0,0.9992110245085221,0.0,0.03266123773789063,0.30476992083957505,"{""render_engine_error"": 1, ""success"": 511}"
Qwen3-1.7B-Base,59,0,512,64,1.0,1.0,0.0,9.988878046875,9.960253723013842,9.988878046875,8.3240650390625,0.0,0.0,0.0,0.0,0.0,0.0,0.0,0.24224120749588623,1.0,1.0,0.0,0.010747116307421874,0.17773988598368598,"{""success"": 512}"
Qwen3-1.7B-Base,60,0,512,64,0.998046875,1.0,0.0,9.98512156555773,9.953144335607876,9.98512156555773,8.320934637964776,0.0,0.0,0.0,0.0,0.0,0.0,0.0,0.2595025874415304,1.0,1.0,0.013888888888888888,0.00950576226855468,0.10354162772395492,"{""render_engine_error"": 1, ""success"": 511}"
Qwen3-1.7B-Base,61,0,512,64,0.998046875,1.0,0.0,9.992276125244619,9.976311798008945,9.992276125244619,8.326896771037182,0.0,0.0,0.0,0.0,0.0,0.0,0.0,0.22961618897073058,1.0,1.0,0.0,0.006315803704003902,0.08878861349762278,"{""render_engine_error"": 1, ""success"": 511}"
baseline_0414_Qwen3-1.7B,1,0,512,64,0.947265625,1.0,0.0,6.7870014432989825,3.6644373431748267,6.7870014432989825,8.796616048109966,0.0,5.604123711340206,0.0,0.0,0.0,0.0909324563672052,0.0,0.09309869319221808,0.796875,0.8948764233215497,0.12783505154639174,1.5507007064493636,1.6174985009367735,"{""llm_generation_error"": 26, ""parse_fail"": 7, ""render_engine_error"": 20, ""success"": 459}"
baseline_0414_Qwen3-1.7B,2,0,512,64,0.96484375,1.0,0.0,6.75359825174826,3.4703139363926327,6.75359825174826,8.869282354925778,0.0,5.469635627530365,0.0,0.0,0.0,0.09200532582472165,0.0,0.09272503279691562,0.765625,0.8719154653802341,0.13562753036437247,1.2745612825471127,1.5419280846712362,"{""llm_generation_error"": 21, ""parse_fail"": 4, ""render_engine_error"": 14, ""success"": 473}"
baseline_0414_Qwen3-1.7B,3,0,512,64,0.974609375,1.0,0.0,6.823210949171079,3.5346718849888417,6.823210949171079,8.863261489645957,0.0,5.719438877755511,0.0,0.0,0.0,0.08683293470527866,0.0,0.08725367967979479,0.703125,0.8595627935249651,0.14829659318637275,1.432516715201738,1.344061829009712,"{""llm_generation_error"": 28, ""parse_fail"": 6, ""render_engine_error"": 7, ""success"": 471}"
baseline_0414_Qwen3-1.7B,4,0,512,64,0.958984375,1.0,0.0,6.84200960933161,3.586673009474832,6.84200960933161,8.946773217922606,0.0,5.5560081466395115,0.0,0.0,0.0,0.09457969087337055,0.0,0.09555478769797532,0.765625,0.9008269794337906,0.12627291242362526,1.1556453046745532,1.5818829314739147,"{""llm_generation_error"": 19, ""parse_fail"": 8, ""render_engine_error"": 13, ""success"": 472}"
baseline_0414_Qwen3-1.7B,5,0,512,64,0.955078125,1.0,0.0,6.922779010968587,3.7646442313864164,6.922779010968587,8.936478629856852,0.0,5.8323108384458076,0.0,0.0,0.0,0.08991208032310645,0.0,0.09742199895084054,0.796875,0.8969340823590742,0.12269938650306748,1.0772509938777861,1.6509372174172992,"{""llm_generation_error"": 15, ""parse_fail"": 4, ""render_engine_error"": 19, ""success"": 474}"
baseline_0414_Qwen3-1.7B,6,0,512,64,0.96484375,1.0,0.0,6.876569249171886,3.6963781698346314,6.876569249171886,8.921820951417006,0.0,5.732793522267206,0.0,0.0,0.0,0.08856930491484855,0.0,0.09112461431013695,0.75,0.911397142954098,0.08299595141700405,1.2387157730161786,1.568168234005027,"{""llm_generation_error"": 21, ""parse_fail"": 8, ""render_engine_error"": 10, ""success"": 473}"
baseline_0414_Qwen3-1.7B,7,0,512,64,0.955078125,1.0,0.0,6.852050827291324,3.597177924645667,6.852050827291324,8.927635105657805,0.0,5.562372188139059,0.0,0.0,0.0,0.09587321759487447,0.0,0.09626700857973257,0.75,0.9203843020534295,0.06134969325153374,1.2971696551643368,1.5728153458706917,"{""llm_generation_error"": 21, ""parse_fail"": 8, ""render_engine_error"": 15, ""success"": 468}"
baseline_0414_Qwen3-1.7B,8,0,512,64,0.884765625,1.0,0.0,6.8655885811760005,3.665722916845154,6.8655885811760005,8.890628366445918,0.0,5.655629139072848,0.0,0.0,0.0,0.0952125960670382,0.0,0.09937551152285032,0.828125,0.8688893657398603,0.1346578366445916,1.3975678896154036,1.8787222837886084,"{""llm_generation_error"": 18, ""parse_fail"": 9, ""render_engine_error"": 50, ""success"": 435}"
baseline_0414_Qwen3-1.7B,9,0,512,64,0.931640625,1.0,0.0,6.89605513626834,3.5712748580132243,6.89605513626834,8.963347763801538,0.0,5.870020964360587,0.0,0.0,0.0,0.07774074344860354,0.0,0.08384738554064591,0.734375,0.9171689650623281,0.1111111111111111,1.0125048174475302,1.5165597199057406,"{""llm_generation_error"": 13, ""parse_fail"": 5, ""render_engine_error"": 30, ""success"": 464}"
baseline_0414_Qwen3-1.7B,10,0,512,64,0.916015625,1.0,0.0,6.939454661756154,3.5867121036956067,6.939454661756154,8.956342075337599,0.0,5.8294243070362475,0.0,0.0,0.0,0.08257664402040762,0.0,0.08599990120468101,0.828125,0.8746062442411667,0.13219616204690832,1.1007550107840047,1.4043498781378434,"{""llm_generation_error"": 15, ""parse_fail"": 9, ""render_engine_error"": 34, ""success"": 454}"
baseline_0414_Qwen3-1.7B,11,0,512,64,0.94140625,1.0,0.0,7.076511863447752,3.9347265583448507,7.076511863447752,8.983286964038728,0.0,5.91701244813278,0.0,0.0,0.0,0.09157993121203574,0.0,0.09816150990827677,0.796875,0.891763192175451,0.12655601659751037,1.1267942709770677,1.6264759590880595,"{""llm_generation_error"": 15, ""parse_fail"": 4, ""render_engine_error"": 26, ""success"": 467}"
baseline_0414_Qwen3-1.7B,12,0,512,64,0.91796875,1.0,0.0,7.303858452611219,4.237555268332233,7.303858452611219,9.02356319148936,0.0,6.05531914893617,0.0,0.0,0.0,0.11292399947559503,0.0,0.11460907979846285,0.703125,0.8787944758205218,0.12127659574468085,1.068563325031262,1.689101576444632,"{""llm_generation_error"": 12, ""parse_fail"": 9, ""render_engine_error"": 33, ""success"": 458}"
baseline_0414_Qwen3-1.7B,13,0,512,64,0.8984375,1.0,0.0,7.281944822134395,4.269734533575607,7.281944822134395,8.987551014492754,0.0,6.126086956521739,0.0,0.0,0.0,0.09747394417665328,0.0,0.09999523739981454,0.71875,0.8739716657013282,0.1,1.0948745405577238,1.602683964809591,"{""llm_generation_error"": 13, ""parse_fail"": 9, ""render_engine_error"": 43, ""success"": 447}"
baseline_0414_Qwen3-1.7B,14,0,512,64,0.953125,1.0,0.0,7.469157451564829,4.440972152215966,7.469157451564829,9.095777732240435,0.0,6.311475409836065,0.0,0.0,0.0,0.10164403200698531,0.0,0.1035655416008259,0.71875,0.8630262551089545,0.1290983606557377,0.8141489669624409,1.3283861884838597,"{""llm_generation_error"": 9, ""parse_fail"": 9, ""render_engine_error"": 15, ""success"": 479}"
baseline_0414_Qwen3-1.7B,15,0,512,64,0.962890625,1.0,0.0,7.620498930481282,4.727019138809176,7.620498930481282,9.120509026369168,0.0,6.389452332657201,0.0,0.0,0.0,0.11810941362034551,0.0,0.12361112634144679,0.765625,0.8704914602642118,0.13387423935091278,0.6096097487713655,1.4901414168275284,"{""llm_generation_error"": 3, ""parse_fail"": 7, ""render_engine_error"": 12, ""success"": 490}"
baseline_0414_Qwen3-1.7B,16,0,512,64,0.892578125,1.0,0.0,7.587952337378168,4.549226230766876,7.587952337378168,9.148299197665938,0.0,6.516411378555799,0.0,0.0,0.0,0.09938478888403464,0.0,0.10325058693677483,0.75,0.8635016363913851,0.13129102844638948,0.7439424716118083,1.4944591097864048,"{""llm_generation_error"": 6, ""parse_fail"": 10, ""render_engine_error"": 45, ""success"": 451}"
baseline_0414_Qwen3-1.7B,17,0,512,64,0.916015625,1.0,0.0,7.583471777476257,4.710618440101085,7.583471777476257,9.102747299218192,0.0,6.37953091684435,0.0,0.0,0.0,0.11514422351039535,0.0,0.11722275811114094,0.765625,0.8891876025779173,0.11513859275053305,0.7931087173716711,1.3965690222160712,"{""llm_generation_error"": 7, ""parse_fail"": 5, ""render_engine_error"": 38, ""success"": 462}"
baseline_0414_Qwen3-1.7B,18,0,512,64,0.875,1.0,0.0,7.576876724837662,4.637062851666992,7.576876724837662,9.101320126488094,0.0,6.375,0.0,0.0,0.0,0.12490040285706758,0.0,0.1298029053245371,0.734375,0.8605316543494445,0.12946428571428573,0.7242724450748134,1.3236426574044273,"{""llm_generation_error"": 7, ""parse_fail"": 6, ""render_engine_error"": 58, ""success"": 441}"
baseline_0414_Qwen3-1.7B,19,0,512,64,0.89453125,1.0,0.0,7.512696824136564,4.460335221118325,7.512696824136564,9.117345924308587,0.0,6.489082969432315,0.0,0.0,0.0,0.10576954902535628,0.0,0.10588472269789181,0.6875,0.8786118167667865,0.09606986899563319,0.8986542981425898,1.5471688854750512,"{""llm_generation_error"": 9, ""parse_fail"": 6, ""render_engine_error"": 48, ""success"": 449}"
baseline_0414_Qwen3-1.7B,20,0,512,64,0.857421875,1.0,0.0,7.756935700973286,4.790149395650291,7.756935700973286,9.182893887623385,0.0,6.687927107061504,0.0,0.0,0.0,0.11590902968006205,0.0,0.11590902968006205,0.6875,0.8482019691237719,0.1571753986332574,0.708396208847212,1.3321673591141985,"{""llm_generation_error"": 7, ""parse_fail"": 10, ""render_engine_error"": 63, ""success"": 432}"
baseline_0414_Qwen3-1.7B,21,0,512,64,0.873046875,1.0,0.0,7.6695191986984,4.678541397146008,7.6695191986984,9.155788926174496,0.0,6.590604026845638,0.0,0.0,0.0,0.11600702294175247,0.0,0.11603883476120062,0.75,0.834828825901973,0.15212527964205816,0.4631987077105896,1.0616870260400502,"{""llm_generation_error"": 2, ""parse_fail"": 8, ""render_engine_error"": 57, ""success"": 445}"
baseline_0414_Qwen3-1.7B,22,0,512,64,0.87890625,1.0,0.0,7.567429131313135,4.418174669017006,7.567429131313135,9.135471925925925,0.0,6.484444444444445,0.0,0.0,0.0,0.10944006392285709,0.0,0.11009576944542906,0.71875,0.8496769371989453,0.13555555555555557,0.6455033901478828,1.2321058314007773,"{""llm_generation_error"": 6, ""parse_fail"": 10, ""render_engine_error"": 52, ""success"": 444}"
baseline_0414_Qwen3-1.7B,23,0,512,64,0.826171875,1.0,0.0,7.681480743606274,4.810543916355894,7.681480743606274,9.104582308904646,0.0,6.57210401891253,0.0,0.0,0.0,0.11761418576223566,0.0,0.11895870082980886,0.71875,0.8097856647277868,0.12056737588652482,1.1560604820232132,1.9032137406635528,"{""llm_generation_error"": 11, ""parse_fail"": 11, ""render_engine_error"": 78, ""success"": 412}"
baseline_0414_Qwen3-1.7B,24,0,512,64,0.80859375,1.0,0.0,7.738941897233208,4.819367773696277,7.738941897233208,9.152633413848632,0.0,6.473429951690822,0.0,0.0,0.0,0.12869950937658503,0.0,0.12900030997735212,0.625,0.8542156229267932,0.14009661835748793,0.6884218382511129,1.5022371819780047,"{""llm_generation_error"": 5, ""parse_fail"": 9, ""render_engine_error"": 89, ""success"": 409}"
baseline_0414_Qwen3-1.7B,25,0,512,64,0.78515625,1.0,0.0,7.68909226594301,4.69970256347616,7.68909226594301,9.195964344941958,0.0,6.54726368159204,0.0,0.0,0.0,0.11122025181418863,0.0,0.11195164101253298,0.71875,0.8039972678422553,0.14925373134328357,0.5135958096017934,1.1472619863346185,"{""llm_generation_error"": 4, ""parse_fail"": 7, ""render_engine_error"": 103, ""success"": 398}"
baseline_0414_Qwen3-1.7B,26,0,512,64,0.900390625,1.0,0.0,7.753410352987572,4.84576425669947,7.753410352987572,9.147412834417931,0.0,6.4468546637744035,0.0,0.0,0.0,0.14181943455581322,0.0,0.14289079014481815,0.703125,0.8579580709495077,0.13665943600867678,0.5914084000045867,1.3505845153045537,"{""llm_generation_error"": 4, ""parse_fail"": 8, ""render_engine_error"": 43, ""success"": 457}"
baseline_0414_Qwen3-1.7B,27,0,512,64,0.841796875,1.0,0.0,7.827235351191736,4.867132354499181,7.827235351191736,9.291733488012374,0.0,6.6914153132250584,0.0,0.0,0.0,0.12195456547322016,0.0,0.12236105076408635,0.734375,0.8565654237249529,0.11136890951276102,0.4019378007341301,1.301598130822298,"{""parse_fail"": 6, ""render_engine_error"": 75, ""success"": 431}"
baseline_0414_Qwen3-1.7B,28,0,512,64,0.826171875,1.0,0.0,7.784278422523105,4.734545537849629,7.784278422523105,9.202619188337271,0.0,6.591016548463357,0.0,0.0,0.0,0.11358835902490898,0.0,0.1137227156292382,0.765625,0.8114809138224695,0.14184397163120568,0.4817287299628245,1.3605143110779785,"{""llm_generation_error"": 2, ""parse_fail"": 7, ""render_engine_error"": 82, ""success"": 421}"
baseline_0414_Qwen3-1.7B,29,0,512,64,0.896484375,1.0,0.0,7.680212002376709,4.5766784390618405,7.680212002376709,9.158820043572984,0.0,6.444444444444445,0.0,0.0,0.0,0.1158455390685503,0.0,0.1158455390685503,0.78125,0.8262636025333316,0.15468409586056645,0.6546541167304295,1.2359167201712302,"{""llm_generation_error"": 6, ""parse_fail"": 7, ""render_engine_error"": 46, ""success"": 453}"
baseline_0414_Qwen3-1.7B,30,0,512,64,0.857421875,1.0,0.0,7.784806771588324,4.732418883497624,7.784806771588324,9.245190546697037,0.0,6.637813211845103,0.0,0.0,0.0,0.1135507530049287,0.0,0.11409908924042148,0.765625,0.8319460466678678,0.17312072892938496,0.4652512496563644,1.2509574071246259,"{""llm_generation_error"": 3, ""parse_fail"": 14, ""render_engine_error"": 59, ""success"": 436}"
baseline_0414_Qwen3-1.7B,31,0,512,64,0.8125,1.0,0.0,7.784527010489512,4.813651828798344,7.784527010489512,9.217105608974359,0.0,6.5048076923076925,0.0,0.0,0.0,0.12791379844654138,0.0,0.12801970505989324,0.6875,0.806236538750242,0.14903846153846154,0.507842409198303,1.1415911171028736,"{""llm_generation_error"": 3, ""parse_fail"": 4, ""render_engine_error"": 92, ""success"": 413}"
baseline_0414_Qwen3-1.7B,32,0,512,64,0.744140625,1.0,0.0,7.72705103793844,4.562670855392672,7.72705103793844,9.198499956255468,0.0,6.545931758530184,0.0,0.0,0.0,0.11412109797007387,0.0,0.11425636532675353,0.71875,0.8262575157698172,0.13648293963254593,0.6033592272653565,1.2950756234069787,"{""llm_generation_error"": 4, ""parse_fail"": 8, ""render_engine_error"": 123, ""success"": 377}"
baseline_0414_Qwen3-1.7B,33,0,512,64,0.947265625,1.0,0.0,7.802098781630733,4.950026304940288,7.802098781630733,9.201442268041236,0.0,6.606185567010309,0.0,0.0,0.0,0.11944554874097411,0.0,0.11944578351390206,0.671875,0.8569455688156608,0.12989690721649486,0.8407979591610731,1.9944398570256947,"{""llm_generation_error"": 6, ""parse_fail"": 13, ""render_engine_error"": 14, ""success"": 479}"
baseline_0414_Qwen3-1.7B,34,0,512,64,0.875,1.0,0.0,7.852646347402596,5.040204775402159,7.852646347402596,9.23844538690476,0.0,6.571428571428571,0.0,0.0,0.0,0.13697432152575512,0.0,0.13701823218291703,0.671875,0.8554228408913928,0.15178571428571427,0.5915178442063271,1.4467656871913666,"{""llm_generation_error"": 3, ""parse_fail"": 7, ""render_engine_error"": 57, ""success"": 445}"
baseline_0414_Qwen3-1.7B,35,0,512,64,0.880859375,1.0,0.0,7.8699330376940155,4.908332065511226,7.8699330376940155,9.285823281596452,0.0,6.8337028824833705,0.0,0.0,0.0,0.11007769550299834,0.0,0.11154817533772224,0.703125,0.8364054625238522,0.1352549889135255,0.45477160415788104,1.195956767256521,"{""llm_generation_error"": 2, ""parse_fail"": 11, ""render_engine_error"": 50, ""success"": 449}"
baseline_0414_Qwen3-1.7B,36,0,512,64,0.84375,1.0,0.0,7.7624449074074,4.619971049033499,7.7624449074074,9.293340354938271,0.0,6.851851851851852,0.0,0.0,0.0,0.09512733398678914,0.0,0.09512733398678914,0.703125,0.8384615543664133,0.15046296296296297,0.5011114231096044,1.178022477342016,"{""llm_generation_error"": 3, ""parse_fail"": 5, ""render_engine_error"": 75, ""success"": 429}"
baseline_0414_Qwen3-1.7B,37,0,512,64,0.982421875,1.0,0.0,7.794430110247613,4.670984352874993,7.794430110247613,9.271100662690523,0.0,6.648111332007952,0.0,0.0,0.0,0.11348673479078114,0.0,0.11496761326379702,0.703125,0.838375066448777,0.1848906560636183,0.4435153959015916,1.2111607729373894,"{""llm_generation_error"": 2, ""parse_fail"": 9, ""success"": 501}"
baseline_0414_Qwen3-1.7B,38,0,512,64,0.814453125,1.0,0.0,7.9730786788750825,5.076978142858671,7.9730786788750825,9.276583493205434,0.0,6.824940047961631,0.0,0.0,0.0,0.12837082266460506,0.0,0.1304357905004386,0.703125,0.7962590828126866,0.15587529976019185,0.533974250664615,1.261977163171781,"{""llm_generation_error"": 3, ""parse_fail"": 9, ""render_engine_error"": 86, ""success"": 414}"
baseline_0414_Qwen3-1.7B,39,0,512,64,0.880859375,1.0,0.0,7.949142007659744,5.07921223249267,7.949142007659744,9.237506836659273,0.0,6.687361419068736,0.0,0.0,0.0,0.12467744882949065,0.0,0.12467744882949065,0.75,0.8256120469280914,0.14412416851441243,0.6015097346498323,1.3527937785748938,"{""llm_generation_error"": 4, ""parse_fail"": 5, ""render_engine_error"": 56, ""success"": 447}"
baseline_0414_Qwen3-1.7B,40,0,512,64,0.8828125,1.0,0.0,7.836141874497185,4.855474260850727,7.836141874497185,9.279055088495573,0.0,6.721238938053097,0.0,0.0,0.0,0.1193037902291518,0.0,0.11953317851003514,0.671875,0.8404641437282167,0.1172566371681416,0.6341379033894732,1.513748064361906,"{""llm_generation_error"": 3, ""parse_fail"": 10, ""render_engine_error"": 50, ""success"": 449}"
baseline_0414_Qwen3-1.7B,41,0,512,64,0.8046875,1.0,0.0,7.948957811120918,5.077926024244756,7.948957811120918,9.253510032362458,0.0,6.733009708737864,0.0,0.0,0.0,0.1263266349978603,0.0,0.12748600690248438,0.734375,0.8344770888232054,0.13349514563106796,0.7447572283140551,1.505628738215219,"{""llm_generation_error"": 5, ""parse_fail"": 10, ""render_engine_error"": 90, ""success"": 407}"
baseline_0414_Qwen3-1.7B,42,0,512,64,0.82421875,1.0,0.0,7.926694463593281,4.9951295590255835,7.926694463593281,9.271688665086886,0.0,6.872037914691943,0.0,0.0,0.0,0.11647649814054284,0.0,0.11799802570178686,0.71875,0.8102265687373206,0.15402843601895735,0.7029167646245351,1.6644881236409428,"{""llm_generation_error"": 5, ""parse_fail"": 8, ""render_engine_error"": 82, ""success"": 417}"
baseline_0414_Qwen3-1.7B,43,0,512,64,0.884765625,1.0,0.0,7.864394722054982,4.933676104131127,7.864394722054982,9.293700846210449,0.0,6.993377483443709,0.0,0.0,0.0,0.10397829918629772,0.0,0.10776650461737462,0.796875,0.8715638376924941,0.12141280353200883,0.9107624296710141,2.03001793493202,"{""llm_generation_error"": 6, ""parse_fail"": 10, ""render_engine_error"": 49, ""success"": 447}"
baseline_0414_Qwen3-1.7B,44,0,512,64,0.947265625,1.0,0.0,7.96935036551078,5.057040069227255,7.96935036551078,9.287795257731958,0.0,6.7917525773195875,0.0,0.0,0.0,0.12450535579399784,0.0,0.12450535579399784,0.640625,0.804226966795139,0.15257731958762888,0.44100526523260203,1.2776962212197485,"{""llm_generation_error"": 2, ""parse_fail"": 12, ""render_engine_error"": 15, ""success"": 483}"
baseline_0414_Qwen3-1.7B,45,0,512,64,0.947265625,1.0,0.0,7.903788828491092,4.738771970437044,7.903788828491092,9.287874020618554,0.0,6.783505154639175,0.0,0.0,0.0,0.11309363573258355,0.0,0.11309363573258355,0.625,0.8019958717150029,0.16288659793814433,0.4720391574350083,1.144527207365076,"{""llm_generation_error"": 3, ""parse_fail"": 6, ""render_engine_error"": 21, ""success"": 482}"
baseline_0414_Qwen3-1.7B,46,0,512,64,0.859375,1.0,0.0,8.039204462809918,5.240821117160106,8.039204462809918,9.284299090909089,0.0,6.827272727272727,0.0,0.0,0.0,0.13608189638049806,0.0,0.13608189638049806,0.828125,0.8063162624232132,0.15227272727272728,0.4930983261084718,1.1623988675871821,"{""llm_generation_error"": 3, ""parse_fail"": 14, ""render_engine_error"": 58, ""success"": 437}"
baseline_0414_Qwen3-1.7B,47,0,512,64,0.802734375,1.0,0.0,8.027742667551426,5.490319326077779,8.027742667551426,9.259904541768043,0.0,6.768856447688565,0.0,0.0,0.0,0.14526247141225362,0.0,0.14559956654357797,0.78125,0.788799199587568,0.15815085158150852,0.8019514447183884,1.714744695823416,"{""llm_generation_error"": 5, ""parse_fail"": 17, ""render_engine_error"": 84, ""success"": 406}"
baseline_0414_Qwen3-1.7B,48,0,512,64,0.921875,1.0,0.0,8.014315331278894,5.253597873199803,8.014315331278894,9.290616242937851,0.0,6.838983050847458,0.0,0.0,0.0,0.1319162848927864,0.0,0.1319162848927864,0.71875,0.8265983267465129,0.1673728813559322,0.5913895152309394,1.4129849536839174,"{""llm_generation_error"": 4, ""parse_fail"": 15, ""render_engine_error"": 25, ""success"": 468}"
baseline_0414_Qwen3-1.7B,49,0,512,64,0.859375,1.0,0.0,8.012183987603308,5.212289223756586,8.012183987603308,9.24979943181818,0.0,6.818181818181818,0.0,0.0,0.0,0.13288476531425208,0.0,0.13300135455973397,0.65625,0.811116338571374,0.14545454545454545,0.8028511069481206,1.4404818267521848,"{""llm_generation_error"": 7, ""parse_fail"": 10, ""render_engine_error"": 62, ""success"": 433}"
baseline_0414_Qwen3-1.7B,50,0,512,64,0.697265625,1.0,0.0,8.038607155589512,5.225318704493824,8.038607155589512,9.316811531279178,0.0,6.985994397759104,0.0,0.0,0.0,0.1254514127138524,0.0,0.1254514127138524,0.6875,0.8089239405889341,0.15406162464985995,0.4848736441646635,1.2666695100403713,"{""llm_generation_error"": 3, ""parse_fail"": 13, ""render_engine_error"": 142, ""success"": 354}"
baseline_0414_Qwen3-1.7B,51,0,512,64,0.822265625,1.0,0.0,7.971471669185918,5.14654340041647,7.971471669185918,9.300627593032461,0.0,6.89311163895487,0.0,0.0,0.0,0.11597054830663171,0.0,0.11598724795395746,0.671875,0.8516161151952916,0.14489311163895488,0.7182249021130268,1.6885459692247877,"{""llm_generation_error"": 5, ""parse_fail"": 7, ""render_engine_error"": 84, ""success"": 416}"
baseline_0414_Qwen3-1.7B,52,0,512,64,0.92578125,1.0,0.0,8.047548139624086,5.232263082707139,8.047548139624086,9.357706047819972,0.0,7.0210970464135025,0.0,0.0,0.0,0.1273910641356954,0.0,0.1273910641356954,0.6875,0.8688111415888917,0.14767932489451477,0.5494203602901032,1.5141462499557212,"{""llm_generation_error"": 3, ""parse_fail"": 13, ""render_engine_error"": 25, ""success"": 471}"
baseline_0414_Qwen3-1.7B,53,0,512,64,0.662109375,1.0,0.0,8.043590828640376,5.130426720262004,8.043590828640376,9.30582605703048,0.0,6.943952802359882,0.0,0.0,0.0,0.13583640133313213,0.0,0.13680546254443088,0.6349206349206349,0.8111880703134128,0.1301775147928994,0.6486291509136553,1.3474278436731064,"{""llm_generation_error"": 4, ""parse_fail"": 13, ""render_engine_error"": 160, ""success"": 335}"
baseline_0414_Qwen3-1.7B,54,0,512,64,0.89453125,1.0,0.0,8.043165204446208,5.242218532250011,8.043165204446208,9.317127474526927,0.0,6.85589519650655,0.0,0.0,0.0,0.1427251420084366,0.0,0.1427251420084366,0.671875,0.8087755182516227,0.1331877729257642,0.6107176640033233,1.4959760204698525,"{""llm_generation_error"": 3, ""parse_fail"": 10, ""render_engine_error"": 44, ""success"": 455}"
baseline_0414_Qwen3-1.7B,55,0,512,64,0.748046875,1.0,0.0,8.182209684310465,5.561105746253383,8.182209684310465,9.394233855526544,0.0,7.096605744125326,0.0,0.0,0.0,0.13320812889623174,0.0,0.13320812889623174,0.71875,0.8031495056323378,0.1618798955613577,0.3755421220042868,1.355278372071819,"{""parse_fail"": 9, ""render_engine_error"": 120, ""success"": 383}"
baseline_0414_Qwen3-1.7B,56,0,512,64,0.873046875,1.0,0.0,8.075702582875737,5.189115644263791,8.075702582875737,9.369697837434748,0.0,7.087248322147651,0.0,0.0,0.0,0.10646576385535703,0.0,0.10703008154171953,0.703125,0.8264356927530412,0.12304250559284116,0.39929052081810856,1.3139032449408818,"{""llm_generation_error"": 1, ""parse_fail"": 16, ""render_engine_error"": 49, ""success"": 446}"
baseline_0414_Qwen3-1.7B,57,0,512,64,0.80078125,1.0,0.0,8.099664478935694,5.194635697293869,8.099664478935694,9.372840162601625,0.0,7.117073170731707,0.0,0.0,0.0,0.10718301109344136,0.0,0.10718301109344136,0.75,0.8154017782851964,0.16097560975609757,0.7396972961384218,1.946408931006816,"{""llm_generation_error"": 3, ""parse_fail"": 10, ""render_engine_error"": 92, ""success"": 407}"
baseline_0414_Qwen3-1.7B,58,0,512,64,0.75,1.0,0.0,8.009836387310605,4.9478737780429265,8.009836387310605,9.330403168402775,0.0,7.020833333333333,0.0,0.0,0.0,0.09861094523693718,0.0,0.09868356757362522,0.71875,0.7911533569387117,0.13541666666666666,0.7596010112586228,1.6558985930460257,"{""llm_generation_error"": 5, ""parse_fail"": 11, ""render_engine_error"": 117, ""success"": 379}"
baseline_0414_Qwen3-1.7B-Base,1,0,512,64,0.955078125,1.0,0.0,4.9114813348206,1.909734077127051,4.9114813348206,7.490237934560329,0.0,4.159509202453988,0.0,0.0,0.0,0.06724698287077467,0.0,0.06794688500827657,0.734375,0.8811532801669548,0.1390593047034765,2.6378381778379283,1.7449198519483726,"{""llm_generation_error"": 109, ""parse_fail"": 2, ""render_engine_error"": 21, ""success"": 380}"
baseline_0414_Qwen3-1.7B-Base,2,0,512,64,0.943359375,1.0,0.0,4.846143308865053,1.8186217617441556,4.846143308865053,7.445051552795032,0.0,4.231884057971015,0.0,0.0,0.0,0.06276305004394257,0.0,0.06485565494482638,0.640625,0.8922300339592262,0.14078674948240166,2.8587203157761487,1.701106375409137,"{""llm_generation_error"": 115, ""parse_fail"": 4, ""render_engine_error"": 25, ""success"": 368}"
baseline_0414_Qwen3-1.7B-Base,3,0,512,64,0.95703125,1.0,0.0,5.061086307977735,1.953859043356267,5.061086307977735,7.680018775510203,0.0,4.461224489795918,0.0,0.0,0.0,0.060723908618588035,0.0,0.06103035673261544,0.734375,0.9019278282909038,0.13877551020408163,2.5830523747335024,1.7956117790519015,"{""llm_generation_error"": 95, ""parse_fail"": 3, ""render_engine_error"": 19, ""success"": 395}"
baseline_0414_Qwen3-1.7B-Base,4,0,512,64,0.9375,1.0,0.0,5.2170659280303076,2.0000544629482246,5.2170659280303076,7.918613923611109,0.0,4.7375,0.0,0.0,0.0,0.05590967677364826,0.0,0.05608318651444586,0.734375,0.8411771397512017,0.19166666666666668,2.3795106231184824,1.8356982540627542,"{""llm_generation_error"": 76, ""parse_fail"": 6, ""render_engine_error"": 26, ""success"": 404}"
baseline_0414_Qwen3-1.7B-Base,5,0,512,64,0.98046875,1.0,0.0,5.0316241579137975,1.9655197151141048,5.0316241579137975,7.6366628818061075,0.0,4.386454183266932,0.0,0.0,0.0,0.06231697143427673,0.0,0.06271460048508806,0.8125,0.897868928344361,0.1454183266932271,2.729843980900185,1.9762652933394071,"{""llm_generation_error"": 104, ""parse_fail"": 1, ""render_engine_error"": 9, ""success"": 398}"
baseline_0414_Qwen3-1.7B-Base,6,0,512,64,0.943359375,1.0,0.0,5.39503711650668,2.1144151704130056,5.39503711650668,8.121405175983435,0.0,4.786749482401656,0.0,0.0,0.0,0.05961884049393591,0.0,0.062133110624408905,0.8125,0.8409452811327711,0.17805383022774326,3.9497518225674857,1.8663099316741492,"{""judge_fail"": 1, ""llm_generation_error"": 69, ""parse_fail"": 4, ""render_engine_error"": 24, ""success"": 414}"
baseline_0414_Qwen3-1.7B-Base,7,0,512,64,0.9453125,1.0,0.0,5.132538392186325,1.986137280404584,5.132538392186325,7.76812479338843,0.0,4.413223140495868,0.0,0.0,0.0,0.06456443621269128,0.0,0.06473818707533134,0.8125,0.857444865004982,0.1756198347107438,2.587781198179016,1.8247987910906085,"{""llm_generation_error"": 89, ""parse_fail"": 2, ""render_engine_error"": 26, ""success"": 395}"
baseline_0414_Qwen3-1.7B-Base,8,0,512,64,0.943359375,1.0,0.0,5.329075964615098,2.087553726675356,5.329075964615098,8.010483298826777,0.0,4.811594202898551,0.0,0.0,0.0,0.05549878307138654,0.0,0.05772104841029126,0.65625,0.8365152598550203,0.16770186335403728,2.008317214611446,1.479027386752749,"{""llm_generation_error"": 68, ""parse_fail"": 1, ""render_engine_error"": 28, ""success"": 415}"
baseline_0414_Qwen3-1.7B-Base,9,0,512,64,0.94140625,1.0,0.0,5.196225179177671,1.9403597931769436,5.196225179177671,7.925963312586444,0.0,4.680497925311204,0.0,0.0,0.0,0.05617130880083546,0.0,0.05647054986309989,0.78125,0.8820221807058912,0.16804979253112035,2.080002679033582,1.430335600304744,"{""llm_generation_error"": 75, ""parse_fail"": 10, ""render_engine_error"": 20, ""success"": 407}"
baseline_0414_Qwen3-1.7B-Base,10,0,512,64,0.953125,1.0,0.0,5.447724627421757,2.1523312443740563,5.447724627421757,8.131620833333335,0.0,4.741803278688525,0.0,0.0,0.0,0.062148697955173006,0.0,0.062148697955173006,0.765625,0.8611038088622268,0.1557377049180328,1.8754266066420073,1.4408889509832594,"{""llm_generation_error"": 58, ""parse_fail"": 6, ""render_engine_error"": 18, ""success"": 430}"
baseline_0414_Qwen3-1.7B-Base,11,0,512,64,0.9609375,1.0,0.0,5.480381541019952,2.171542217568429,5.480381541019952,8.186593800813007,0.0,5.048780487804878,0.0,0.0,0.0,0.053417029680232424,0.0,0.053698001102147515,0.703125,0.828483851096879,0.17682926829268292,1.7730462787687964,1.4714542281008676,"{""llm_generation_error"": 54, ""parse_fail"": 7, ""render_engine_error"": 13, ""success"": 438}"
baseline_0414_Qwen3-1.7B-Base,12,0,512,64,0.951171875,1.0,0.0,5.625387978346091,2.2428431967832476,5.625387978346091,8.322964887063657,0.0,4.981519507186858,0.0,0.0,0.0,0.059115229702917556,0.0,0.059115229702917556,0.78125,0.8528228977112815,0.17864476386036962,1.8587618715313108,1.5605307180428385,"{""llm_generation_error"": 51, ""parse_fail"": 3, ""render_engine_error"": 22, ""success"": 436}"
baseline_0414_Qwen3-1.7B-Base,13,0,512,64,0.9453125,1.0,0.0,5.637536701728031,2.2075508997423245,5.637536701728031,8.389719490358127,0.0,5.070247933884297,0.0,0.0,0.0,0.05527577931825286,0.0,0.05527577931825286,0.8125,0.8302773999096181,0.17355371900826447,1.4964168030387999,1.243483806926647,"{""llm_generation_error"": 43, ""parse_fail"": 6, ""render_engine_error"": 22, ""success"": 441}"
baseline_0414_Qwen3-1.7B-Base,14,0,512,64,0.96484375,1.0,0.0,5.773982591093121,2.4029156003812604,5.773982591093121,8.430945141700404,0.0,5.02834008097166,0.0,0.0,0.0,0.0637286321507764,0.0,0.06400687790115396,0.75,0.8630975029324646,0.16396761133603238,1.3831240973646175,1.4706915407618686,"{""llm_generation_error"": 37, ""parse_fail"": 2, ""render_engine_error"": 16, ""success"": 457}"
baseline_0414_Qwen3-1.7B-Base,15,0,512,64,0.951171875,1.0,0.0,5.822608194885198,2.4083375761301045,5.822608194885198,8.52317320328542,0.0,5.318275154004107,0.0,0.0,0.0,0.054184297712513804,0.0,0.054400858293664624,0.8125,0.8508413183542132,0.15811088295687886,1.3759171573875855,1.4050523415770333,"{""llm_generation_error"": 31, ""parse_fail"": 6, ""render_engine_error"": 19, ""success"": 456}"
baseline_0414_Qwen3-1.7B-Base,16,0,512,64,0.943359375,1.0,0.0,5.832887502352718,2.37133860755265,5.832887502352718,8.58027305037957,0.0,5.279503105590062,0.0,0.0,0.0,0.054033844177789295,0.0,0.054223150195053506,0.6875,0.8582109267102676,0.15527950310559005,1.3544085834743227,1.335131803007997,"{""llm_generation_error"": 32, ""parse_fail"": 4, ""render_engine_error"": 25, ""success"": 451}"
baseline_0414_Qwen3-1.7B-Base,17,0,512,64,0.947265625,1.0,0.0,5.876430084348647,2.4841402288971945,5.876430084348647,8.54888470790378,0.0,5.138144329896908,0.0,0.0,0.0,0.06036779073043282,0.0,0.06202439428918889,0.65625,0.862940567906183,0.17938144329896907,1.3331462350982315,1.520059116594288,"{""llm_generation_error"": 30, ""parse_fail"": 4, ""render_engine_error"": 23, ""success"": 455}"
baseline_0414_Qwen3-1.7B-Base,18,0,512,64,0.962890625,1.0,0.0,5.988825650009217,2.6072932641073114,5.988825650009217,8.651251352265044,0.0,5.22920892494929,0.0,0.0,0.0,0.06171025293539483,0.0,0.0619877149689987,0.796875,0.8238209131366777,0.13793103448275862,1.164769194537585,1.4709722660420697,"{""llm_generation_error"": 23, ""parse_fail"": 3, ""render_engine_error"": 16, ""success"": 470}"
baseline_0414_Qwen3-1.7B-Base,19,0,512,64,0.9609375,1.0,0.0,5.9798040465631965,2.4646690324741285,5.9798040465631965,8.729403624661247,0.0,5.40650406504065,0.0,0.0,0.0,0.0537511112267318,0.0,0.0537511112267318,0.703125,0.8386519198458091,0.15853658536585366,1.1976689359140233,1.2559452872635357,"{""llm_generation_error"": 26, ""parse_fail"": 4, ""render_engine_error"": 16, ""success"": 466}"
baseline_0414_Qwen3-1.7B-Base,20,0,512,64,0.96875,1.0,0.0,6.065214076246339,2.5935879851171872,6.065214076246339,8.761360215053763,0.0,5.463709677419355,0.0,0.0,0.0,0.05765099136194727,0.0,0.05765099136194727,0.75,0.8624307658574627,0.15725806451612903,1.1880678452160556,1.5068729717290075,"{""llm_generation_error"": 22, ""parse_fail"": 7, ""render_engine_error"": 9, ""success"": 474}"
baseline_0414_Qwen3-1.7B-Base,21,0,512,64,0.96875,1.0,0.0,6.0543940982404685,2.56352532304572,6.0543940982404685,8.738331384408601,0.0,5.318548387096774,0.0,0.0,0.0,0.05953346608989876,0.0,0.05953346608989876,0.84375,0.8720990455672764,0.14516129032258066,1.1687042906333387,1.377570027458712,"{""judge_fail"": 1, ""llm_generation_error"": 24, ""parse_fail"": 3, ""render_engine_error"": 12, ""success"": 472}"
baseline_0414_Qwen3-1.7B-Base,22,0,512,64,0.962890625,1.0,0.0,6.075255596533283,2.5818586527053182,6.075255596533283,8.76440537525355,0.0,5.168356997971602,0.0,0.0,0.0,0.0655272520785149,0.0,0.0655272520785149,0.765625,0.8773136629693533,0.15010141987829614,1.036428241488721,1.2335127093852218,"{""llm_generation_error"": 21, ""parse_fail"": 3, ""render_engine_error"": 16, ""success"": 472}"
baseline_0414_Qwen3-1.7B-Base,23,0,512,64,0.96875,1.0,0.0,6.316264717741935,2.833286748969355,6.316264717741935,8.92256058467742,0.0,5.471774193548387,0.0,0.0,0.0,0.061214719512585634,0.0,0.061214719512585634,0.828125,0.8666486392867498,0.14919354838709678,0.8463425427093462,1.3275616241105626,"{""llm_generation_error"": 13, ""parse_fail"": 1, ""render_engine_error"": 15, ""success"": 483}"
baseline_0414_Qwen3-1.7B-Base,24,0,512,64,0.982421875,1.0,0.0,6.234002114585208,2.821900415329578,6.234002114585208,8.850143704440027,0.0,5.2326043737574555,0.0,0.0,0.0,0.06992946267061992,0.0,0.06992946267061992,0.8125,0.8678858176756895,0.1272365805168986,0.9135687196587661,1.4165844536472754,"{""llm_generation_error"": 14, ""parse_fail"": 2, ""render_engine_error"": 7, ""success"": 489}"
baseline_0414_Qwen3-1.7B-Base,25,0,512,64,0.96484375,1.0,0.0,6.324620279720279,2.9070899318403365,6.324620279720279,8.907215452091767,0.0,5.445344129554656,0.0,0.0,0.0,0.06466318183030163,0.0,0.06466318183030163,0.828125,0.8863904637574183,0.12348178137651822,0.850822035647885,1.260301836958739,"{""llm_generation_error"": 13, ""parse_fail"": 7, ""render_engine_error"": 11, ""success"": 481}"
baseline_0414_Qwen3-1.7B-Base,26,0,512,64,0.978515625,1.0,0.0,6.290036690255855,2.8263434643150425,6.290036690255855,8.898999401197605,0.0,5.333333333333333,0.0,0.0,0.0,0.06768126477968224,0.0,0.06811349271010184,0.78125,0.8432482446796533,0.1536926147704591,0.7478972310063507,1.2523986168577779,"{""llm_generation_error"": 12, ""parse_fail"": 4, ""render_engine_error"": 7, ""success"": 489}"
baseline_0414_Qwen3-1.7B-Base,27,0,512,64,0.962890625,1.0,0.0,6.393254692974368,2.924490028114083,6.393254692974368,8.967248208248817,0.0,5.379310344827586,0.0,0.0,0.0,0.067850666424735,0.0,0.067850666424735,0.75,0.8644637173909985,0.13995943204868155,0.6841675383438819,1.1093690785398407,"{""llm_generation_error"": 9, ""parse_fail"": 8, ""render_engine_error"": 11, ""success"": 484}"
baseline_0414_Qwen3-1.7B-Base,28,0,512,64,0.974609375,1.0,0.0,6.372803716523961,2.8853903653457724,6.372803716523961,8.938650501002003,0.0,5.422845691382766,0.0,0.0,0.0,0.06645872040738354,0.0,0.06645872040738354,0.796875,0.8539155214857143,0.10020040080160321,0.667542712440217,1.3207968146313493,"{""llm_generation_error"": 6, ""parse_fail"": 3, ""render_engine_error"": 10, ""success"": 493}"
baseline_0414_Qwen3-1.7B-Base,29,0,512,64,0.97265625,1.0,0.0,6.424510076670321,2.9046749139175208,6.424510076670321,9.019567001338688,0.0,5.550200803212851,0.0,0.0,0.0,0.062134336049819286,0.0,0.06271486608882687,0.921875,0.9105964556938297,0.11646586345381527,0.6247246784999796,1.1022514023870449,"{""llm_generation_error"": 7, ""parse_fail"": 3, ""render_engine_error"": 11, ""success"": 491}"
baseline_0414_Qwen3-1.7B-Base,30,0,512,64,0.962890625,1.0,0.0,6.461773003872393,2.9378733986831302,6.461773003872393,9.018152467883704,0.0,5.703853955375253,0.0,0.0,0.0,0.057621305698288376,0.0,0.05767253746218318,0.75,0.8739497953505162,0.11967545638945233,0.7006079814988742,1.2587961268015642,"{""llm_generation_error"": 8, ""parse_fail"": 3, ""render_engine_error"": 16, ""success"": 485}"
baseline_0414_Qwen3-1.7B-Base,31,0,512,64,0.970703125,1.0,0.0,6.55185787451985,3.130267845496297,6.55185787451985,9.023510060362172,0.0,5.51307847082495,0.0,0.0,0.0,0.06958876365374057,0.0,0.06958876365374057,0.8125,0.9003919949865679,0.11066398390342053,0.626668105026296,1.169385236544628,"{""llm_generation_error"": 8, ""parse_fail"": 6, ""render_engine_error"": 9, ""success"": 489}"
baseline_0414_Qwen3-1.7B-Base,32,0,512,64,0.984375,1.0,0.0,6.518413816738817,3.0164938769495224,6.518413816738817,8.995068187830688,0.0,5.428571428571429,0.0,0.0,0.0,0.07304306756341314,0.0,0.07304306756341314,0.71875,0.875370724248965,0.1130952380952381,0.7102879126076111,1.2989047952154018,"{""llm_generation_error"": 9, ""parse_fail"": 1, ""render_engine_error"": 7, ""success"": 495}"
baseline_0414_Qwen3-1.7B-Base,33,0,512,64,0.982421875,1.0,0.0,6.652393927345017,3.2734393667930077,6.652393927345017,9.0409859509609,0.0,5.57455268389662,0.0,0.0,0.0,0.07678649126941699,0.0,0.07678649126941699,0.78125,0.8873197239169401,0.10536779324055666,0.6633991822306197,1.2818629744432106,"{""llm_generation_error"": 7, ""parse_fail"": 4, ""render_engine_error"": 5, ""success"": 496}"
baseline_0414_Qwen3-1.7B-Base,34,0,512,64,0.98046875,1.0,0.0,6.628080948931557,3.3426789614518935,6.628080948931557,8.982491035856574,0.0,5.49800796812749,0.0,0.0,0.0,0.07743749477947294,0.0,0.07785901973248856,0.796875,0.8752395998686933,0.11553784860557768,0.8195584908463022,1.3821676806264196,"{""llm_generation_error"": 10, ""parse_fail"": 5, ""render_engine_error"": 5, ""success"": 492}"
baseline_0414_Qwen3-1.7B-Base,35,0,512,64,0.95703125,1.0,0.0,6.736983970315397,3.277950885736404,6.736983970315397,9.14324612244898,0.0,5.702040816326531,0.0,0.0,0.0,0.07506386965952945,0.0,0.07506386965952945,0.734375,0.9056457161269194,0.10612244897959183,0.5016470794085974,1.241030008844122,"{""llm_generation_error"": 2, ""parse_fail"": 9, ""render_engine_error"": 13, ""success"": 488}"
baseline_0414_Qwen3-1.7B-Base,36,0,512,64,0.98046875,1.0,0.0,6.702028304961972,3.1926500636060875,6.702028304961972,9.149767695883135,0.0,5.745019920318725,0.0,0.0,0.0,0.06726690846854341,0.0,0.06726690846854341,0.828125,0.8988069018413722,0.10358565737051793,0.6025289591587121,1.3776450285479152,"{""llm_generation_error"": 4, ""parse_fail"": 7, ""render_engine_error"": 3, ""success"": 498}"
baseline_0414_Qwen3-1.7B-Base,37,0,512,64,0.978515625,1.0,0.0,6.728886898929414,3.265107870210669,6.728886898929414,9.121056453759149,0.0,5.704590818363274,0.0,0.0,0.0,0.06929220202252084,0.0,0.06929220202252084,0.890625,0.8564668662303891,0.11177644710578842,0.45721194824782874,1.0315022530629185,"{""llm_generation_error"": 3, ""parse_fail"": 4, ""render_engine_error"": 7, ""success"": 498}"
baseline_0414_Qwen3-1.7B-Base,38,0,512,64,0.96875,1.0,0.0,6.877178922287391,3.5065830145985837,6.877178922287391,9.134371034946236,0.0,5.806451612903226,0.0,0.0,0.0,0.07630024350711312,0.0,0.07630024350711312,0.75,0.9048816458436925,0.0967741935483871,0.6380800355971885,1.3337110810625843,"{""llm_generation_error"": 5, ""parse_fail"": 9, ""render_engine_error"": 7, ""success"": 491}"
baseline_0414_Qwen3-1.7B-Base,39,0,512,64,0.994140625,1.0,0.0,6.859236667262008,3.532583944546864,6.859236667262008,9.10368896529142,0.0,5.567779960707269,0.0,0.0,0.0,0.08893941588274482,0.0,0.08893941588274482,0.796875,0.9032731702614859,0.12573673870333987,0.5771979522138428,1.4722516866941824,"{""llm_generation_error"": 4, ""parse_fail"": 1, ""render_engine_error"": 2, ""success"": 505}"
baseline_0414_Qwen3-1.7B-Base,40,0,512,64,0.96484375,1.0,0.0,6.875323334560169,3.529676417106989,6.875323334560169,9.135393724696355,0.0,5.7854251012145745,0.0,0.0,0.0,0.07823972154234084,0.0,0.07843495260318142,0.75,0.8853830506018444,0.0931174089068826,0.5887331531591647,1.3841976193596623,"{""llm_generation_error"": 4, ""parse_fail"": 13, ""render_engine_error"": 5, ""success"": 490}"
baseline_0414_Qwen3-1.7B-Base,41,0,512,64,0.97265625,1.0,0.0,6.929545783132537,3.5815860269667277,6.929545783132537,9.170198058902278,0.0,5.883534136546185,0.0,0.0,0.0,0.07710117768627851,0.0,0.07710117768627851,0.734375,0.911643030992778,0.0963855421686747,0.5936420032663455,1.517099699996257,"{""llm_generation_error"": 4, ""parse_fail"": 8, ""render_engine_error"": 6, ""success"": 494}"
baseline_0414_Qwen3-1.7B-Base,42,0,512,64,0.978515625,1.0,0.0,7.014827181999638,3.7921215473907157,7.014827181999638,9.111015502328677,0.0,5.688622754491018,0.0,0.0,0.0,0.09435360438610937,0.0,0.09442976387647942,0.796875,0.9046519900669145,0.08183632734530938,0.5576257344016513,1.3242527143583505,"{""llm_generation_error"": 3, ""parse_fail"": 3, ""render_engine_error"": 8, ""success"": 498}"
baseline_0414_Qwen3-1.7B-Base,43,0,512,64,0.986328125,1.0,0.0,6.987230387038708,3.7286344440821906,6.987230387038708,9.10596198019802,0.0,5.746534653465346,0.0,0.0,0.0,0.09245968079327434,0.0,0.09247606591670066,0.796875,0.8920675330369403,0.09306930693069307,0.6117489916993117,1.2811571639970265,"{""llm_generation_error"": 4, ""parse_fail"": 4, ""render_engine_error"": 3, ""success"": 501}"
baseline_0414_Qwen3-1.7B-Base,44,0,512,64,0.982421875,1.0,0.0,7.009954147840229,3.692958639748347,7.009954147840229,9.149296322067594,0.0,5.737574552683896,0.0,0.0,0.0,0.08766445467919226,0.0,0.08766445467919226,0.84375,0.9059969675899806,0.08548707753479125,0.45445829896340834,1.354646970560401,"{""llm_generation_error"": 1, ""parse_fail"": 4, ""render_engine_error"": 5, ""success"": 502}"
baseline_0414_Qwen3-1.7B-Base,45,0,512,64,0.982421875,1.0,0.0,7.060532333273084,3.7201757315540793,7.060532333273084,9.18470026507621,0.0,5.833001988071571,0.0,0.0,0.0,0.08886685526012984,0.0,0.08886685526012984,0.796875,0.906333864568668,0.09542743538767395,0.4902278448733014,1.2933399872637925,"{""llm_generation_error"": 2, ""parse_fail"": 2, ""render_engine_error"": 7, ""success"": 501}"
baseline_0414_Qwen3-1.7B-Base,46,0,512,64,0.966796875,1.0,0.0,7.152290431588616,3.927420501388815,7.152290431588616,9.146539191919192,0.0,5.717171717171717,0.0,0.0,0.0,0.10665498469059657,0.0,0.10665498469059657,0.734375,0.8801290481682446,0.09696969696969697,0.6033893008519606,1.4486138683820569,"{""llm_generation_error"": 3, ""parse_fail"": 9, ""render_engine_error"": 8, ""success"": 492}"
baseline_0414_Qwen3-1.7B-Base,47,0,512,64,0.9765625,1.0,0.0,7.32966354545455,4.216408053873431,7.32966354545455,9.198249833333334,0.0,5.776,0.0,0.0,0.0,0.11569305877622818,0.0,0.11569305877622818,0.828125,0.8802222917209747,0.106,0.43498496498750966,1.3378755731640666,"{""llm_generation_error"": 1, ""parse_fail"": 7, ""render_engine_error"": 5, ""success"": 499}"
baseline_0414_Qwen3-1.7B-Base,48,0,512,64,0.97265625,1.0,0.0,7.346170262869661,4.253790329693019,7.346170262869661,9.226847623828647,0.0,5.991967871485944,0.0,0.0,0.0,0.10967690005705073,0.0,0.10967690005705073,0.8125,0.8980457375086192,0.11044176706827309,0.47729650918304795,1.3110398445937173,"{""llm_generation_error"": 2, ""parse_fail"": 9, ""render_engine_error"": 5, ""success"": 496}"
baseline_0414_Qwen3-1.7B-Base,49,0,512,64,0.970703125,1.0,0.0,7.258976147795868,4.140224250807157,7.258976147795868,9.126030382293761,0.0,5.730382293762576,0.0,0.0,0.0,0.11806792127282828,0.0,0.11806792127282828,0.765625,0.8890962838918608,0.1227364185110664,0.6421606803020606,1.398872996397012,"{""llm_generation_error"": 5, ""parse_fail"": 5, ""render_engine_error"": 10, ""success"": 492}"
baseline_0414_Qwen3-1.7B-Base,50,0,512,64,0.978515625,1.0,0.0,7.3258841952458695,4.21050782423859,7.3258841952458695,9.188605389221557,0.0,6.0199600798403194,0.0,0.0,0.0,0.10554179584184491,0.0,0.10554179584184491,0.765625,0.8969707088997346,0.0998003992015968,0.6669123146673736,1.6347335833305863,"{""llm_generation_error"": 4, ""parse_fail"": 7, ""render_engine_error"": 4, ""success"": 497}"
baseline_0414_Qwen3-1.7B-Base,51,0,512,64,0.96875,1.0,0.0,7.417451026392959,4.174984868994228,7.417451026392959,9.23038064516129,0.0,6.096774193548387,0.0,0.0,0.0,0.10577339336343974,0.0,0.10577339336343974,0.609375,0.8635292057447833,0.08870967741935484,0.44221477074647536,1.0454604745253075,"{""llm_generation_error"": 3, ""parse_fail"": 4, ""render_engine_error"": 12, ""success"": 493}"
baseline_0414_Qwen3-1.7B-Base,52,0,512,64,0.958984375,1.0,0.0,7.4448682095908145,4.329892711068007,7.4448682095908145,9.244138900203666,0.0,6.04887983706721,0.0,0.0,0.0,0.1194195752467649,0.0,0.1194195752467649,0.796875,0.8671498280324297,0.11608961303462322,0.41999253517327784,1.1489140628421954,"{""llm_generation_error"": 1, ""parse_fail"": 13, ""render_engine_error"": 8, ""success"": 490}"
baseline_0414_Qwen3-1.7B-Base,53,0,512,64,0.94921875,1.0,0.0,7.494055686494572,4.378767858466165,7.494055686494572,9.225727606310013,0.0,6.020576131687243,0.0,0.0,0.0,0.12988721079177712,0.0,0.12988721079177712,0.71875,0.8713441273374928,0.1522633744855967,0.4636936526971078,1.2537769414718052,"{""llm_generation_error"": 2, ""parse_fail"": 8, ""render_engine_error"": 18, ""success"": 484}"
baseline_0414_Qwen3-1.7B-Base,54,0,512,64,0.9765625,1.0,0.0,7.456168254545462,4.334453971765183,7.456168254545462,9.2360418,0.0,6.044,0.0,0.0,0.0,0.11509525976741974,0.0,0.11509525976741974,0.796875,0.8918519551218101,0.092,0.49889099970355927,1.33432499679525,"{""llm_generation_error"": 2, ""parse_fail"": 6, ""render_engine_error"": 6, ""success"": 498}"
baseline_0414_Qwen3-1.7B-Base,55,0,512,64,0.97265625,1.0,0.0,7.548565918218327,4.5139165824961145,7.548565918218327,9.232611813922354,0.0,6.14859437751004,0.0,0.0,0.0,0.11641707547657255,0.0,0.11641707547657255,0.71875,0.8839521322086783,0.12449799196787148,0.5182879198923174,1.4046016573198712,"{""llm_generation_error"": 2, ""parse_fail"": 7, ""render_engine_error"": 7, ""success"": 496}"
baseline_0414_Qwen3-1.7B-Base,56,0,512,64,0.974609375,1.0,0.0,7.5434839861541265,4.262758010986801,7.5434839861541265,9.278451436205746,0.0,6.180360721442886,0.0,0.0,0.0,0.10801972121049529,0.0,0.10818885724363667,0.796875,0.8830841514812926,0.11422845691382766,0.37439476861977794,1.1528917485097157,"{""llm_generation_error"": 1, ""parse_fail"": 8, ""render_engine_error"": 5, ""success"": 498}"
baseline_0414_Qwen3-1.7B-Base,57,0,512,64,0.974609375,1.0,0.0,7.582679231189656,4.449340494826238,7.582679231189656,9.271819071476285,0.0,6.18436873747495,0.0,0.0,0.0,0.11365784468891658,0.0,0.11365784468891658,0.65625,0.858754885819503,0.13827655310621242,0.4719475009623361,1.4111018616796498,"{""llm_generation_error"": 1, ""parse_fail"": 8, ""render_engine_error"": 5, ""success"": 498}"
baseline_0414_Qwen3-1.7B-Base,58,0,512,64,0.962890625,1.0,0.0,7.517092126129447,4.170505696686012,7.517092126129447,9.28600087897228,0.0,6.239350912778905,0.0,0.0,0.0,0.10681632787866825,0.0,0.10681632787866825,0.734375,0.8510406550009064,0.14198782961460446,0.38498645274065185,1.0968421013705403,"{""llm_generation_error"": 1, ""parse_fail"": 4, ""render_engine_error"": 15, ""success"": 492}"
baseline_0414_Qwen3-1.7B-Base,59,0,512,64,0.95703125,1.0,0.0,7.733289628942485,4.769826474758925,7.733289628942485,9.279398333333335,0.0,6.183673469387755,0.0,0.0,0.0,0.13626672777355872,0.0,0.13626672777355872,0.71875,0.8741168319283481,0.11632653061224489,0.4571414898071674,1.1780103295362128,"{""llm_generation_error"": 2, ""parse_fail"": 13, ""render_engine_error"": 9, ""success"": 488}"
baseline_0414_Qwen3-1.7B-Base,60,0,512,64,0.9609375,1.0,0.0,7.660798780487801,4.574760929113822,7.660798780487801,9.261532181571814,0.0,6.195121951219512,0.0,0.0,0.0,0.12415464660865662,0.0,0.12415464660865662,0.625,0.8869539970351715,0.12601626016260162,0.42728245102460727,1.209217266296251,"{""llm_generation_error"": 1, ""parse_fail"": 10, ""render_engine_error"": 10, ""success"": 491}"
baseline_0414_Qwen3-1.7B-Base,61,0,512,64,0.9765625,1.0,0.0,7.716595890909088,4.562892098533676,7.716595890909088,9.292259133333333,0.0,6.384,0.0,0.0,0.0,0.1123321984223756,0.0,0.1123321984223756,0.625,0.8739063175517886,0.116,0.4517234249319934,1.2823939360347698,"{""llm_generation_error"": 2, ""parse_fail"": 11, ""render_engine_error"": 1, ""success"": 498}"
baseline_0414_Qwen3-1.7B-Base,62,0,512,64,0.94140625,1.0,0.0,7.7261735194266326,4.69407979314115,7.7261735194266326,9.293282157676348,0.0,6.340248962655601,0.0,0.0,0.0,0.1279047056079785,0.0,0.1279047056079785,0.765625,0.8490355816998097,0.14522821576763487,0.5018110048851213,1.3095557846167585,"{""llm_generation_error"": 2, ""parse_fail"": 8, ""render_engine_error"": 22, ""success"": 480}"
baseline_0414_Qwen3-1.7B-Base,63,0,512,64,0.96484375,1.0,0.0,7.751729481045262,4.697349259304009,7.751729481045262,9.311234143049932,0.0,6.4048582995951415,0.0,0.0,0.0,0.12635250667156567,0.0,0.12635250667156567,0.78125,0.8726418368469757,0.0951417004048583,0.48580638612151744,1.5045105745790517,"{""llm_generation_error"": 1, ""parse_fail"": 9, ""render_engine_error"": 9, ""success"": 493}"
baseline_0414_Qwen3-1.7B-Base,64,0,512,64,0.962890625,1.0,0.0,7.751690724691129,4.782379455537111,7.751690724691129,9.286078025693035,0.0,6.194726166328601,0.0,0.0,0.0,0.14340391225746987,0.0,0.14340391225746987,0.703125,0.8628745750302019,0.13793103448275862,0.4125766406429312,1.2233950585644853,"{""llm_generation_error"": 1, ""parse_fail"": 11, ""render_engine_error"": 8, ""success"": 492}"
baseline_0414_Qwen3-1.7B-Base,65,0,512,64,0.951171875,1.0,0.0,7.822713048347965,4.691994046955733,7.822713048347965,9.312893155373033,0.0,6.303901437371663,0.0,0.0,0.0,0.1338783597450371,0.0,0.1338783597450371,0.6875,0.852885314383438,0.13552361396303902,0.2628733199473003,0.9851141626341301,"{""parse_fail"": 13, ""render_engine_error"": 12, ""success"": 487}"
baseline_0414_Qwen3-1.7B-Base,66,0,512,64,0.95703125,1.0,0.0,7.740262430426715,4.497982251619094,7.740262430426715,9.301297448979591,0.0,6.326530612244898,0.0,0.0,0.0,0.11833103346684526,0.0,0.11833103346684526,0.703125,0.833662507610017,0.15918367346938775,0.31705590629882985,0.9648029666103449,"{""llm_generation_error"": 1, ""parse_fail"": 7, ""render_engine_error"": 15, ""success"": 489}"
baseline_0414_Qwen3-1.7B-Base,67,0,512,64,0.9609375,1.0,0.0,7.750001256467104,4.769100913036959,7.750001256467104,9.28116761517615,0.0,6.337398373983739,0.0,0.0,0.0,0.12623939847848628,0.0,0.12623939847848628,0.71875,0.8643351783590196,0.11382113821138211,0.4717967770074872,1.1589767926967618,"{""llm_generation_error"": 3, ""parse_fail"": 13, ""render_engine_error"": 7, ""success"": 489}"
baseline_0414_Qwen3-1.7B-Base,68,0,512,64,0.939453125,1.0,0.0,7.806594689094686,4.7230986238612225,7.806594689094686,9.329242030492031,0.0,6.453222453222454,0.0,0.0,0.0,0.12205580050335013,0.0,0.12205580050335013,0.765625,0.8306187573006654,0.14553014553014554,0.3849483795982656,1.1531584605568426,"{""llm_generation_error"": 1, ""parse_fail"": 6, ""render_engine_error"": 25, ""success"": 480}"
baseline_0414_Qwen3-1.7B-Base,69,0,512,64,0.94140625,1.0,0.0,7.8096529800075425,4.692965408370107,7.8096529800075425,9.348195055325036,0.0,6.551867219917012,0.0,0.0,0.0,0.11181709057748024,0.0,0.11181709057748024,0.78125,0.8644751241008086,0.12033195020746888,0.3184752871168564,1.189793385400469,"{""parse_fail"": 17, ""render_engine_error"": 13, ""success"": 482}"
baseline_0414_Qwen3-1.7B-Base,70,0,512,64,0.939453125,1.0,0.0,7.89973131733132,4.832085271025008,7.89973131733132,9.323797089397088,0.0,6.428274428274428,0.0,0.0,0.0,0.1383999076335681,0.0,0.1383999076335681,0.59375,0.8164935725490198,0.16632016632016633,0.3526212738352827,1.06447625897317,"{""llm_generation_error"": 1, ""parse_fail"": 8, ""render_engine_error"": 23, ""success"": 480}"
baseline_0414_Qwen3-1.7B-Base,71,0,512,64,0.953125,1.0,0.0,7.930282004470933,5.072448035553526,7.930282004470933,9.3131331284153,0.0,6.405737704918033,0.0,0.0,0.0,0.14392969081236093,0.0,0.14392969081236093,0.765625,0.8577477709682875,0.16188524590163936,0.455195572165425,1.4371773558340781,"{""llm_generation_error"": 1, ""parse_fail"": 7, ""render_engine_error"": 17, ""success"": 487}"
baseline_0414_Qwen3-1.7B-Base,72,0,512,64,0.951171875,1.0,0.0,7.9399687511666945,5.015825160632364,7.9399687511666945,9.326116563997262,0.0,6.59958932238193,0.0,0.0,0.0,0.12692836230572196,0.0,0.12692836230572196,0.671875,0.8137105614971044,0.1704312114989733,0.5023848938734846,1.3718933080595654,"{""llm_generation_error"": 2, ""parse_fail"": 8, ""render_engine_error"": 17, ""success"": 485}"
baseline_0414_Qwen3-1.7B-Base,73,0,512,64,0.931640625,1.0,0.0,7.994391728606822,5.263931494343519,7.994391728606822,9.329166107617052,0.0,6.532494758909853,0.0,0.0,0.0,0.14767060663341844,0.0,0.14767060663341844,0.703125,0.865530808395764,0.12159329140461216,0.4793330823709617,1.439938568048678,"{""llm_generation_error"": 2, ""parse_fail"": 11, ""render_engine_error"": 24, ""success"": 475}"
baseline_0414_Qwen3-1.7B-Base,74,0,512,64,0.947265625,1.0,0.0,7.996293139643862,5.108813847740727,7.996293139643862,9.37488793814433,0.0,6.701030927835052,0.0,0.0,0.0,0.13425850563673924,0.0,0.13425850563673924,0.703125,0.8156347501930492,0.1360824742268041,0.42411617776842964,1.5704947907354743,"{""parse_fail"": 9, ""render_engine_error"": 18, ""success"": 485}"
baseline_0414_Qwen3-1.7B-Base,75,0,512,64,0.919921875,1.0,0.0,7.910129685388914,4.7771340224519765,7.910129685388914,9.351692108987967,0.0,6.6369426751592355,0.0,0.0,0.0,0.11818136358231392,0.0,0.11818136358231392,0.6875,0.7942964431009396,0.16560509554140126,0.4358343468567383,1.1842444039603308,"{""llm_generation_error"": 2, ""parse_fail"": 9, ""render_engine_error"": 32, ""success"": 469}"
baseline_0414_Qwen3-4B,1,0,512,64,0.9375,1.0,0.0,6.834409128787893,3.9838625006094386,6.834409128787893,8.522284791666669,0.0,5.808333333333334,0.0,0.0,0.0,0.09909054755655286,0.0,0.10521332197023293,0.75,0.8830442810256827,0.11875,2.7837734213030507,2.7755562742156723,"{""llm_generation_error"": 53, ""parse_fail"": 9, ""render_engine_error"": 23, ""success"": 427}"
baseline_3_Qwen3-4B,1,0,512,64,0.974609375,1.0,0.0,5.907196866460197,3.520510573235599,5.907196866460197,7.482098730794923,0.0,5.05811623246493,0.0,0.0,0.0,nan,nan,nan,0.796875,0.9035960343760033,0.09018036072144289,4.533202140322676,4.477662597763209,"{""llm_generation_error"": 119, ""parse_fail"": 4, ""render_engine_error"": 9, ""success"": 380}"
baseline_3_Qwen3-4B,2,0,512,64,0.97265625,1.0,0.0,6.152437787513695,3.7342735916528587,6.152437787513695,7.6444960508701465,0.0,5.040160642570281,0.0,0.0,0.0,nan,nan,nan,0.734375,0.9136858233091377,0.0783132530120482,4.310183224652287,4.102262355695904,"{""llm_generation_error"": 109, ""parse_fail"": 5, ""render_engine_error"": 9, ""success"": 389}"
baseline_3_Qwen3-4B,3,0,512,64,0.912109375,1.0,0.0,6.564932937512167,3.835226411419786,6.564932937512167,8.178108672376874,0.0,5.80728051391863,0.0,0.0,0.0,nan,nan,nan,0.8125,0.9050172304179296,0.11349036402569593,3.0689406589682093,3.2354231574315158,"{""llm_generation_error"": 63, ""parse_fail"": 11, ""render_engine_error"": 34, ""success"": 404}"
baseline_3_Qwen3-4B,4,0,512,64,0.966796875,1.0,0.0,6.580866758494041,4.0365830918891135,6.580866758494041,8.101622727272728,0.0,5.644444444444445,0.0,0.0,0.0,nan,nan,nan,0.75,0.9057917219687522,0.08484848484848485,3.5837935028519783,3.6226015795149897,"{""llm_generation_error"": 77, ""parse_fail"": 8, ""render_engine_error"": 9, ""success"": 418}"
baseline_3_Qwen3-4B,5,0,512,64,0.95703125,1.0,0.0,6.870151224489806,4.223687184678166,6.870151224489806,8.401637789115645,0.0,6.106122448979592,0.0,0.0,0.0,nan,nan,nan,0.765625,0.8794363544854629,0.13877551020408163,2.5990256335734134,2.9134104925859434,"{""llm_generation_error"": 42, ""parse_fail"": 10, ""render_engine_error"": 12, ""success"": 448}"
baseline_3_Qwen3-4B,6,0,512,64,0.96484375,1.0,0.0,7.070965071770337,4.283787736682453,7.070965071770337,8.604765249662618,0.0,6.315789473684211,0.0,0.0,0.0,nan,nan,nan,0.75,0.8859792761508799,0.1437246963562753,1.7977923561790483,2.1399814395184067,"{""llm_generation_error"": 29, ""parse_fail"": 10, ""render_engine_error"": 8, ""success"": 465}"
baseline_3_Qwen3-4B,7,0,512,64,0.958984375,1.0,0.0,7.121587409738948,4.276171522569921,7.121587409738948,8.763473727087575,0.0,6.2973523421588595,0.0,0.0,0.0,nan,nan,nan,0.703125,0.8977455626250611,0.13441955193482688,1.633981435962485,2.3222075481551547,"{""llm_generation_error"": 25, ""parse_fail"": 11, ""render_engine_error"": 10, ""success"": 466}"
baseline_3_Qwen3-4B,8,0,512,64,0.986328125,1.0,0.0,7.332068334833488,4.399600332053006,7.332068334833488,8.842125280528053,0.0,6.601980198019802,0.0,0.0,0.0,nan,nan,nan,0.78125,0.8543841092489289,0.14455445544554454,1.447514927736756,1.8985994326896687,"{""llm_generation_error"": 20, ""parse_fail"": 5, ""render_engine_error"": 2, ""success"": 485}"
baseline_3_Qwen3-4B,9,0,512,64,0.92578125,1.0,0.0,7.217227023398547,4.104912069093399,7.217227023398547,8.935520991561182,0.0,6.413502109704641,0.0,0.0,0.0,nan,nan,nan,0.78125,0.8473436490598206,0.1518987341772152,1.0923062155865129,1.6703365332704854,"{""llm_generation_error"": 15, ""parse_fail"": 12, ""render_engine_error"": 26, ""success"": 459}"
baseline_3_Qwen3-4B,10,0,512,64,0.9765625,1.0,0.0,7.506104090909097,4.184742772689507,7.506104090909097,9.179024166666666,0.0,6.76,0.0,0.0,0.0,nan,nan,nan,0.6875,0.8389590022032754,0.148,0.7711047635661651,1.4093871380931091,"{""llm_generation_error"": 7, ""parse_fail"": 5, ""render_engine_error"": 7, ""success"": 493}"
baseline_3_Qwen3-4B,11,0,512,64,0.921875,1.0,0.0,7.528894183359019,4.457692876486813,7.528894183359019,9.15678622881356,0.0,6.627118644067797,0.0,0.0,0.0,nan,nan,nan,0.703125,0.8688617823825524,0.13771186440677965,1.049227563830884,1.7432061381500723,"{""llm_generation_error"": 11, ""parse_fail"": 8, ""render_engine_error"": 32, ""success"": 461}"
baseline_3_Qwen3-4B,12,0,512,64,0.935546875,1.0,0.0,7.589715790472577,4.609874458281276,7.589715790472577,9.134903444676409,0.0,6.697286012526096,0.0,0.0,0.0,nan,nan,nan,0.75,0.8628697196818913,0.1419624217118998,1.4600912748944106,2.1949285196256514,"{""llm_generation_error"": 17, ""parse_fail"": 11, ""render_engine_error"": 22, ""success"": 462}"
baseline_3_Qwen3-4B,13,0,512,64,0.935546875,1.0,0.0,7.523524691592333,4.305625996550264,7.523524691592333,9.202836325678497,0.0,6.546972860125261,0.0,0.0,0.0,nan,nan,nan,0.71875,0.8564625752806031,0.1315240083507307,0.8293012521832349,1.7215511615660424,"{""llm_generation_error"": 7, ""parse_fail"": 8, ""render_engine_error"": 25, ""success"": 472}"
baseline_3_Qwen3-4B,14,0,512,64,0.966796875,1.0,0.0,7.674196437098251,4.456260869161107,7.674196437098251,9.27373723905724,0.0,6.694949494949495,0.0,0.0,0.0,nan,nan,nan,0.65625,0.8284139118293509,0.15757575757575756,0.9411747706960475,1.82287217950124,"{""llm_generation_error"": 8, ""parse_fail"": 16, ""render_engine_error"": 1, ""success"": 487}"
baseline_3_Qwen3-4B,15,0,512,64,0.97265625,1.0,0.0,7.771853194596568,4.733566092951689,7.771853194596568,9.290800468540828,0.0,6.839357429718875,0.0,0.0,0.0,nan,nan,nan,0.75,0.8777706555942638,0.12449799196787148,0.9645853851973331,2.0887529885986007,"{""llm_generation_error"": 8, ""parse_fail"": 8, ""render_engine_error"": 6, ""success"": 490}"
baseline_3_Qwen3-4B,16,0,512,64,0.9296875,1.0,0.0,7.7507263177998516,4.69936871143881,7.7507263177998516,9.255603291316527,0.0,6.760504201680672,0.0,0.0,0.0,nan,nan,nan,0.65625,0.8526888152293884,0.14495798319327732,0.9386127343110742,1.8428041960049946,"{""llm_generation_error"": 8, ""parse_fail"": 13, ""render_engine_error"": 23, ""success"": 468}"
baseline_3_Qwen3-4B,17,0,512,64,0.88671875,1.0,0.0,7.875514076892259,4.9268088073119936,7.875514076892259,9.337855102790014,0.0,6.933920704845815,0.0,0.0,0.0,nan,nan,nan,0.796875,0.8752710927574298,0.1211453744493392,0.7382896367692212,1.70893635809932,"{""llm_generation_error"": 6, ""parse_fail"": 15, ""render_engine_error"": 43, ""success"": 448}"
baseline_3_Qwen3-4B,18,0,512,64,0.958984375,1.0,0.0,7.808513293834477,4.655927145585633,7.808513293834477,9.334786252545825,0.0,6.887983706720978,0.0,0.0,0.0,nan,nan,nan,0.65625,0.8445577682004314,0.13034623217922606,0.645236390282042,1.6087674958853941,"{""llm_generation_error"": 4, ""parse_fail"": 12, ""render_engine_error"": 9, ""success"": 487}"
baseline_3_Qwen3-4B,19,0,512,64,0.919921875,1.0,0.0,7.753787936691761,4.5347488861143805,7.753787936691761,9.340720205237083,0.0,6.798301486199575,0.0,0.0,0.0,nan,nan,nan,0.671875,0.8778083629260732,0.13800424628450106,0.7625959489521095,1.6618586836429257,"{""llm_generation_error"": 7, ""parse_fail"": 12, ""render_engine_error"": 29, ""success"": 464}"
baseline_3_Qwen3-4B,20,0,512,64,0.927734375,1.0,0.0,7.869213952153112,4.856795008806576,7.869213952153112,9.339558912280701,0.0,6.913684210526315,0.0,0.0,0.0,nan,nan,nan,0.640625,0.8275532916292014,0.12631578947368421,0.8372894609443667,1.8675683957888962,"{""llm_generation_error"": 6, ""parse_fail"": 14, ""render_engine_error"": 23, ""success"": 469}"
baseline_3_Qwen3-4B,21,0,512,64,0.947265625,1.0,0.0,7.877138425492035,4.849488824917841,7.877138425492035,9.30980532646048,0.0,6.828865979381443,0.0,0.0,0.0,nan,nan,nan,0.6875,0.8549823744922472,0.13402061855670103,0.872466755045577,1.8800359426119426,"{""llm_generation_error"": 8, ""parse_fail"": 8, ""render_engine_error"": 19, ""success"": 477}"
baseline_3_Qwen3-4B,22,0,512,64,0.8828125,1.0,0.0,7.745356194690269,4.557293526158217,7.745356194690269,9.319841814159291,0.0,6.898230088495575,0.0,0.0,0.0,nan,nan,nan,0.6875,0.8015435145141868,0.14601769911504425,0.7571539069999199,1.5705167356405851,"{""llm_generation_error"": 7, ""parse_fail"": 6, ""render_engine_error"": 54, ""success"": 445}"
baseline_3_Qwen3-4B,23,0,512,64,0.908203125,1.0,0.0,8.053850205278593,5.2111732064261,8.053850205278593,9.381162652329749,0.0,6.997849462365592,0.0,0.0,0.0,nan,nan,nan,0.6875,0.8267002615568673,0.1870967741935484,0.6322537917422206,1.473217774258911,"{""llm_generation_error"": 5, ""parse_fail"": 18, ""render_engine_error"": 29, ""success"": 460}"
baseline_3_Qwen3-4B,24,0,512,64,0.8359375,1.0,0.0,7.9768124893797765,5.033415691582785,7.9768124893797765,9.37629797507788,0.0,6.845794392523365,0.0,0.0,0.0,nan,nan,nan,0.734375,0.8424031108895152,0.11682242990654206,0.6704652408116145,1.5933917594164608,"{""llm_generation_error"": 4, ""parse_fail"": 10, ""render_engine_error"": 74, ""success"": 424}"
baseline_3_Qwen3-4B,25,0,512,64,0.841796875,1.0,0.0,7.867349103564648,4.8731917154501545,7.867349103564648,9.349420765661252,0.0,6.937354988399072,0.0,0.0,0.0,nan,nan,nan,0.75,0.8376042072093726,0.13225058004640372,0.5623055892296613,1.3330747097550524,"{""llm_generation_error"": 4, ""parse_fail"": 14, ""render_engine_error"": 67, ""success"": 427}"
baseline_3_Qwen3-4B,26,0,512,64,0.837890625,1.0,0.0,8.048217885145158,5.1868704841896225,8.048217885145158,9.386029603729602,0.0,6.895104895104895,0.0,0.0,0.0,nan,nan,nan,0.71875,0.8451233827340742,0.12354312354312354,0.4921309014796872,1.4315576464895208,"{""llm_generation_error"": 2, ""parse_fail"": 13, ""render_engine_error"": 70, ""success"": 427}"
baseline_3_Qwen3-4B,27,0,512,64,0.888671875,1.0,0.0,7.98737268731269,5.166331739863589,7.98737268731269,9.28912098901099,0.0,6.826373626373626,0.0,0.0,0.0,nan,nan,nan,0.734375,0.8397642562851106,0.13626373626373625,1.0174321051899486,1.698003305745606,"{""llm_generation_error"": 10, ""parse_fail"": 16, ""render_engine_error"": 41, ""success"": 445}"
baseline_3_Qwen3-4B,28,0,512,64,0.89453125,1.0,0.0,8.040002362048433,5.134266913516009,8.040002362048433,9.369371142649198,0.0,7.0174672489082965,0.0,0.0,0.0,nan,nan,nan,0.734375,0.8521680523231987,0.14847161572052403,0.6955000963639482,1.6186056051298183,"{""llm_generation_error"": 4, ""parse_fail"": 14, ""render_engine_error"": 40, ""success"": 454}"
baseline_3_Qwen3-4B,29,0,512,64,0.94140625,1.0,0.0,7.945349566201432,4.839738347475906,7.945349566201432,9.42090020746888,0.0,7.049792531120332,0.0,0.0,0.0,nan,nan,nan,0.6875,0.8622103526480218,0.13900414937759337,0.470641124369556,1.3846373079526046,"{""llm_generation_error"": 2, ""parse_fail"": 6, ""render_engine_error"": 24, ""success"": 480}"
baseline_3_Qwen3-4B,30,0,512,64,0.890625,1.0,0.0,8.031112480063795,5.0166042052539925,8.031112480063795,9.442456213450292,0.0,7.175438596491228,0.0,0.0,0.0,nan,nan,nan,0.65625,0.8294881534316854,0.1600877192982456,0.42113788315085243,1.3610118241262825,"{""llm_generation_error"": 1, ""parse_fail"": 10, ""render_engine_error"": 46, ""success"": 455}"
baseline_3_Qwen3-4B,31,0,512,64,0.830078125,1.0,0.0,8.03817591443851,5.077672269703413,8.03817591443851,9.403126431372549,0.0,7.134117647058823,0.0,0.0,0.0,nan,nan,nan,0.78125,0.8344504184401783,0.1388235294117647,0.7194226389438424,1.7312788397156127,"{""llm_generation_error"": 4, ""parse_fail"": 13, ""render_engine_error"": 74, ""success"": 421}"
baseline_3_Qwen3-4B,32,0,512,64,0.853515625,1.0,0.0,8.015703661327226,4.974813365071464,8.015703661327226,9.442977688787185,0.0,6.997711670480549,0.0,0.0,0.0,nan,nan,nan,0.71875,0.8662220356672534,0.12814645308924486,0.5271045301320946,1.804634173561274,"{""llm_generation_error"": 1, ""parse_fail"": 9, ""render_engine_error"": 66, ""success"": 436}"
baseline_3_Qwen3-4B,33,0,512,64,0.841796875,1.0,0.0,8.184611010335379,5.551687675801324,8.184611010335379,9.43292374323279,0.0,7.08584686774942,0.0,0.0,0.0,nan,nan,nan,0.75,0.8604618903723831,0.14385150812064965,0.3040730797912999,1.244534280765467,"{""parse_fail"": 12, ""render_engine_error"": 69, ""success"": 431}"
baseline_3_Qwen3-4B,34,0,512,64,0.865234375,1.0,0.0,8.20130447363021,5.535837807442192,8.20130447363021,9.460480323551542,0.0,7.128668171557562,0.0,0.0,0.0,nan,nan,nan,0.703125,0.8745451823392179,0.14221218961625282,0.3854048423026725,1.4535830069311793,"{""parse_fail"": 25, ""render_engine_error"": 44, ""success"": 443}"
baseline_3_Qwen3-4B,35,0,512,64,0.794921875,1.0,0.0,7.996337569801204,5.141002035132693,7.996337569801204,9.426946478296479,0.0,7.1547911547911545,0.0,0.0,0.0,nan,nan,nan,0.796875,0.8701530169892814,0.11056511056511056,0.8903951139077168,2.229474133065652,"{""llm_generation_error"": 4, ""parse_fail"": 18, ""render_engine_error"": 87, ""success"": 403}"
baseline_3_Qwen3-4B,36,0,512,64,0.8984375,1.0,0.0,8.067404189723321,4.996895848354065,8.067404189723321,9.474914927536233,0.0,7.221739130434782,0.0,0.0,0.0,nan,nan,nan,0.6875,0.8475864044618912,0.14565217391304347,0.5220921214255972,1.4688555299558224,"{""llm_generation_error"": 2, ""parse_fail"": 7, ""render_engine_error"": 45, ""success"": 458}"
baseline_3_Qwen3-4B,37,0,512,64,0.857421875,1.0,0.0,8.107777138123836,5.1940930505237946,8.107777138123836,9.492769855732726,0.0,7.29384965831435,0.0,0.0,0.0,nan,nan,nan,0.765625,0.8710824465206894,0.12984054669703873,0.47425012029409586,1.5926806879551756,"{""llm_generation_error"": 1, ""parse_fail"": 17, ""render_engine_error"": 56, ""success"": 438}"
baseline_3_Qwen3-4B,38,0,512,64,0.8125,1.0,0.0,8.352218706293703,5.690482562371818,8.352218706293703,9.47654358974359,0.0,7.3076923076923075,0.0,0.0,0.0,nan,nan,nan,0.59375,0.8624647980674849,0.13942307692307693,0.3627222345147821,1.369713185212597,"{""llm_generation_error"": 1, ""parse_fail"": 16, ""render_engine_error"": 80, ""success"": 415}"
baseline_3_Qwen3-4B,39,0,512,64,0.833984375,1.0,0.0,8.171508047690011,5.450783219721843,8.171508047690011,9.454751483216237,0.0,7.22248243559719,0.0,0.0,0.0,nan,nan,nan,0.78125,0.8633088864886224,0.15690866510538642,0.4642216346737564,1.7259036314308516,"{""parse_fail"": 10, ""render_engine_error"": 75, ""success"": 427}"
baseline_3_Qwen3-4B,40,0,512,64,0.751953125,1.0,0.0,8.159503494687131,5.4318923305703795,8.159503494687131,9.495886277056277,0.0,7.184415584415585,0.0,0.0,0.0,nan,nan,nan,0.75,0.8428538069608122,0.12727272727272726,0.4228911073727824,1.6018034206275924,"{""parse_fail"": 14, ""render_engine_error"": 113, ""success"": 385}"
baseline_3_Qwen3-4B,41,0,512,64,0.78515625,1.0,0.0,8.229654658525552,5.643492327862164,8.229654658525552,9.442882628524046,0.0,7.253731343283582,0.0,0.0,0.0,nan,nan,nan,0.875,0.8674609907840243,0.12437810945273632,0.5395125262616105,1.4243434564439983,"{""llm_generation_error"": 3, ""parse_fail"": 15, ""render_engine_error"": 95, ""success"": 399}"
baseline_3_Qwen3-4B,42,0,512,64,0.861328125,1.0,0.0,8.225333931148212,5.675111616314046,8.225333931148212,9.455629213907786,0.0,7.210884353741497,0.0,0.0,0.0,nan,nan,nan,0.6875,0.8713561821629514,0.12698412698412698,0.5529511519103171,1.8334541509478874,"{""llm_generation_error"": 1, ""parse_fail"": 23, ""render_engine_error"": 48, ""success"": 440}"
baseline_3_Qwen3-4B,43,0,512,64,0.80859375,1.0,0.0,8.269196288976723,5.569648900051278,8.269196288976723,9.503590942028985,0.0,7.454106280193237,0.0,0.0,0.0,nan,nan,nan,0.796875,0.8924778845321334,0.14009661835748793,0.5953494200187156,1.9661474569414958,"{""llm_generation_error"": 2, ""parse_fail"": 11, ""render_engine_error"": 87, ""success"": 412}"
baseline_3_Qwen3-4B,44,0,512,64,0.90625,1.0,0.0,8.238820963949845,5.6283264174831995,8.238820963949845,9.481552514367818,0.0,7.2844827586206895,0.0,0.0,0.0,nan,nan,nan,0.765625,0.8514584893694229,0.125,0.5565222144898126,1.9142954857461556,"{""llm_generation_error"": 1, ""parse_fail"": 16, ""render_engine_error"": 32, ""success"": 463}"
baseline_3_Qwen3-4B,45,0,512,64,0.72265625,1.0,0.0,8.226544324324326,5.336158316238556,8.226544324324326,9.491457387387387,0.0,7.286486486486487,0.0,0.0,0.0,nan,nan,nan,0.796875,0.8669143893750718,0.10540540540540541,0.4345218643617033,1.442684256309628,"{""llm_generation_error"": 1, ""parse_fail"": 12, ""render_engine_error"": 130, ""success"": 369}"
baseline_3_Qwen3-4B,46,0,512,64,0.83984375,1.0,0.0,8.27093416490486,5.786842930436697,8.27093416490486,9.480433565891472,0.0,7.362790697674418,0.0,0.0,0.0,nan,nan,nan,0.671875,0.8441046399489951,0.10930232558139535,0.8399037003743658,2.21416780393828,"{""llm_generation_error"": 3, ""parse_fail"": 23, ""render_engine_error"": 59, ""success"": 427}"
baseline_3_Qwen3-4B,47,0,512,64,0.732421875,1.0,0.0,8.380745381818176,6.124143261747838,8.380745381818176,9.497588755555554,0.0,7.450666666666667,0.0,0.0,0.0,nan,nan,nan,0.703125,0.8449012549749855,0.11466666666666667,0.540441339111631,1.844011823096326,"{""llm_generation_error"": 1, ""parse_fail"": 21, ""render_engine_error"": 116, ""success"": 374}"
baseline_3_Qwen3-4B,48,0,512,64,0.767578125,1.0,0.0,8.306215058986819,5.853595748154621,8.306215058986819,9.504354410517388,0.0,7.282442748091603,0.0,0.0,0.0,nan,nan,nan,0.765625,0.8095953434846701,0.15776081424936386,0.4379188865392047,1.52341164556244,"{""llm_generation_error"": 1, ""parse_fail"": 13, ""render_engine_error"": 106, ""success"": 392}"
baseline_3_Qwen3-4B,49,0,512,64,0.8125,1.0,0.0,8.336833500874125,5.936726897344489,8.336833500874125,9.496334174679488,0.0,7.3076923076923075,0.0,0.0,0.0,nan,nan,nan,0.71875,0.8320736424517416,0.14903846153846154,0.4460995497122105,1.682639217761188,"{""parse_fail"": 14, ""render_engine_error"": 82, ""success"": 416}"
baseline_3_Qwen3-4B,50,0,512,64,0.84375,1.0,0.0,8.393524053030301,6.014004956984904,8.393524053030301,9.557957677469135,0.0,7.569444444444445,0.0,0.0,0.0,nan,nan,nan,0.75,0.848775192679897,0.12731481481481483,0.4482494211281675,1.6463908626382813,"{""parse_fail"": 16, ""render_engine_error"": 64, ""success"": 432}"
baseline_3_Qwen3-4B,51,0,512,64,0.845703125,1.0,0.0,8.387926264959061,5.865867198920521,8.387926264959061,9.529135026943802,0.0,7.436489607390301,0.0,0.0,0.0,nan,nan,nan,0.78125,0.8600009330939588,0.15935334872979215,0.39210403872061816,1.5106490978102423,"{""llm_generation_error"": 1, ""parse_fail"": 20, ""render_engine_error"": 59, ""success"": 432}"
baseline_3_Qwen3-4B,52,0,512,64,0.69140625,1.0,0.0,8.2908678222907,5.809156192975601,8.2908678222907,9.5140486346516,0.0,7.327683615819209,0.0,0.0,0.0,nan,nan,nan,0.84375,0.8905129757834261,0.125,0.5424103333302877,1.9663604503333258,"{""llm_generation_error"": 1, ""parse_fail"": 14, ""render_engine_error"": 144, ""success"": 353}"
baseline_3_Qwen3-4B,53,0,512,64,0.794921875,1.0,0.0,8.404866428411886,6.091387200398823,8.404866428411886,9.517971744471744,0.0,7.395577395577396,0.0,0.0,0.0,nan,nan,nan,0.8125,0.8717662664429575,0.09828009828009827,0.49449281045853344,1.6438040311679578,"{""llm_generation_error"": 1, ""parse_fail"": 22, ""render_engine_error"": 83, ""success"": 406}"
baseline_3_Qwen3-4B,54,0,512,64,0.73046875,1.0,0.0,8.321573213417599,5.834200963972466,8.321573213417599,9.480281729055259,0.0,7.181818181818182,0.0,0.0,0.0,nan,nan,nan,0.796875,0.8911914325891778,0.12299465240641712,0.4801991601008104,1.5218629161591302,"{""llm_generation_error"": 2, ""parse_fail"": 12, ""render_engine_error"": 126, ""success"": 372}"
baseline_3_Qwen3-4B,55,0,512,64,0.84765625,1.0,0.0,8.425132551319646,6.095895454895041,8.425132551319646,9.545653917050691,0.0,7.493087557603687,0.0,0.0,0.0,nan,nan,nan,0.765625,0.8965677087776367,0.1152073732718894,0.4504513088084597,1.8741439410174778,"{""parse_fail"": 20, ""render_engine_error"": 58, ""success"": 434}"
baseline_3_Qwen3-4B,56,0,512,64,0.759765625,1.0,0.0,8.357217994858605,5.77980651618662,8.357217994858605,9.539004198800342,0.0,7.4910025706940875,0.0,0.0,0.0,nan,nan,nan,0.765625,0.8628554174375609,0.11825192802056556,0.5495450423488929,1.8770453185226577,"{""llm_generation_error"": 1, ""parse_fail"": 31, ""render_engine_error"": 92, ""success"": 388}"
baseline_3_Qwen3-4B,57,0,512,64,0.734375,1.0,0.0,8.322780246615084,5.769004851858382,8.322780246615084,9.545531515957448,0.0,7.473404255319149,0.0,0.0,0.0,nan,nan,nan,0.796875,0.8789386894350821,0.10106382978723404,0.5597844704054951,2.0958485737056667,"{""llm_generation_error"": 1, ""parse_fail"": 18, ""render_engine_error"": 118, ""success"": 375}"
baseline_3_Qwen3-4B,58,0,512,64,0.78515625,1.0,0.0,8.364894549977393,5.861663661802685,8.364894549977393,9.548948466003315,0.0,7.447761194029851,0.0,0.0,0.0,nan,nan,nan,0.796875,0.8728755310760797,0.11194029850746269,0.3847010416177831,1.610635442845871,"{""parse_fail"": 25, ""render_engine_error"": 85, ""success"": 402}"
baseline_3_Qwen3-4B,59,0,512,64,0.701171875,1.0,0.0,8.483366523170423,6.283243046076234,8.483366523170423,9.568855338904365,0.0,7.727019498607242,0.0,0.0,0.0,nan,nan,nan,0.765625,0.8753091671439774,0.1309192200557103,0.6468470638289643,2.0744087196697443,"{""llm_generation_error"": 2, ""parse_fail"": 27, ""render_engine_error"": 126, ""success"": 357}"
baseline_3_Qwen3-4B,60,0,512,64,0.78515625,1.0,0.0,8.477781727725008,6.260817183847758,8.477781727725008,9.539904975124378,0.0,7.507462686567164,0.0,0.0,0.0,nan,nan,nan,0.859375,0.854562865814256,0.1517412935323383,0.38421739032891583,1.5166918746628586,"{""parse_fail"": 17, ""render_engine_error"": 93, ""success"": 402}"
baseline_3_Qwen3-4B,61,0,512,64,0.73828125,1.0,0.0,8.448137469937464,6.091918069513568,8.448137469937464,9.538516578483245,0.0,7.481481481481482,0.0,0.0,0.0,nan,nan,nan,0.796875,0.8250103943411219,0.15343915343915343,0.35453361150288726,1.5533211880074502,"{""parse_fail"": 19, ""render_engine_error"": 115, ""success"": 378}"
baseline_3_Qwen3-4B,62,0,512,64,0.8125,1.0,0.0,8.432050305944054,6.060498158478377,8.432050305944054,9.56336626602564,0.0,7.543269230769231,0.0,0.0,0.0,nan,nan,nan,0.78125,0.8840280463902644,0.1201923076923077,0.4372275450895555,1.678773415681132,"{""parse_fail"": 30, ""render_engine_error"": 66, ""success"": 416}"
baseline_3_Qwen3-4B,63,0,512,64,0.8046875,1.0,0.0,8.534826147396283,6.408475025595118,8.534826147396283,9.592974150485437,0.0,7.79126213592233,0.0,0.0,0.0,nan,nan,nan,0.8125,0.8758071680502193,0.11893203883495146,0.38510501920662965,1.634438298761626,"{""parse_fail"": 21, ""render_engine_error"": 79, ""success"": 412}"
baseline_3_Qwen3-4B,64,0,512,64,0.86328125,1.0,0.0,8.521275359934185,6.404171341416831,8.521275359934185,9.595000301659125,0.0,7.701357466063349,0.0,0.0,0.0,nan,nan,nan,0.84375,0.8676493689529042,0.12669683257918551,0.38113987145535694,1.5857200658447053,"{""parse_fail"": 16, ""render_engine_error"": 54, ""success"": 442}"
baseline_3_Qwen3-4B,65,0,512,64,0.796875,1.0,0.0,8.442897482174686,6.027305273797582,8.442897482174686,9.57055714869281,0.0,7.705882352941177,0.0,0.0,0.0,nan,nan,nan,0.71875,0.8567363590569145,0.12745098039215685,0.4340467419625075,1.4906660118167574,"{""llm_generation_error"": 1, ""parse_fail"": 24, ""render_engine_error"": 80, ""success"": 407}"
baseline_3_Qwen3-4B,66,0,512,64,0.796875,1.0,0.0,8.373400022281633,5.868413352439932,8.373400022281633,9.565326511437908,0.0,7.504901960784314,0.0,0.0,0.0,nan,nan,nan,0.765625,0.8465767398642724,0.10784313725490197,0.3971152688021721,1.722283764578682,"{""parse_fail"": 18, ""render_engine_error"": 86, ""success"": 408}"
baseline_3_Qwen3-4B,67,0,512,64,0.857421875,1.0,0.0,8.502313646717742,6.239841886329331,8.502313646717742,9.62364183750949,0.0,7.922551252847381,0.0,0.0,0.0,nan,nan,nan,0.71875,0.8555519923273027,0.12072892938496584,0.43356431652886,1.6964499871807317,"{""parse_fail"": 24, ""render_engine_error"": 49, ""success"": 439}"
baseline_3_Qwen3-4B,68,0,512,64,0.732421875,1.0,0.0,8.780579054545457,6.384188515701089,8.780579054545457,10.037683822222222,0.0,7.866666666666666,0.0,0.0,0.0,nan,nan,nan,0.78125,0.865891928613021,0.12266666666666666,13.625109983070754,1.735618586485294,"{""llm_generation_error"": 1, ""parse_fail"": 31, ""render_engine_error"": 106, ""success"": 374}"
baseline_4_Qwen3-4B,1,0,512,64,0.955078125,1.0,0.0,6.0436857594348385,3.639300409477745,6.0436857594348385,7.583669291070212,0.0,5.2392638036809815,0.0,0.0,0.0,nan,nan,nan,0.765625,0.9007135112811055,0.08588957055214724,4.468276722181972,4.436347591979758,"{""llm_generation_error"": 111, ""parse_fail"": 9, ""render_engine_error"": 14, ""success"": 378}"
baseline_4_Qwen3-4B,2,0,512,64,0.9609375,1.0,0.0,6.010212065779756,3.5891955447730832,6.010212065779756,7.599853556910568,0.0,4.934959349593496,0.0,0.0,0.0,nan,nan,nan,0.71875,0.9363499814184553,0.06707317073170732,4.590903374090922,4.69503628856336,"{""llm_generation_error"": 114, ""parse_fail"": 6, ""render_engine_error"": 14, ""success"": 378}"
baseline_4_Qwen3-4B,3,0,512,64,0.9296875,1.0,0.0,6.57934241787624,3.900257091251413,6.57934241787624,8.165769222689073,0.0,5.781512605042017,0.0,0.0,0.0,nan,nan,nan,0.78125,0.894635296117544,0.1092436974789916,2.9886972552776605,2.8338986782714812,"{""llm_generation_error"": 64, ""parse_fail"": 12, ""render_engine_error"": 24, ""success"": 412}"
baseline_4_Qwen3-4B,4,0,512,64,0.96484375,1.0,0.0,6.446255723224143,3.9349587791027454,6.446255723224143,7.9999168690958165,0.0,5.449392712550607,0.0,0.0,0.0,nan,nan,nan,0.84375,0.9337424875580316,0.07894736842105263,3.716949002546118,3.7755936338107206,"{""llm_generation_error"": 83, ""parse_fail"": 13, ""render_engine_error"": 5, ""success"": 411}"
baseline_4_Qwen3-4B,5,0,512,64,0.91796875,1.0,0.0,6.792431199226309,4.257537428895578,6.792431199226309,8.26654939716312,0.0,6.114893617021276,0.0,0.0,0.0,nan,nan,nan,0.6875,0.905236201068377,0.10212765957446808,2.892602370188962,3.3509107077611153,"{""llm_generation_error"": 52, ""parse_fail"": 7, ""render_engine_error"": 35, ""success"": 418}"
baseline_4_Qwen3-4B,6,0,512,64,0.95703125,1.0,0.0,7.0522718923933265,4.234555937216734,7.0522718923933265,8.643620918367345,0.0,6.285714285714286,0.0,0.0,0.0,nan,nan,nan,0.734375,0.8809392408768021,0.1306122448979592,1.6346198433722625,2.011187206163388,"{""llm_generation_error"": 25, ""parse_fail"": 14, ""render_engine_error"": 8, ""success"": 465}"
baseline_4_Qwen3-4B,7,0,512,64,0.9375,1.0,0.0,7.073684128787877,4.164540537430913,7.073684128787877,8.717900069444445,0.0,6.129166666666666,0.0,0.0,0.0,nan,nan,nan,0.6875,0.8598152722581386,0.1375,1.4244785856610134,1.8081735288934175,"{""llm_generation_error"": 23, ""parse_fail"": 3, ""render_engine_error"": 29, ""success"": 457}"
baseline_4_Qwen3-4B,8,0,512,64,0.95703125,1.0,0.0,7.28421257884972,4.297419889196478,7.28421257884972,8.827348911564627,0.0,6.461224489795918,0.0,0.0,0.0,nan,nan,nan,0.578125,0.8459240576712105,0.1673469387755102,1.3374550298007573,1.9891619193517533,"{""llm_generation_error"": 17, ""parse_fail"": 7, ""render_engine_error"": 15, ""success"": 473}"
baseline_4_Qwen3-4B,9,0,512,64,0.91796875,1.0,0.0,7.190502843326892,4.043217886379286,7.190502843326892,8.975141737588652,0.0,6.395744680851064,0.0,0.0,0.0,nan,nan,nan,0.65625,0.8514941138072065,0.13404255319148936,1.0884976544995428,1.7648100819149022,"{""llm_generation_error"": 12, ""parse_fail"": 10, ""render_engine_error"": 32, ""success"": 458}"
baseline_4_Qwen3-4B,10,0,512,64,0.9375,1.0,0.0,7.4227587878787915,4.1266442239946475,7.4227587878787915,9.11620361111111,0.0,6.654166666666667,0.0,0.0,0.0,nan,nan,nan,0.671875,0.8681937405823912,0.125,1.125902541401589,1.5541877930664145,"{""llm_generation_error"": 15, ""parse_fail"": 8, ""render_engine_error"": 24, ""success"": 465}"
baseline_4_Qwen3-4B,11,0,512,64,0.966796875,1.0,0.0,7.608715757575745,4.46412246964026,7.608715757575745,9.234665757575756,0.0,6.537373737373738,0.0,0.0,0.0,nan,nan,nan,0.734375,0.8610888789856395,0.13535353535353536,0.7336555454260104,1.5328139264635194,"{""llm_generation_error"": 7, ""parse_fail"": 14, ""render_engine_error"": 3, ""success"": 488}"
baseline_4_Qwen3-4B,12,0,512,64,0.970703125,1.0,0.0,7.730277976952625,4.713147538082088,7.730277976952625,9.241592790073776,0.0,6.676056338028169,0.0,0.0,0.0,nan,nan,nan,0.765625,0.8675859268088009,0.13078470824949698,0.7741858760969725,1.5010836449618479,"{""llm_generation_error"": 8, ""parse_fail"": 12, ""render_engine_error"": 3, ""success"": 489}"
baseline_4_Qwen3-4B,13,0,512,64,0.96484375,1.0,0.0,7.633888001472214,4.4319997149278,7.633888001472214,9.250522064777329,0.0,6.676113360323886,0.0,0.0,0.0,nan,nan,nan,0.765625,0.8690169739021644,0.1417004048582996,0.7730729156391773,1.6788276693596647,"{""llm_generation_error"": 6, ""parse_fail"": 6, ""render_engine_error"": 12, ""success"": 488}"
baseline_4_Qwen3-4B,14,0,512,64,0.9296875,1.0,0.0,7.756962375859429,4.588309264058124,7.756962375859429,9.33016631652661,0.0,6.857142857142857,0.0,0.0,0.0,nan,nan,nan,0.75,0.8807312707541479,0.13865546218487396,0.8110800472475641,1.4994458105603976,"{""llm_generation_error"": 7, ""parse_fail"": 7, ""render_engine_error"": 29, ""success"": 469}"
baseline_4_Qwen3-4B,15,0,512,64,0.91796875,1.0,0.0,7.921928723404252,4.915148331612394,7.921928723404252,9.364067907801418,0.0,6.872340425531915,0.0,0.0,0.0,nan,nan,nan,0.75,0.851395957840542,0.1148936170212766,0.5378161461030304,1.5562651746724112,"{""llm_generation_error"": 2, ""parse_fail"": 9, ""render_engine_error"": 33, ""success"": 468}"
baseline_4_Qwen3-4B,16,0,512,64,0.890625,1.0,0.0,7.824156519138761,4.673449025084629,7.824156519138761,9.324550109649124,0.0,6.785087719298246,0.0,0.0,0.0,nan,nan,nan,0.6875,0.8608740691248259,0.1162280701754386,0.67466303705814,1.6805700020488858,"{""llm_generation_error"": 5, ""parse_fail"": 13, ""render_engine_error"": 43, ""success"": 451}"
baseline_4_Qwen3-4B,17,0,512,64,0.9375,1.0,0.0,7.88760732954545,4.880657835571933,7.88760732954545,9.384814826388888,0.0,6.858333333333333,0.0,0.0,0.0,nan,nan,nan,0.8125,0.8655979633501241,0.15208333333333332,0.45467229062882325,1.5448228256951524,"{""llm_generation_error"": 1, ""parse_fail"": 15, ""render_engine_error"": 17, ""success"": 479}"
baseline_4_Qwen3-4B,18,0,512,64,0.900390625,1.0,0.0,7.80640455531453,4.7638356216741675,7.80640455531453,9.31951464208243,0.0,6.859002169197397,0.0,0.0,0.0,nan,nan,nan,0.734375,0.8630885026598463,0.14316702819956617,0.9253805029939981,1.7255393047224004,"{""llm_generation_error"": 7, ""parse_fail"": 14, ""render_engine_error"": 37, ""success"": 454}"
baseline_4_Qwen3-4B,19,0,512,64,0.94140625,1.0,0.0,7.825858487363257,4.54455972109228,7.825858487363257,9.39166725449516,0.0,6.912863070539419,0.0,0.0,0.0,nan,nan,nan,0.6875,0.8533482591694678,0.13900414937759337,0.7075973615803426,1.7258247524566368,"{""llm_generation_error"": 4, ""parse_fail"": 15, ""render_engine_error"": 15, ""success"": 478}"
baseline_4_Qwen3-4B,20,0,512,64,0.91015625,1.0,0.0,7.978138529067506,5.010486489336709,7.978138529067506,9.384098032904147,0.0,7.012875536480687,0.0,0.0,0.0,nan,nan,nan,0.65625,0.8410261500987206,0.14377682403433475,0.5718316806543899,1.3075902757593503,"{""llm_generation_error"": 4, ""parse_fail"": 19, ""render_engine_error"": 27, ""success"": 462}"
baseline_4_Qwen3-4B,21,0,512,64,0.90625,1.0,0.0,7.875742006269598,4.810464114806937,7.875742006269598,9.328587356321838,0.0,6.806034482758621,0.0,0.0,0.0,nan,nan,nan,0.71875,0.861636309175704,0.13577586206896552,0.8030000671120513,1.6065711189173102,"{""llm_generation_error"": 6, ""parse_fail"": 10, ""render_engine_error"": 38, ""success"": 458}"
baseline_4_Qwen3-4B,22,0,512,64,0.91015625,1.0,0.0,7.875909500585253,4.61495104351067,7.875909500585253,9.420605185979971,0.0,6.987124463519313,0.0,0.0,0.0,nan,nan,nan,0.671875,0.8424091028162286,0.12660944206008584,0.5326533003523253,1.4153056227043286,"{""llm_generation_error"": 2, ""parse_fail"": 12, ""render_engine_error"": 34, ""success"": 464}"
baseline_4_Qwen3-4B,23,0,512,64,0.845703125,1.0,0.0,8.032511904262027,5.222159988398093,8.032511904262027,9.391783756735949,0.0,7.020785219399538,0.0,0.0,0.0,nan,nan,nan,0.734375,0.8601204731097868,0.12702078521939955,0.747195422164811,1.8248835506161893,"{""llm_generation_error"": 4, ""parse_fail"": 18, ""render_engine_error"": 61, ""success"": 429}"
baseline_4_Qwen3-4B,24,0,512,64,0.912109375,1.0,0.0,8.01322001167997,5.083816908445475,8.01322001167997,9.378804853675947,0.0,6.873661670235546,0.0,0.0,0.0,nan,nan,nan,0.734375,0.8550981102713373,0.10706638115631692,0.6175267911632467,1.602405618269292,"{""llm_generation_error"": 4, ""parse_fail"": 12, ""render_engine_error"": 33, ""success"": 463}"
baseline_4_Qwen3-4B,25,0,512,64,0.833984375,1.0,0.0,7.9662849478390525,5.070146110316505,7.9662849478390525,9.382373302107728,0.0,6.955503512880562,0.0,0.0,0.0,nan,nan,nan,0.671875,0.810077232749802,0.1522248243559719,0.646358866663462,1.7373189890729708,"{""llm_generation_error"": 3, ""parse_fail"": 16, ""render_engine_error"": 69, ""success"": 424}"
baseline_Qwen3-1.7B-Base,1,0,512,64,0.98046875,1.0,0.0,8.650356095617525,6.497391785561781,8.650356095617525,7.208630079681274,0.0,0.0,0.0,0.0,0.0,0.0,0.0,0.7033304214520739,0.953125,0.9848868252598599,0.05179282868525897,1.9867905654302132,13.153349183522074,"{""llm_generation_error"": 109, ""render_engine_error"": 10, ""success"": 393}"
baseline_Qwen3-1.7B-Base,2,0,512,64,0.986328125,1.0,0.0,8.609161742574253,6.474154799950741,8.609161742574253,7.174301452145214,0.0,0.0,0.0,0.0,0.0,0.0,0.0,0.6759588285074857,0.953125,0.9683454940034293,0.061386138613861385,2.1027486348307853,13.843165117765972,"{""llm_generation_error"": 106, ""render_engine_error"": 7, ""success"": 399}"
baseline_a11y_Qwen3-1.7B-Base,1,0,512,64,0.9375,1.0,0.0,4.700342443181821,1.754353128828359,4.700342443181821,7.2789264236111135,0.0,4.179166666666668,0.0,0.0,0.0,0.0607371292646391,0.0,0.06318191849734398,0.828125,0.8744766424644989,0.13958333333333334,2.6888498263888527,1.8033311808251402,"{""judge_fail"": 1, ""llm_generation_error"": 120, ""parse_fail"": 4, ""render_engine_error"": 27, ""success"": 360}"
baseline_a11y_Qwen3-1.7B-Base,2,0,512,64,0.935546875,1.0,0.0,4.721548624027328,1.7554407672919976,4.721548624027328,7.308573312456507,0.0,4.133611691022966,0.0,0.0,0.0,0.06241548211290217,0.0,0.06350344513924089,0.765625,0.8897813267933252,0.1315240083507307,2.7903422545007532,1.789504509689401,"{""llm_generation_error"": 119, ""parse_fail"": 5, ""render_engine_error"": 28, ""success"": 360}"
baseline_a11y_Qwen3-1.7B-Base,3,0,512,64,0.9375,1.0,0.0,4.73115956439394,1.702884864607686,4.73115956439394,7.359556423611114,0.0,4.370833333333335,0.0,0.0,0.0,0.05496992707605291,0.0,0.05674743408836919,0.8125,0.8940010625330023,0.12916666666666668,2.768757859730614,1.6688592433998994,"{""judge_fail"": 2, ""llm_generation_error"": 120, ""parse_fail"": 4, ""render_engine_error"": 26, ""success"": 360}"
baseline_a11y_Qwen3-1.7B-Base,4,0,512,64,0.9453125,1.0,0.0,4.741281104432763,1.7336001545365678,4.741281104432763,7.352817011019287,0.0,4.169421487603306,0.0,0.0,0.0,0.061240429485299126,0.0,0.06317959151107658,0.796875,0.889024758637628,0.14049586776859505,2.7205335829173194,1.6928814124896263,"{""judge_fail"": 1, ""llm_generation_error"": 119, ""parse_fail"": 5, ""render_engine_error"": 22, ""success"": 365}"
baseline_a11y_Qwen3-1.7B-Base,5,0,512,64,0.93359375,1.0,0.0,4.88019707112971,1.775846360109607,4.88019707112971,7.559650000000002,0.0,4.317991631799166,0.0,0.0,0.0,0.05932041034211717,0.0,0.06032561921138971,0.859375,0.8766787586580937,0.17154811715481172,2.3555411592668625,1.5955625794752855,"{""llm_generation_error"": 99, ""parse_fail"": 10, ""render_engine_error"": 24, ""success"": 379}"
baseline_a11y_Qwen3-1.7B-Base,6,0,512,64,0.955078125,1.0,0.0,4.918299907045921,1.786818621552823,4.918299907045921,7.615724335378321,0.0,4.523517382413088,0.0,0.0,0.0,0.05596873836570516,0.0,0.05687447358676876,0.75,0.8664963043696206,0.1738241308793456,2.275098377490949,1.580062044715821,"{""llm_generation_error"": 92, ""parse_fail"": 1, ""render_engine_error"": 22, ""success"": 397}"
baseline_a11y_Qwen3-1.7B-Base,7,0,512,64,0.9453125,1.0,0.0,4.916721280991734,1.8325468742374706,4.916721280991734,7.5620262052341625,0.0,4.512396694214878,0.0,0.0,0.0,0.0561269222467491,0.0,0.056579068203842536,0.71875,0.8396942818877547,0.1590909090909091,2.494708784315601,1.725125482612496,"{""llm_generation_error"": 99, ""parse_fail"": 7, ""render_engine_error"": 21, ""success"": 385}"
baseline_a11y_Qwen3-1.7B-Base,8,0,512,64,0.935546875,1.0,0.0,4.941448377301197,1.7817519626845462,4.941448377301197,7.6510060890744604,0.0,4.609603340292272,0.0,0.0,0.0,0.05226272819998197,0.0,0.05447989933089855,0.703125,0.8347468940816748,0.16701461377870563,2.2085568615940057,1.3894814643572662,"{""llm_generation_error"": 86, ""parse_fail"": 3, ""render_engine_error"": 30, ""success"": 393}"
baseline_a11y_Qwen3-1.7B-Base,9,0,512,64,0.935546875,1.0,0.0,5.0076508066046745,1.826751703919035,5.0076508066046745,7.710790570633262,0.0,4.726513569937364,0.0,0.0,0.0,0.05100404602151638,0.0,0.05246759503664317,0.640625,0.8787144695615995,0.12317327766179541,2.195134909711397,1.4463232239068267,"{""llm_generation_error"": 83, ""parse_fail"": 4, ""render_engine_error"": 29, ""success"": 396}"
baseline_a11y_Qwen3-1.7B-Base,10,0,512,64,0.943359375,1.0,0.0,5.094498343685295,1.8389640067893989,5.094498343685295,7.836980572808834,0.0,4.828157349896481,0.0,0.0,0.0,0.05043713323267511,0.0,0.052036847748570834,0.765625,0.8336783246847842,0.17805383022774326,2.0403959992324543,1.3975027741961328,"{""llm_generation_error"": 78, ""parse_fail"": 4, ""render_engine_error"": 25, ""success"": 405}"
baseline_a11y_Qwen3-1.7B-Base,11,0,512,64,0.931640625,1.0,0.0,5.140687631027249,1.8370579424344418,5.140687631027249,7.924943396226413,0.0,4.821802935010478,0.0,0.0,0.0,0.05148507817851347,0.0,0.05209191711656758,0.625,0.8429357866165734,0.17819706498951782,1.8907133775277185,1.3162472235648768,"{""llm_generation_error"": 66, ""parse_fail"": 2, ""render_engine_error"": 33, ""success"": 411}"
baseline_a11y_Qwen3-1.7B-Base,12,0,512,64,0.953125,1.0,0.0,5.300263785394932,2.0415109543343157,5.300263785394932,8.01086612021858,0.0,4.9590163934426235,0.0,0.0,0.0,0.052786438544406504,0.0,0.05386411840845005,0.703125,0.8556968255043531,0.16598360655737704,1.8718079870543767,1.4657532238481323,"{""llm_generation_error"": 62, ""parse_fail"": 7, ""render_engine_error"": 17, ""success"": 426}"
baseline_a11y_Qwen3-1.7B-Base,13,0,512,64,0.947265625,1.0,0.0,5.440364104967205,2.0762583199012274,5.440364104967205,8.190495704467354,0.0,5.088659793814432,0.0,0.0,0.0,0.052333088383199486,0.0,0.05324133050824801,0.75,0.8538047074725182,0.177319587628866,1.77209298901244,1.358150118755741,"{""judge_fail"": 1, ""llm_generation_error"": 53, ""parse_fail"": 8, ""render_engine_error"": 18, ""success"": 432}"
baseline_a11y_Qwen3-1.7B-Base,14,0,512,64,0.9375,1.0,0.0,5.386017424242426,2.0302469068006763,5.386017424242426,8.172802777777775,0.0,4.883333333333334,0.0,0.0,0.0,0.0547036785368273,0.0,0.05513237678084975,0.71875,0.8053300280718225,0.19583333333333333,1.6910619540005778,1.483944319078914,"{""llm_generation_error"": 51, ""parse_fail"": 3, ""render_engine_error"": 29, ""success"": 429}"
baseline_a11y_Qwen3-1.7B-Base,15,0,512,64,0.939453125,1.0,0.0,5.4191668304668275,2.1424594609654584,5.4191668304668275,8.121036625086626,0.0,5.01039501039501,0.0,0.0,0.0,0.05285106667324674,0.0,0.05401272914350976,0.75,0.8306937098142724,0.16424116424116425,1.8210803112657419,1.5217488516239122,"{""llm_generation_error"": 54, ""parse_fail"": 4, ""render_engine_error"": 27, ""success"": 427}"
baseline_a11y_Qwen3-1.7B-Base,16,0,512,64,0.96875,1.0,0.0,5.535196957478009,2.195700030214275,5.535196957478009,8.251355712365593,0.0,4.959677419354838,0.0,0.0,0.0,0.057199755207399325,0.0,0.05722741786232675,0.8125,0.8527701834209895,0.16330645161290322,1.6989997106216888,1.5848352806155257,"{""llm_generation_error"": 52, ""parse_fail"": 3, ""render_engine_error"": 13, ""success"": 444}"
baseline_a11y_Qwen3-1.7B-Base,17,0,512,64,0.9453125,1.0,0.0,5.639797238918117,2.3509367974689734,5.639797238918117,8.30433212809917,0.0,5.045454545454542,0.0,0.0,0.0,0.059841389507123297,0.0,0.059841389507123297,0.734375,0.8556528411377062,0.17355371900826447,1.6612429751715416,1.6451305446505187,"{""llm_generation_error"": 41, ""parse_fail"": 6, ""render_engine_error"": 22, ""success"": 443}"
baseline_a11y_Qwen3-1.7B-Base,18,0,512,64,0.96875,1.0,0.0,5.558612848240468,2.2682599060965543,5.558612848240468,8.235481081989247,0.0,4.92741935483871,0.0,0.0,0.0,0.05874409737976852,0.0,0.06041520039028682,0.75,0.8774963500233602,0.1774193548387097,1.788882721880783,1.5764600404568048,"{""llm_generation_error"": 49, ""parse_fail"": 4, ""render_engine_error"": 12, ""success"": 447}"
baseline_a11y_Qwen3-1.7B-Base,19,0,512,64,0.955078125,1.0,0.0,5.61697060791969,2.131356787954985,5.61697060791969,8.434112099522837,0.0,5.190184049079756,0.0,0.0,0.0,0.052783366089978474,0.0,0.05354562786532303,0.75,0.8496659208549302,0.14314928425357873,1.4415695585255621,1.404246495684379,"{""llm_generation_error"": 39, ""parse_fail"": 6, ""render_engine_error"": 17, ""success"": 450}"
baseline_a11y_Qwen3-1.7B-Base,20,0,512,64,0.947265625,1.0,0.0,5.885118331771328,2.459661784030888,5.885118331771328,8.59367914089347,0.0,5.344329896907216,0.0,0.0,0.0,0.05339389043792475,0.0,0.05339389043792475,0.8125,0.8756030323416942,0.16082474226804125,1.3595350610439358,1.5201210331172814,"{""llm_generation_error"": 30, ""parse_fail"": 5, ""render_engine_error"": 22, ""success"": 455}"
baseline_a11y_Qwen3-1.7B-Base,21,0,512,64,0.947265625,1.0,0.0,5.84864614807872,2.4660373590976015,5.84864614807872,8.515988728522336,0.0,5.282474226804123,0.0,0.0,0.0,0.055925287684400096,0.0,0.05594612667732689,0.765625,0.8419404470338027,0.1979381443298969,1.4470180171605551,1.492804067328596,"{""llm_generation_error"": 31, ""parse_fail"": 6, ""render_engine_error"": 21, ""success"": 454}"
baseline_a11y_Qwen3-1.7B-Base,22,0,512,64,0.94921875,1.0,0.0,5.934271361765804,2.435997404990962,5.934271361765804,8.69122589163237,0.0,5.411522633744856,0.0,0.0,0.0,0.053661981435687324,0.0,0.053661981435687324,0.78125,0.8838539898195293,0.15020576131687244,1.0550713424767788,1.3472616106295476,"{""llm_generation_error"": 20, ""parse_fail"": 3, ""render_engine_error"": 23, ""success"": 466}"
baseline_a11y_Qwen3-1.7B-Base,23,0,512,64,0.958984375,1.0,0.0,6.107816496945023,2.695521625805386,6.107816496945023,8.771831941615748,0.0,5.327902240325865,0.0,0.0,0.0,0.06330620118204372,0.0,0.06330620118204372,0.734375,0.8432255604555104,0.12016293279022404,0.9738322680169883,1.423348762925025,"{""llm_generation_error"": 16, ""parse_fail"": 3, ""render_engine_error"": 18, ""success"": 475}"
baseline_a11y_Qwen3-1.7B-Base,24,0,512,64,0.966796875,1.0,0.0,6.100700606060607,2.6216355513744674,6.100700606060607,8.794213737373736,0.0,5.349494949494948,0.0,0.0,0.0,0.0601442263874343,0.0,0.0601442263874343,0.703125,0.8690873399053664,0.14343434343434344,1.020394572112107,1.366443056504542,"{""llm_generation_error"": 17, ""parse_fail"": 5, ""render_engine_error"": 12, ""success"": 478}"
baseline_a11y_Qwen3-1.7B-Base,25,0,512,64,0.966796875,1.0,0.0,6.154177685950409,2.648877897026242,6.154177685950409,8.865824074074073,0.0,5.5838383838383825,0.0,0.0,0.0,0.0539702147994841,0.0,0.054329518697264566,0.796875,0.8792883368815377,0.13333333333333333,0.9612654211190779,1.5193211369622017,"{""llm_generation_error"": 14, ""parse_fail"": 9, ""render_engine_error"": 8, ""success"": 481}"
baseline_a11y_Qwen3-1.7B-Base,26,0,512,64,0.974609375,1.0,0.0,6.172615394425215,2.6993593987178124,6.172615394425215,8.817129559118237,0.0,5.406813627254508,0.0,0.0,0.0,0.06165769075444229,0.0,0.0619230168872225,0.765625,0.8570618197610003,0.1402805611222445,0.8056725413998025,1.2257831857747503,"{""llm_generation_error"": 13, ""parse_fail"": 1, ""render_engine_error"": 12, ""success"": 486}"
baseline_a11y_Qwen3-1.7B-Base,27,0,512,64,0.974609375,1.0,0.0,6.230115339770457,2.725004968396763,6.230115339770457,8.90567905811623,0.0,5.458917835671344,0.0,0.0,0.0,0.060606452656474845,0.0,0.060606452656474845,0.78125,0.8549376754602072,0.14228456913827656,0.8195737105411164,1.2259702019323218,"{""llm_generation_error"": 14, ""parse_fail"": 3, ""render_engine_error"": 10, ""success"": 485}"
baseline_v3_Qwen3-1.7B-Base,1,0,512,64,0.94921875,1.0,0.0,5.853659282121631,2.4856729433737876,5.853659282121631,7.696812654320987,0.0,4.2551440329218115,0.0,0.0,0.0,0.11130297906118632,0.27165197656053225,0.32533847370270225,0.75,0.8974200706753136,0.10493827160493827,2.442712769834859,3.4106801856467506,"{""llm_generation_error"": 130, ""parse_fail"": 4, ""render_engine_error"": 22, ""success"": 356}"
baseline_v3_Qwen3-1.7B-Base,2,0,512,64,0.953125,1.0,0.0,6.135209676684886,2.6261232184343557,6.135209676684886,8.031195662568306,0.0,4.651639344262295,0.0,0.0,0.0,0.10474056464039239,0.28119251394323524,0.3371388777134317,0.734375,0.8847590729356245,0.15778688524590165,1.9566457725456892,2.9617816724158015,"{""llm_generation_error"": 89, ""parse_fail"": 4, ""render_engine_error"": 20, ""success"": 399}"
baseline_v3_Qwen3-1.7B-Base,3,0,512,64,0.92578125,1.0,0.0,6.070513642756683,2.7058025379204484,6.070513642756683,7.897612939521802,0.0,4.40928270042194,0.0,0.0,0.0,0.11471923802914126,0.27537675976586834,0.33086722709674493,0.796875,0.9110512393847614,0.1308016877637131,2.412134854290265,3.5579495476673757,"{""llm_generation_error"": 107, ""parse_fail"": 6, ""render_engine_error"": 32, ""success"": 367}"
baseline_v3_Qwen3-1.7B-Base,4,0,512,64,0.94140625,1.0,0.0,6.0163494467496585,2.6064986346415644,6.0163494467496585,7.863217116182574,0.0,4.3112033195020745,0.0,0.0,0.0,0.1155494229380019,0.27525601616545387,0.3337051842825899,0.8125,0.8778419062001269,0.13485477178423236,2.356209072747763,3.349775197743596,"{""llm_generation_error"": 118, ""parse_fail"": 2, ""render_engine_error"": 28, ""success"": 364}"
baseline_v3_Qwen3-1.7B-Base,5,0,512,64,0.953125,1.0,0.0,6.181539207650276,2.758742347902946,6.181539207650276,8.02999323770492,0.0,4.5737704918032795,0.0,0.0,0.0,0.11396947389675449,0.2787419602732339,0.33049380826328917,0.734375,0.8204634571379457,0.15778688524590165,2.0856275942015414,3.10865144167608,"{""llm_generation_error"": 94, ""parse_fail"": 3, ""render_engine_error"": 21, ""success"": 394}"
baseline_v3_Qwen3-1.7B-Base,6,0,512,64,0.951171875,1.0,0.0,6.415002851927907,2.9391131098235106,6.415002851927907,8.26025239561944,0.0,4.878850102669405,0.0,0.0,0.0,0.10783808429303002,0.28440858147055126,0.3524878310851635,0.734375,0.8423728117682031,0.1601642710472279,1.8968652045920376,3.1784482052263825,"{""llm_generation_error"": 73, ""parse_fail"": 3, ""render_engine_error"": 22, ""success"": 414}"
baseline_v3_Qwen3-1.7B-Base,7,0,512,64,0.958984375,1.0,0.0,6.304196492419106,2.859856630426485,6.304196492419106,8.154020468431773,0.0,4.704684317718945,0.0,0.0,0.0,0.11062949796491202,0.28234377227322155,0.34274981794213655,0.65625,0.8440294786732766,0.16089613034623218,1.9436200684707432,2.9798264739843363,"{""llm_generation_error"": 82, ""parse_fail"": 1, ""render_engine_error"": 20, ""success"": 409}"
baseline_v3_Qwen3-1.7B-Base,8,0,512,64,0.95703125,1.0,0.0,6.256068435374153,2.79529931631522,6.256068435374153,8.104170680272109,0.0,4.824489795918367,0.0,0.0,0.0,0.10392095607398648,0.28222310075499757,0.3540428876210393,0.75,0.858604520076157,0.16122448979591836,2.0666495780873966,3.203648021424443,"{""llm_generation_error"": 87, ""parse_fail"": 1, ""render_engine_error"": 21, ""success"": 403}"
baseline_v3_Qwen3-1.7B-Base,9,0,512,64,0.95703125,1.0,0.0,6.306137233560093,2.7532977017880973,6.306137233560093,8.19832149659864,0.0,4.779591836734692,0.0,0.0,0.0,0.10553995464565853,0.2855247297782384,0.35192142864439685,0.703125,0.8681508260470423,0.16122448979591836,1.8913538081934091,2.7496780276434807,"{""llm_generation_error"": 77, ""parse_fail"": 4, ""render_engine_error"": 18, ""success"": 413}"
baseline_v3_Qwen3-1.7B-Base,10,0,512,64,0.953125,1.0,0.0,6.639254895264117,3.1647388068406754,6.639254895264117,8.458711577868856,0.0,5.221311475409835,0.0,0.0,0.0,0.10649869509696135,0.28785224719699914,0.36220479744791984,0.734375,0.8293307335605972,0.17418032786885246,1.5050156064761124,2.6162161503855264,"{""llm_generation_error"": 50, ""parse_fail"": 3, ""render_engine_error"": 21, ""success"": 438}"
baseline_v3_Qwen3-1.7B-Base,11,0,512,64,0.962890625,1.0,0.0,6.678135181428896,3.1551722723196662,6.678135181428896,8.523964097363084,0.0,5.135902636916835,0.0,0.0,0.0,0.10848341598618888,0.28876721606843897,0.360581194812661,0.703125,0.8352977061789497,0.16227180527383367,1.3821277986052158,2.460967448233423,"{""llm_generation_error"": 44, ""parse_fail"": 5, ""render_engine_error"": 14, ""success"": 449}"
baseline_v3_Qwen3-1.7B-Base,12,0,512,64,0.95703125,1.0,0.0,6.687549977324269,3.2367034862504633,6.687549977324269,8.501869183673469,0.0,5.102040816326529,0.0,0.0,0.0,0.11846566302289789,0.28491216826765936,0.3497352499534406,0.796875,0.838173121123719,0.17551020408163265,1.5116534587682413,2.8931182977508576,"{""llm_generation_error"": 46, ""parse_fail"": 4, ""render_engine_error"": 18, ""success"": 444}"
baseline_v3_Qwen3-1.7B-Base,13,0,512,64,0.943359375,1.0,0.0,6.700898320680933,3.1484431924206318,6.700898320680933,8.5453088336784,0.0,5.146997929606634,0.0,0.0,0.0,0.11035843463011512,0.28912110876553043,0.36928014701486006,0.703125,0.8267082190678912,0.18219461697722567,1.36480631185589,2.470044097386817,"{""judge_fail"": 1, ""llm_generation_error"": 41, ""parse_fail"": 4, ""render_engine_error"": 24, ""success"": 442}"
baseline_v3_Qwen3-1.7B-Base,14,0,512,64,0.9453125,1.0,0.0,6.811182828282832,3.368843071981662,6.811182828282832,8.593909228650139,0.0,5.177685950413223,0.0,0.0,0.0,0.11928575713138247,0.2866151656501288,0.36488644929971775,0.6875,0.7931140980546427,0.14669421487603307,1.2292796853617025,2.3592730444876415,"{""llm_generation_error"": 35, ""parse_fail"": 6, ""render_engine_error"": 22, ""success"": 449}"
baseline_v3_Qwen3-1.7B-Base,15,0,512,64,0.94140625,1.0,0.0,6.899304910096824,3.5301789607701095,6.899304910096824,8.65106663208852,0.0,5.21991701244813,0.0,0.0,0.0,0.12201417644998254,0.28597434800498617,0.36475552167599634,0.765625,0.8638833955547905,0.17842323651452283,1.2670403889899362,2.456316306392123,"{""llm_generation_error"": 38, ""parse_fail"": 5, ""render_engine_error"": 25, ""success"": 444}"
baseline_v3_Qwen3-1.7B-Base,16,0,512,64,0.94140625,1.0,0.0,6.900001936376206,3.501011555311883,6.900001936376206,8.671579668049793,0.0,5.336099585062242,0.0,0.0,0.0,0.11884512118983058,0.28617398552215045,0.3578609817860663,0.828125,0.8143245885824705,0.17219917012448133,1.082067541477898,2.2814926482685727,"{""llm_generation_error"": 26, ""parse_fail"": 6, ""render_engine_error"": 24, ""success"": 456}"
baseline_v3_Qwen3-1.7B-Base,17,0,512,64,0.953125,1.0,0.0,6.972429781420769,3.6435915731522766,6.972429781420769,8.687025819672131,0.0,5.213114754098359,0.0,0.0,0.0,0.13510771666710547,0.28204612821364666,0.36074981002166,0.75,0.8584298659515471,0.14754098360655737,1.1501149223229856,2.4084145656970533,"{""llm_generation_error"": 29, ""parse_fail"": 2, ""render_engine_error"": 22, ""success"": 459}"
baseline_v3_Qwen3-1.7B-Base,18,0,512,64,0.966796875,1.0,0.0,7.150723838383846,3.8525418680952397,7.150723838383846,8.83090057239057,0.0,5.446464646464649,0.0,0.0,0.0,0.12898346533878666,0.2846509154132702,0.36979155150122567,0.671875,0.8335689343371568,0.15151515151515152,0.9060836352748134,2.2462522821400763,"{""llm_generation_error"": 19, ""parse_fail"": 3, ""render_engine_error"": 14, ""success"": 476}"
baseline_v3_Qwen3-1.7B-Base,19,0,512,64,0.958984375,1.0,0.0,7.107405838424981,3.626303330138164,7.107405838424981,8.868576510522741,0.0,5.551934826883911,0.0,0.0,0.0,0.1206688185070867,0.2889696948412106,0.37767078388577047,0.703125,0.797840638906136,0.15885947046843177,0.8785356660263482,2.0641128588759936,"{""llm_generation_error"": 18, ""parse_fail"": 1, ""render_engine_error"": 20, ""success"": 473}"
baseline_v3_Qwen3-1.7B-Base,20,0,512,64,0.966796875,1.0,0.0,7.201572794612791,4.043019587189491,7.201572794612791,8.819699259259261,0.0,5.422222222222223,0.0,0.0,0.0,0.14091136214490305,0.2811035150950441,0.3619921874649085,0.75,0.8263652577427485,0.15353535353535352,0.9318992400377347,2.3577553353546925,"{""llm_generation_error"": 19, ""parse_fail"": 1, ""render_engine_error"": 16, ""success"": 476}"
baseline_v3_Qwen3-1.7B-Base,21,0,512,64,0.97265625,1.0,0.0,7.115271731369921,3.796782202390845,7.115271731369921,8.810357396251671,0.0,5.538152610441765,0.0,0.0,0.0,0.12219242724637217,0.28775446823410494,0.3756107043433057,0.765625,0.8335429773884021,0.17269076305220885,1.0199913356422905,2.3283356322990354,"{""llm_generation_error"": 24, ""render_engine_error"": 14, ""success"": 474}"
baseline_v3_Qwen3-1.7B-Base,22,0,512,64,0.970703125,1.0,0.0,7.266759736194949,3.973680343205606,7.266759736194949,8.937195271629781,0.0,5.653923541247486,0.0,0.0,0.0,0.12743041161081944,0.28710114263377606,0.3726279387908106,0.71875,0.8401350754412783,0.16297786720321933,0.8073740514963,1.9768911592528369,"{""llm_generation_error"": 16, ""parse_fail"": 1, ""render_engine_error"": 14, ""success"": 481}"
baseline_v3_Qwen3-1.7B-Base,23,0,512,64,0.96484375,1.0,0.0,7.407652474134058,4.241830954061354,7.407652474134058,9.01448141025641,0.0,5.631578947368419,0.0,0.0,0.0,0.14510067454118455,0.28179591392635617,0.36640160896881274,0.78125,0.8886707429901938,0.1194331983805668,0.6112850039813488,2.1441330804782326,"{""llm_generation_error"": 6, ""parse_fail"": 5, ""render_engine_error"": 13, ""success"": 488}"
baseline_v3_Qwen3-1.7B-Base,24,0,512,64,0.97265625,1.0,0.0,7.375628625613568,4.1210032842533,7.375628625613568,9.029741465863454,0.0,5.710843373493974,0.0,0.0,0.0,0.13056240301389213,0.28761095929628944,0.369205510506119,0.828125,0.858207672202286,0.15261044176706828,0.7874060234776695,2.185559037313449,"{""llm_generation_error"": 13, ""parse_fail"": 3, ""render_engine_error"": 11, ""success"": 485}"
baseline_v3_Qwen3-1.7B-Base,25,0,512,64,0.966796875,1.0,0.0,7.320394455667793,4.084851920092468,7.320394455667793,8.958605151515151,0.0,5.5919191919191915,0.0,0.0,0.0,0.140919103140542,0.28236963931631315,0.3682407401428934,0.71875,0.8684663295397914,0.1393939393939394,0.7870699324317363,1.9724424733283104,"{""llm_generation_error"": 15, ""parse_fail"": 6, ""render_engine_error"": 11, ""success"": 480}"
baseline_v3_Qwen3-1.7B-Base,26,0,512,64,0.982421875,1.0,0.0,7.43702065385465,4.29404441574509,7.43702065385465,9.016034625579856,0.0,5.673956262425451,0.0,0.0,0.0,0.14805538815440317,0.2792642970909875,0.3680203749713675,0.84375,0.8763045071972253,0.14512922465208747,0.6661101757446404,2.2584638244919537,"{""llm_generation_error"": 9, ""render_engine_error"": 9, ""success"": 494}"
baseline_v3_Qwen3-1.7B-Base,27,0,512,64,0.9765625,1.0,0.0,7.4232833333333375,4.217894817582446,7.4232833333333375,9.021725,0.0,5.607999999999998,0.0,0.0,0.0,0.15394731882631266,0.2795368750764961,0.3687548001658817,0.78125,0.8736943027567861,0.144,0.7106117085354754,2.0767825154928374,"{""llm_generation_error"": 12, ""parse_fail"": 3, ""render_engine_error"": 9, ""success"": 488}"
baseline_v3_Qwen3-1.7B-Base,28,0,512,64,0.98046875,1.0,0.0,7.481230455953966,4.344835051404306,7.481230455953966,9.043060823373175,0.0,5.741035856573705,0.0,0.0,0.0,0.1418113185145688,0.28312912735054024,0.3820844423717261,0.875,0.8500282109299709,0.12151394422310757,0.6817215605811944,2.042977096782878,"{""llm_generation_error"": 11, ""render_engine_error"": 10, ""success"": 491}"
baseline_v3_Qwen3-1.7B-Base,29,0,512,64,0.966796875,1.0,0.0,7.591966913580243,4.453882262375319,7.591966913580243,9.143505925925925,0.0,5.903030303030305,0.0,0.0,0.0,0.14641844803207785,0.2818362769617232,0.3831857715362036,0.78125,0.9077801986378955,0.10505050505050505,0.4791458873292453,1.802456115123802,"{""llm_generation_error"": 4, ""parse_fail"": 3, ""render_engine_error"": 14, ""success"": 491}"
baseline_v3_Qwen3-1.7B-Base,30,0,512,64,0.982421875,1.0,0.0,7.560256903026294,4.481938893355099,7.560256903026294,9.096084493041749,0.0,5.876739562624254,0.0,0.0,0.0,0.1453853225517989,0.2815816707799456,0.37892296754180066,0.6875,0.8749275981881272,0.11133200795228629,0.540322258012052,1.8639598185209445,"{""llm_generation_error"": 6, ""parse_fail"": 1, ""render_engine_error"": 8, ""success"": 497}"
baseline_v3_Qwen3-1.7B-Base,31,0,512,64,0.9765625,1.0,0.0,7.663642711111107,4.642453333246505,7.663642711111107,9.168130733333333,0.0,5.788000000000001,0.0,0.0,0.0,0.15784534898080488,0.2780688302421131,0.37462013331243604,0.796875,0.8968951142748006,0.092,0.3762204600672932,1.885940505145568,"{""llm_generation_error"": 1, ""parse_fail"": 3, ""render_engine_error"": 9, ""success"": 499}"
baseline_v3_Qwen3-1.7B-Base,32,0,512,64,0.98828125,1.0,0.0,7.647809903381644,4.627909699124259,7.647809903381644,9.110878227931488,0.0,5.869565217391304,0.0,0.0,0.0,0.16305568715693386,0.2762151169040819,0.3910319919018267,0.78125,0.8754404613222487,0.10869565217391304,0.6051631375509834,2.0866747527415948,"{""llm_generation_error"": 8, ""parse_fail"": 1, ""render_engine_error"": 5, ""success"": 498}"
baseline_v3_Qwen3-1.7B-Base,33,0,512,64,0.984375,1.0,0.0,7.707699691358025,4.7755517416923885,7.707699691358025,9.159466203703703,0.0,5.952380952380953,0.0,0.0,0.0,0.162940446723968,0.27664907373929065,0.3783447048909148,0.84375,0.9184313304749631,0.0873015873015873,0.47178672488841533,1.9115831531201972,"{""llm_generation_error"": 4, ""parse_fail"": 2, ""render_engine_error"": 6, ""success"": 500}"
baseline_v3_Qwen3-1.7B-Base,34,0,512,64,0.986328125,1.0,0.0,7.754569284928488,4.948488251377911,7.754569284928488,9.126705412541254,0.0,5.714851485148514,0.0,0.0,0.0,0.19899439491824883,0.26363429265998645,0.36556349324138226,0.859375,0.9116587614867678,0.09108910891089109,0.5094944484063751,1.9785165215318143,"{""llm_generation_error"": 4, ""parse_fail"": 3, ""render_engine_error"": 4, ""success"": 501}"
baseline_v3_Qwen3-1.7B-Base,35,0,512,64,0.986328125,1.0,0.0,7.741473949394947,4.779608363875771,7.741473949394947,9.176402343234324,0.0,5.885148514851487,0.0,0.0,0.0,0.17238780823403735,0.273851452283494,0.38529982056899936,0.734375,0.9081960047551693,0.08712871287128712,0.5115881598659414,1.8788327386183268,"{""llm_generation_error"": 6, ""parse_fail"": 2, ""render_engine_error"": 5, ""success"": 499}"
baseline_v3_Qwen3-1.7B-Base,36,0,512,64,0.98046875,1.0,0.0,7.822937649402385,4.789489331437803,7.822937649402385,9.251504747675963,0.0,6.055776892430279,0.0,0.0,0.0,0.1672416660633443,0.276396245247259,0.41549575339945655,0.734375,0.8914862246675532,0.11354581673306773,0.4266380941889087,1.8005056553384253,"{""llm_generation_error"": 4, ""parse_fail"": 6, ""render_engine_error"": 4, ""success"": 498}"
baseline_v3_Qwen3-1.7B-Base,37,0,512,64,0.994140625,1.0,0.0,7.817506898057193,4.879602296069177,7.817506898057193,9.211689292730847,0.0,5.9842829076620845,0.0,0.0,0.0,0.17687860766887736,0.2723644734474622,0.4038971620821507,0.765625,0.9165660763113626,0.08840864440078586,0.4896075077577555,1.8023786933286774,"{""llm_generation_error"": 5, ""parse_fail"": 3, ""success"": 504}"
baseline_v3_Qwen3-1.7B-Base,38,0,512,64,0.982421875,1.0,0.0,7.934080075104928,5.168496753946867,7.934080075104928,9.244692014579192,0.0,6.111332007952286,0.0,0.0,0.0,0.19687136873913635,0.26565512275627895,0.3926747201019454,0.765625,0.9005461052214784,0.09145129224652088,0.354670182763248,1.7725355754490193,"{""llm_generation_error"": 1, ""parse_fail"": 6, ""render_engine_error"": 3, ""success"": 502}"
baseline_v3_Qwen3-1.7B-Base,39,0,512,64,0.978515625,1.0,0.0,7.96554936793081,5.272274994369344,7.96554936793081,9.20677381902861,0.0,5.9800399201596806,0.0,0.0,0.0,0.22434756161656688,0.255824303569305,0.40313081256261624,0.859375,0.8659882451209927,0.12574850299401197,0.3862270957217877,1.6574061057754992,"{""llm_generation_error"": 2, ""parse_fail"": 3, ""render_engine_error"": 8, ""success"": 499}"
baseline_v3_Qwen3-1.7B-Base,40,0,512,64,0.98828125,1.0,0.0,8.003964580588486,5.285277816686377,8.003964580588486,9.258450164690384,0.0,6.063241106719372,0.0,0.0,0.0,0.21531977134347663,0.25934633298370535,0.40859784959887635,0.796875,0.8995169682518224,0.1067193675889328,0.28127110508425957,1.5925652269424055,"{""parse_fail"": 4, ""render_engine_error"": 2, ""success"": 506}"
baseline_v3_Qwen3-1.7B-Base,41,0,512,64,0.98828125,1.0,0.0,8.070130742204656,5.527200579650611,8.070130742204656,9.246566337285905,0.0,6.142292490118576,0.0,0.0,0.0,0.22830985594976141,0.25511210569286047,0.39678081744315824,0.8125,0.9168008031298274,0.11264822134387352,0.41714058046106106,1.6345130683597016,"{""llm_generation_error"": 3, ""parse_fail"": 6, ""success"": 503}"
baseline_v3_Qwen3-1.7B-Base,42,0,512,64,0.9921875,1.0,0.0,8.075315376202987,5.428547075085579,8.075315376202987,9.265827395013124,0.0,6.16535433070866,0.0,0.0,0.0,0.22830437719292618,0.255068762757974,0.4207158664824779,0.78125,0.8775500520454154,0.11614173228346457,0.3757896785148536,1.7220649992306707,"{""llm_generation_error"": 2, ""parse_fail"": 2, ""render_engine_error"": 2, ""success"": 506}"
baseline_v3_Qwen3-1.7B-Base,43,0,512,64,0.990234375,1.0,0.0,8.10053738768354,5.511654884623879,8.10053738768354,9.25685473372781,0.0,6.06311637080868,0.0,0.0,0.0,0.2506453471478036,0.24779561195850483,0.40394828572853814,0.765625,0.9027177225727306,0.08481262327416174,0.43199165081802804,1.7602153425685263,"{""llm_generation_error"": 3, ""parse_fail"": 3, ""render_engine_error"": 2, ""success"": 504}"
baseline_v3_Qwen3-1.7B-Base,44,0,512,64,0.994140625,1.0,0.0,8.188398908535257,5.704443073954327,8.188398908535257,9.293240144073348,0.0,6.231827111984282,0.0,0.0,0.0,0.24336615451561516,0.25025797942155403,0.4095492510241382,0.84375,0.9205632624859555,0.09233791748526522,0.31539973053615467,1.5879926499312609,"{""llm_generation_error"": 1, ""parse_fail"": 3, ""success"": 508}"
baseline_v3_Qwen3-1.7B-Base,45,0,512,64,0.994140625,1.0,0.0,8.125856254092989,5.472447623601489,8.125856254092989,9.282071872953503,0.0,6.176817288801571,0.0,0.0,0.0,0.24132316242511878,0.24967007657095977,0.43528242332109823,0.8125,0.9064391479951006,0.10216110019646366,0.2971449469269665,1.4696833625438672,"{""llm_generation_error"": 1, ""parse_fail"": 3, ""success"": 508}"
baseline_v3_Qwen3-1.7B-Base,46,0,512,64,0.982421875,1.0,0.0,8.164696266843379,5.712575129637355,8.164696266843379,9.256951623591782,0.0,6.1908548707753495,0.0,0.0,0.0,0.24692877147230186,0.24697300157965438,0.4076523387514348,0.828125,0.9031164398211041,0.0775347912524851,0.5029010953138402,1.7366176363206016,"{""llm_generation_error"": 5, ""parse_fail"": 7, ""render_engine_error"": 2, ""success"": 498}"
baseline_v3_Qwen3-1.7B-Base,47,0,512,64,0.9921875,1.0,0.0,8.312168941382321,6.004055379875932,8.312168941382321,9.28577309711286,0.0,6.122047244094488,0.0,0.0,0.0,0.3068261702514522,0.22871262014211072,0.41564571700466035,0.84375,0.9235109816848823,0.10039370078740158,0.38113882875976485,1.58299626879899,"{""llm_generation_error"": 2, ""parse_fail"": 2, ""render_engine_error"": 2, ""success"": 506}"
baseline_v3_Qwen3-1.7B-Base,48,0,512,64,0.994140625,1.0,0.0,8.306105413665136,5.873622902373135,8.306105413665136,9.291083464309104,0.0,6.172888015717093,0.0,0.0,0.0,0.30424317753516844,0.23008592786598522,0.4512095917626359,0.6875,0.8890065900372391,0.0962671905697446,0.3713278908757084,1.4858262084576084,"{""llm_generation_error"": 3, ""parse_fail"": 2, ""render_engine_error"": 1, ""success"": 506}"
baseline_v3_Qwen3-1.7B-Base,49,0,512,64,0.986328125,1.0,0.0,8.325628052805278,6.024617718925662,8.325628052805278,9.293986633663367,0.0,6.24554455445544,0.0,0.0,0.0,0.2893723938914155,0.23318608551440953,0.42400712750944836,0.8125,0.8650908393338117,0.11287128712871287,0.23164865529220488,1.2046638159937462,"{""parse_fail"": 4, ""render_engine_error"": 3, ""success"": 505}"
baseline_v3_Qwen3-1.7B-Base,50,0,512,64,0.986328125,1.0,0.0,8.374373641364137,6.0938906734453315,8.374373641364137,9.335817887788778,0.0,6.388118811881187,0.0,0.0,0.0,0.29041903387646467,0.23386020985040387,0.42629479805425335,0.828125,0.9004431034841516,0.10297029702970296,0.24687729633788394,1.166285645465758,"{""llm_generation_error"": 2, ""parse_fail"": 4, ""render_engine_error"": 3, ""success"": 503}"
baseline_v3_Qwen3-1.7B-Base,51,0,512,64,0.982421875,1.0,0.0,8.425439363817095,6.19717674486552,8.425439363817095,9.34693969516236,0.0,6.409542743538768,0.0,0.0,0.0,0.2988077876556742,0.23141178382942215,0.43528560661878946,0.796875,0.8653159955695596,0.10536779324055666,0.25156314039417366,1.2685207608725246,"{""llm_generation_error"": 1, ""parse_fail"": 8, ""render_engine_error"": 1, ""success"": 502}"
baseline_v3_Qwen3-1.7B-Base,52,0,512,64,0.98828125,1.0,0.0,8.432785155906902,6.134059514047773,8.432785155906902,9.339461001317524,0.0,6.391304347826089,0.0,0.0,0.0,0.3154286772232332,0.22607000589861115,0.46384245924423306,0.890625,0.915036247398364,0.1007905138339921,0.3435076253303169,1.341378032840064,"{""llm_generation_error"": 3, ""parse_fail"": 4, ""render_engine_error"": 2, ""success"": 503}"
baseline_v3_Qwen3-1.7B-Base,53,0,512,64,0.98046875,1.0,0.0,8.471738313413018,6.243694941817427,8.471738313413018,9.346618094289509,0.0,6.44621513944223,0.0,0.0,0.0,0.3190708785349042,0.22426253932466453,0.45758210662357424,0.78125,0.881587123891372,0.10756972111553785,0.25952603394973095,1.2433559988685177,"{""llm_generation_error"": 1, ""parse_fail"": 8, ""render_engine_error"": 2, ""success"": 501}"
baseline_v3_Qwen3-1.7B-Base,54,0,512,64,0.98828125,1.0,0.0,8.484299604743082,6.305517976895842,8.484299604743082,9.335375625823453,0.0,6.320158102766798,0.0,0.0,0.0,0.34182857752890444,0.21742479356830094,0.4452335108080429,0.8125,0.9158221946252024,0.09683794466403162,0.2877501064811973,1.1917368829216892,"{""llm_generation_error"": 2, ""parse_fail"": 4, ""render_engine_error"": 2, ""success"": 504}"
baseline_v3_Qwen3-1.7B-Base,55,0,512,64,0.984375,1.0,0.0,8.577532782186953,6.558901462285605,8.577532782186953,9.37155710978836,0.0,6.623015873015875,0.0,0.0,0.0,0.32469922401034196,0.22168994641355888,0.4451994071385642,0.78125,0.916441493772679,0.0992063492063492,0.23853539862563053,1.0420056698953721,"{""llm_generation_error"": 2, ""parse_fail"": 7, ""render_engine_error"": 1, ""success"": 502}"
baseline_v3_Qwen3-1.7B-Base,56,0,512,64,0.98046875,1.0,0.0,8.510799557326258,6.421179213622737,8.510799557326258,9.361617662682603,0.0,6.458167330677287,0.0,0.0,0.0,0.31800408534612484,0.22525276339993203,0.4304412592970288,0.828125,0.9148323955927902,0.09362549800796813,0.23388441973268417,1.1228165417152935,"{""llm_generation_error"": 1, ""parse_fail"": 7, ""render_engine_error"": 3, ""success"": 501}"
baseline_v3_Qwen3-1.7B-Base,57,0,512,64,0.98828125,1.0,0.0,8.553006038647347,6.471709709145863,8.553006038647347,9.396208662714097,0.0,6.624505928853753,0.0,0.0,0.0,0.3022963486471145,0.23017100733135573,0.4382266764819885,0.734375,0.8923884953788312,0.1225296442687747,0.18677361974206785,1.0288559448563561,"{""parse_fail"": 4, ""render_engine_error"": 2, ""success"": 506}"
baseline_v3_Qwen3-1.7B-Base,58,0,512,64,0.98046875,1.0,0.0,8.497329393536955,6.294839056211624,8.497329393536955,9.397288911022578,0.0,6.60159362549801,0.0,0.0,0.0,0.29276156964811784,0.23408119786461232,0.447778136575743,0.8125,0.8483838778362364,0.12749003984063745,0.20702877342404744,1.1024807485751178,"{""parse_fail"": 6, ""render_engine_error"": 4, ""success"": 502}"
baseline_v3_Qwen3-1.7B-Base,59,0,512,64,0.994140625,1.0,0.0,8.6948592010478,6.822343012190522,8.6948592010478,9.419891944990177,0.0,6.813359528487228,0.0,0.0,0.0,0.33847891378883227,0.2169312927726995,0.44031418820392826,0.890625,0.9098145289129619,0.11198428290766209,0.21546955582326704,1.0000694556354814,"{""llm_generation_error"": 1, ""parse_fail"": 1, ""render_engine_error"": 2, ""success"": 508}"
baseline_v3_Qwen3-1.7B-Base,60,0,512,64,0.984375,1.0,0.0,8.59015103615521,6.5743990403823,8.59015103615521,9.385292691798945,0.0,6.666666666666668,0.0,0.0,0.0,0.32275975172546995,0.22286906005777715,0.438325898561642,0.765625,0.9056248560063164,0.10119047619047619,0.26735047525793476,1.2988681134768696,"{""llm_generation_error"": 1, ""parse_fail"": 7, ""render_engine_error"": 1, ""success"": 503}"
baseline_v3_Qwen3-1.7B-Base,61,0,512,64,0.98046875,1.0,0.0,8.588912726870296,6.571477635235786,8.588912726870296,9.365274800796811,0.0,6.601593625498005,0.0,0.0,0.0,0.34095097845184225,0.21684421389282318,0.4548767561308685,0.828125,0.8920133713972505,0.09561752988047809,0.3387741313589098,1.3237539785878212,"{""llm_generation_error"": 3, ""parse_fail"": 6, ""render_engine_error"": 4, ""success"": 499}"
baseline_v3_Qwen3-1.7B-Base,62,0,512,64,0.9765625,1.0,0.0,8.639084488888894,6.581956484200087,8.639084488888894,9.38986006666667,0.0,6.620000000000001,0.0,0.0,0.0,0.3567268458760724,0.21196984103931207,0.4754364774070394,0.796875,0.9042017368121094,0.132,0.2523956511645139,1.0394847305845156,"{""llm_generation_error"": 2, ""parse_fail"": 8, ""render_engine_error"": 4, ""success"": 498}"
baseline_v3_Qwen3-1.7B-Base,63,0,512,64,0.984375,1.0,0.0,8.655794268077598,6.669201967575993,8.655794268077598,9.428466534391534,0.0,6.7857142857142865,0.0,0.0,0.0,0.32771302129867974,0.2220620033980829,0.44239216199876924,0.921875,0.9304437256912521,0.10317460317460317,0.26271341270613735,1.4162310480686122,"{""llm_generation_error"": 1, ""parse_fail"": 5, ""render_engine_error"": 3, ""success"": 503}"
baseline_v3_Qwen3-1.7B-Base,64,0,512,64,0.982421875,1.0,0.0,8.671503931963771,6.698420255829906,8.671503931963771,9.416566699801193,0.0,6.739562624254471,0.0,0.0,0.0,0.36645910772977536,0.20886728390856926,0.4673483996141207,0.828125,0.9045070284780701,0.15705765407554673,0.2725081569687503,1.228539670217705,"{""llm_generation_error"": 2, ""parse_fail"": 9, ""success"": 501}"
baseline_v3_Qwen3-1.7B-Base,65,0,512,64,0.99609375,1.0,0.0,8.698935555555554,6.794132444679129,8.698935555555554,9.426409869281047,0.0,6.772549019607844,0.0,0.0,0.0,0.3457931737500747,0.21480864201491057,0.44251191972525455,0.84375,0.9062590055661135,0.12156862745098039,0.17931617362404964,1.1174223384914408,"{""parse_fail"": 2, ""success"": 510}"
baseline_v3_Qwen3-1.7B-Base,66,0,512,64,0.984375,1.0,0.0,8.666417592592598,6.720809925624699,8.666417592592598,9.404289087301587,0.0,6.654761904761905,0.0,0.0,0.0,0.35819822203586854,0.21179924423340224,0.452829846754035,0.828125,0.9007782334397167,0.10912698412698413,0.1744910951847842,0.8842691452182145,"{""llm_generation_error"": 1, ""parse_fail"": 6, ""render_engine_error"": 2, ""success"": 503}"
baseline_v3_Qwen3-1.7B-Base,67,0,512,64,0.98046875,1.0,0.0,8.70107213368748,6.826855723604275,8.70107213368748,9.45755109561753,0.0,6.999999999999997,0.0,0.0,0.0,0.3036869196274695,0.22933360723120577,0.4362058303162674,0.828125,0.8933230049841774,0.12151394422310757,0.2244442351688863,1.213837552863854,"{""llm_generation_error"": 1, ""parse_fail"": 8, ""render_engine_error"": 2, ""success"": 501}"
baseline_v3_Qwen3-1.7B-Base,68,0,512,64,0.982421875,1.0,0.0,8.734810227523742,6.805886213438891,8.734810227523742,9.462553313452618,0.0,6.894632206759444,0.0,0.0,0.0,0.33848625009019656,0.21831585695498176,0.4569791513032741,0.890625,0.917209933503725,0.09542743538767395,0.14662249972270266,0.9503061953991545,"{""parse_fail"": 7, ""render_engine_error"": 2, ""success"": 503}"
baseline_v3_Qwen3-1.7B-Base,69,0,512,64,0.984375,1.0,0.0,8.725714351851842,6.822619360346716,8.725714351851842,9.468862533068783,0.0,7.031746031746032,0.0,0.0,0.0,0.309227187220556,0.22713845787299505,0.4559037297136487,0.84375,0.8720777329844076,0.13690476190476192,0.15475654289032612,0.8642695825545178,"{""parse_fail"": 6, ""render_engine_error"": 2, ""success"": 504}"
baseline_v3_Qwen3-1.7B-Base,70,0,512,64,0.994140625,1.0,0.0,8.769326981008508,6.987693435628303,8.769326981008508,9.461488834315652,0.0,7.005893909626718,0.0,0.0,0.0,0.33484449428371377,0.21846001914663135,0.44053031384264774,0.8125,0.8950456611025444,0.12770137524557956,0.1304569072533836,0.8568934106067315,"{""parse_fail"": 3, ""success"": 509}"
baseline_v3_Qwen3-1.7B-Base,71,0,512,64,0.984375,1.0,0.0,8.810506701940037,7.027444775211193,8.810506701940037,9.470455820105819,0.0,6.988095238095238,0.0,0.0,0.0,0.36113553904062995,0.21032891841492693,0.45988405065028365,0.8125,0.9034037884144915,0.12103174603174603,0.11924665321420011,0.7554274173541997,"{""parse_fail"": 4, ""render_engine_error"": 4, ""success"": 504}"
baseline_v3_Qwen3-1.7B-Base,72,0,512,64,0.9765625,1.0,0.0,8.799210733333341,7.022658539497086,8.799210733333341,9.462982766666666,0.0,7.055999999999996,0.0,0.0,0.0,0.35353965589249564,0.212033269162197,0.4597196184269532,0.84375,0.907547076082962,0.13,0.2864115298884058,1.2879414921133654,"{""llm_generation_error"": 2, ""parse_fail"": 9, ""render_engine_error"": 3, ""success"": 498}"
baseline_v3_Qwen3-1.7B-Base,73,0,512,64,0.982421875,1.0,0.0,8.848672873867901,7.177234080089836,8.848672873867901,9.467906593770708,0.0,7.013916500994033,0.0,0.0,0.0,0.3727206213951777,0.20555854140316474,0.43982583641836726,0.84375,0.9305815491379765,0.10337972166998012,0.17332429984807854,0.7985523198623002,"{""llm_generation_error"": 1, ""parse_fail"": 9, ""success"": 502}"
baseline_v3_Qwen3-1.7B-Base,74,0,512,64,0.978515625,1.0,0.0,8.824297183410966,7.091597110879358,8.824297183410966,9.511129740518962,0.0,7.205588822355289,0.0,0.0,0.0,0.3135512934284171,0.2263286709159805,0.43985862011606036,0.859375,0.9266791069784601,0.10778443113772455,0.22416289143316645,1.2074512465753724,"{""llm_generation_error"": 1, ""parse_fail"": 9, ""render_engine_error"": 2, ""success"": 500}"
baseline_v3_Qwen3-1.7B-Base,75,0,512,64,0.98046875,1.0,0.0,8.840851217352808,7.109377604314783,8.840851217352808,9.516190504648074,0.0,7.266932270916335,0.0,0.0,0.0,0.3100867423161109,0.22720686903369014,0.44986417492121994,0.8125,0.9243662009843538,0.10756972111553785,0.16895125543879122,0.8446567494008729,"{""llm_generation_error"": 1, ""parse_fail"": 9, ""render_engine_error"": 1, ""success"": 501}"
baseline_v3_Qwen3-1.7B-Base,76,0,512,64,0.98828125,1.0,0.0,8.778253359683797,6.933801957432065,8.778253359683797,9.46118768115942,0.0,6.984189723320157,0.0,0.0,0.0,0.34526563882448646,0.21551161975390218,0.46533023755403813,0.84375,0.8952739594078839,0.116600790513834,0.2526948937870531,1.0412612850675063,"{""llm_generation_error"": 2, ""parse_fail"": 5, ""render_engine_error"": 1, ""success"": 504}"
baseline_v3_Qwen3-1.7B-Base,77,0,512,64,0.984375,1.0,0.0,8.815071362433873,7.056762523089131,8.815071362433873,9.509346461640215,0.0,7.142857142857143,0.0,0.0,0.0,0.32475695788467074,0.22275292508999933,0.43505131705429395,0.78125,0.9361790225562511,0.08928571428571429,0.1730811441047994,0.9684356484408818,"{""parse_fail"": 6, ""render_engine_error"": 2, ""success"": 504}"
baseline_v3_Qwen3-1.7B-Base,78,0,512,64,0.984375,1.0,0.0,8.866275418871265,7.215859239893458,8.866275418871265,9.514757043650794,0.0,7.222222222222222,0.0,0.0,0.0,0.3281853758897972,0.2208993686800574,0.431033789859037,0.796875,0.9376086113050257,0.10515873015873016,0.12779894643719547,0.8488557570272453,"{""parse_fail"": 7, ""render_engine_error"": 1, ""success"": 504}"
baseline_v3_Qwen3-1.7B-Base,79,0,512,64,0.986328125,1.0,0.0,8.8572090209021,7.095559683246607,8.8572090209021,9.50000495049505,0.0,7.1366336633663385,0.0,0.0,0.0,0.35498443640964533,0.21220386787974152,0.4767292378619361,0.84375,0.8955952295651215,0.12079207920792079,0.21296359267925,1.165035456718357,"{""llm_generation_error"": 1, ""parse_fail"": 7, ""success"": 504}"
baseline_v3_Qwen3-1.7B-Base,80,0,512,64,0.98828125,1.0,0.0,8.879558849363207,7.323313022639896,8.879558849363207,9.510642621870883,0.0,7.292490118577078,0.0,0.0,0.0,0.3236494643572903,0.22181679329900783,0.41561447748127195,0.8125,0.9386608332550168,0.08893280632411067,0.2329122985074003,1.1378492380007859,"{""llm_generation_error"": 1, ""parse_fail"": 5, ""render_engine_error"": 1, ""success"": 505}"
baseline_v3_Qwen3-1.7B-Base,81,0,512,64,0.98046875,1.0,0.0,8.902587804338214,7.290079637803274,8.902587804338214,9.522042397078355,0.0,7.298804780876495,0.0,0.0,0.0,0.33226354719850115,0.21931944693738625,0.4449566882855897,0.859375,0.9077358348433554,0.11752988047808766,0.19136110415855212,1.017729531827661,"{""llm_generation_error"": 1, ""parse_fail"": 9, ""render_engine_error"": 1, ""success"": 501}"
baseline_v3_Qwen3-1.7B-Base,82,0,512,64,0.98046875,1.0,0.0,8.90313386454183,7.213876339480926,8.90313386454183,9.516719389110223,0.0,7.211155378486054,0.0,0.0,0.0,0.3590947866462452,0.2110330710100389,0.4666481820203625,0.921875,0.9240838971937151,0.10557768924302789,0.16654934701197016,0.805251706433092,"{""llm_generation_error"": 1, ""parse_fail"": 9, ""render_engine_error"": 1, ""success"": 501}"
baseline_v3_Qwen3-1.7B-Base,83,0,512,64,0.982421875,1.0,0.0,8.861041793682348,7.128153006895527,8.861041793682348,9.532119350563287,0.0,7.308151093439357,0.0,0.0,0.0,0.3135781449821132,0.22602530582918487,0.455161213761461,0.890625,0.9233357175090907,0.09741550695825049,0.1317509464733386,0.9019061614615699,"{""parse_fail"": 8, ""render_engine_error"": 1, ""success"": 503}"
baseline_v3_Qwen3-1.7B-Base,84,0,512,64,0.994140625,1.0,0.0,8.833473324601622,7.132213721655446,8.833473324601622,9.494970956123117,0.0,7.159135559921416,0.0,0.0,0.0,0.32912069373909475,0.220606889485105,0.44497461556884305,0.859375,0.9155981327052346,0.11394891944990176,0.24551901034878135,1.0273996342320006,"{""llm_generation_error"": 2, ""parse_fail"": 2, ""render_engine_error"": 1, ""success"": 507}"
baseline_v3_Qwen3-1.7B-Base,85,0,512,64,0.982421875,1.0,0.0,8.87946584934836,7.187558047130689,8.87946584934836,9.540736216037113,0.0,7.3320079522862835,0.0,0.0,0.0,0.31502653579221723,0.22573537134303975,0.44614145164754343,0.875,0.9450943020219583,0.08349900596421471,0.17400376105338122,1.070600085990221,"{""parse_fail"": 7, ""render_engine_error"": 2, ""success"": 503}"
baseline_v3_Qwen3-1.7B-Base,86,0,512,64,0.99609375,1.0,0.0,8.935769586056649,7.326442106510904,8.935769586056649,9.546203398692809,0.0,7.415686274509804,0.0,0.0,0.0,0.31919898641059663,0.22381250509240933,0.46165766185767926,0.875,0.9039695227532262,0.12352941176470589,0.16517438736556456,0.8512296663853219,"{""llm_generation_error"": 1, ""parse_fail"": 2, ""success"": 509}"
baseline_v3_Qwen3-1.7B-Base,87,0,512,64,0.984375,1.0,0.0,8.948663447971786,7.359075709092652,8.948663447971786,9.526268981481481,0.0,7.273809523809526,0.0,0.0,0.0,0.3701446803259672,0.20710015691790462,0.4639337728806256,0.84375,0.92293960825677,0.11507936507936507,0.16955402527949523,0.8972185470601333,"{""llm_generation_error"": 1, ""parse_fail"": 7, ""render_engine_error"": 1, ""success"": 503}"
baseline_v3_Qwen3-1.7B-Base,88,0,512,64,0.982421875,1.0,0.0,8.898539982328254,7.2598816850618375,8.898539982328254,9.55297895957588,0.0,7.371769383697814,0.0,0.0,0.0,0.3068915607397042,0.2282558550413826,0.42926397102240416,0.875,0.9239155611290727,0.11133200795228629,0.14950791462156351,0.906062716119284,"{""parse_fail"": 9, ""success"": 503}"
baseline_v3_Qwen3-1.7B-Base,89,0,512,64,0.986328125,1.0,0.0,8.944009636963685,7.328399399903822,8.944009636963685,9.540502904290431,0.0,7.318811881188123,0.0,0.0,0.0,0.354711069243306,0.21232355125087302,0.45943094093405523,0.875,0.9303132507010005,0.11485148514851486,0.13228337300928333,0.8719770909688968,"{""parse_fail"": 6, ""render_engine_error"": 1, ""success"": 505}"
baseline_v3_Qwen3-1.7B-Base,90,0,512,64,0.9765625,1.0,0.0,8.954002644444445,7.402298970177668,8.954002644444445,9.553170633333332,0.0,7.424000000000002,0.0,0.0,0.0,0.3433127457700471,0.21558045403978368,0.4446565050809931,0.890625,0.9438896136561233,0.106,0.2204677494424495,1.1530984836886156,"{""llm_generation_error"": 1, ""parse_fail"": 8, ""render_engine_error"": 4, ""success"": 499}"
baseline_v3_Qwen3-1.7B-Base,91,0,512,64,0.974609375,1.0,0.0,8.962314406590968,7.419887178532392,8.962314406590968,9.578007348029393,0.0,7.531062124248499,0.0,0.0,0.0,0.30503421201843484,0.22858670069246254,0.43582669312662975,0.828125,0.9401902512588524,0.07214428857715431,0.19736076573893496,1.2529534957906807,"{""parse_fail"": 10, ""render_engine_error"": 3, ""success"": 499}"
baseline_v3_Qwen3-1.7B-Base,92,0,512,64,0.990234375,1.0,0.0,8.955253736576811,7.318314432706622,8.955253736576811,9.56789046679816,0.0,7.459566074950691,0.0,0.0,0.0,0.3306007689310566,0.22010965312247877,0.4713914581535771,0.875,0.9263937921051046,0.10848126232741617,0.14135601706894207,1.03806813733336,"{""parse_fail"": 3, ""render_engine_error"": 2, ""success"": 507}"
baseline_v3_Qwen3-1.7B-Base,93,0,512,64,0.9765625,1.0,0.0,8.959357844444444,7.415527185292311,8.959357844444444,9.541003433333335,0.0,7.360000000000003,0.0,0.0,0.0,0.34690930909850515,0.2145201005712238,0.4489401585593741,0.90625,0.9039511371830249,0.122,0.18615458585083947,0.8253063714971915,"{""llm_generation_error"": 1, ""parse_fail"": 8, ""render_engine_error"": 4, ""success"": 499}"
baseline_v3_Qwen3-1.7B-Base,94,0,512,64,0.9921875,1.0,0.0,8.940592585301845,7.38695126233602,8.940592585301845,9.544156594488188,0.0,7.433070866141733,0.0,0.0,0.0,0.3257915448766614,0.2212232433925578,0.4410866525376252,0.828125,0.9224019380671672,0.10826771653543307,0.2710326923270816,0.981586552067657,"{""llm_generation_error"": 3, ""parse_fail"": 4, ""success"": 505}"
baseline_v3_Qwen3-1.7B-Base,95,0,512,64,0.986328125,1.0,0.0,9.01820589658966,7.5571412332694035,9.01820589658966,9.563084422442243,0.0,7.4217821782178195,0.0,0.0,0.0,0.3700324360425809,0.206733050474149,0.4354465671046891,0.828125,0.9350353021618533,0.09900990099009901,0.11989218979257253,0.7953571341607464,"{""parse_fail"": 5, ""render_engine_error"": 2, ""success"": 505}"
baseline_v3_Qwen3-1.7B-Base,96,0,512,64,0.984375,1.0,0.0,8.966656216931232,7.389217789799533,8.966656216931232,9.570420833333333,0.0,7.476190476190475,0.0,0.0,0.0,0.33386254363288204,0.21920495513917992,0.45184390871633623,0.875,0.9288927803297156,0.125,0.19008812047898999,1.2874267313992045,"{""parse_fail"": 8, ""success"": 504}"
baseline_v3_Qwen3-1.7B-Base,97,0,512,64,0.990234375,1.0,0.0,8.992474446635985,7.470290885590425,8.992474446635985,9.565273142669296,0.0,7.424063116370812,0.0,0.0,0.0,0.36285973162611496,0.20944906636788765,0.4550871842923141,0.875,0.9474883147301733,0.08086785009861933,0.09051405615200238,0.6914190595034629,"{""parse_fail"": 5, ""success"": 507}"
baseline_v3_Qwen3-1.7B-Base,98,0,512,64,0.98046875,1.0,0.0,9.040349712262065,7.576373193169458,9.040349712262065,9.567563081009297,0.0,7.458167330677296,0.0,0.0,0.0,0.37666218188608186,0.20446096681665307,0.45395803530138185,0.9375,0.9341782776139524,0.12151394422310757,0.13399959440220918,0.8661054829552891,"{""parse_fail"": 10, ""success"": 502}"
baseline_v3_Qwen3-1.7B-Base,99,0,512,64,0.984375,1.0,0.0,9.016864087301586,7.502230426582957,9.016864087301586,9.576618882275135,0.0,7.484126984126988,0.0,0.0,0.0,0.34991380768966873,0.21375816603720332,0.4520619382614575,0.828125,0.9353128376167656,0.08531746031746032,0.12223248603122096,0.7793397238044196,"{""parse_fail"": 5, ""render_engine_error"": 3, ""success"": 504}"
baseline_v3_Qwen3-1.7B-Base,100,0,512,64,0.978515625,1.0,0.0,8.987653603903304,7.411955364164659,8.987653603903304,9.571966101131073,0.0,7.473053892215573,0.0,0.0,0.0,0.33807894726213594,0.21775610739785425,0.46621543537293847,0.84375,0.9174864125427938,0.11377245508982035,0.13282512300937005,0.8254694835111224,"{""parse_fail"": 9, ""render_engine_error"": 2, ""success"": 501}"
baseline_v3_Qwen3-1.7B-Base,101,0,512,64,0.994140625,1.0,0.0,9.027708753547264,7.5430726212718495,9.027708753547264,9.58704446627374,0.0,7.552062868369351,0.0,0.0,0.0,0.34571755631534107,0.2151062538888243,0.4514591083582393,0.859375,0.9257846824102858,0.1100196463654224,0.14225273683051892,1.015268867436342,"{""parse_fail"": 2, ""render_engine_error"": 1, ""success"": 509}"
baseline_v3_Qwen3-1.7B-Base,102,0,512,64,0.978515625,1.0,0.0,9.005804080727437,7.547278458981131,9.005804080727437,9.553350166333999,0.0,7.493013972055888,0.0,0.0,0.0,0.35486603572043357,0.21110212244430224,0.4440435290887181,0.90625,0.9567551051753755,0.06986027944111776,0.30895319887322586,1.2833143744677935,"{""llm_generation_error"": 3, ""parse_fail"": 11, ""success"": 498}"
baseline_v3_Qwen3-1.7B-Base,103,0,512,64,0.982421875,1.0,0.0,9.02048809366026,7.580882922914735,9.02048809366026,9.583018422796554,0.0,7.578528827037778,0.0,0.0,0.0,0.3314796769152776,0.2192533707548101,0.4346895212835993,0.875,0.9249466178049285,0.0874751491053678,0.1936695252204671,0.9552375265963481,"{""llm_generation_error"": 1, ""parse_fail"": 8, ""render_engine_error"": 1, ""success"": 502}"
baseline_v3_Qwen3-1.7B-Base,104,0,512,64,0.982421875,1.0,0.0,9.00358425005522,7.460951001190852,9.00358425005522,9.576317395626242,0.0,7.48707753479125,0.0,0.0,0.0,0.3506907419311493,0.21346367265440638,0.4585606949204532,0.78125,0.9433491400264006,0.10337972166998012,0.1324873361983402,0.8965266174568707,"{""parse_fail"": 9, ""success"": 503}"
baseline_v3_Qwen3-1.7B-Base,105,0,512,64,0.986328125,1.0,0.0,9.034723388338838,7.569492999077165,9.034723388338838,9.591193993399338,0.0,7.599999999999998,0.0,0.0,0.0,0.33546648788272193,0.2180713922403478,0.4441981439699607,0.890625,0.9342130743366277,0.11089108910891089,0.09285478217580592,0.655143493147149,"{""parse_fail"": 7, ""success"": 505}"
baseline_v3_Qwen3-1.7B-Base,106,0,512,64,0.978515625,1.0,0.0,9.001263783544028,7.511009687108621,9.001263783544028,9.590119228210243,0.0,7.624750499001993,0.0,0.0,0.0,0.31435341150132906,0.2246264408343069,0.4387797483311895,0.9375,0.9520347641566285,0.05788423153692615,0.19742525288987883,1.075217153218131,"{""llm_generation_error"": 1, ""parse_fail"": 10, ""render_engine_error"": 1, ""success"": 500}"
baseline_v3_Qwen3-1.7B-Base,107,0,512,64,0.984375,1.0,0.0,8.982899889770737,7.438397887566772,8.982899889770737,9.57094375,0.0,7.503968253968255,0.0,0.0,0.0,0.3250332497519133,0.2219039293957649,0.44451286723579636,0.890625,0.9310794104362915,0.09523809523809523,0.16968563286809846,0.892273832442223,"{""llm_generation_error"": 1, ""parse_fail"": 2, ""render_engine_error"": 6, ""success"": 503}"
baseline_v3_Qwen3-1.7B-Base,108,0,512,64,0.986328125,1.0,0.0,9.073269966996687,7.661850938159808,9.073269966996687,9.593964356435643,0.0,7.643564356435643,0.0,0.0,0.0,0.34456673208763533,0.21444267422315458,0.4486384427450489,0.9375,0.9614924700035467,0.09504950495049505,0.13573455722177913,0.7071558016592175,"{""llm_generation_error"": 1, ""parse_fail"": 6, ""render_engine_error"": 1, ""success"": 504}"
baseline_v3_Qwen3-1.7B-Base,109,0,512,64,0.98828125,1.0,0.0,9.083061045234965,7.727180184843081,9.083061045234965,9.598241106719367,0.0,7.608695652173912,0.0,0.0,0.0,0.35661572886606024,0.21090351899744333,0.43853078893551356,0.859375,0.9475905999698072,0.08300395256916997,0.10564984939554252,0.6928626701879316,"{""parse_fail"": 6, ""success"": 506}"
baseline_v3_Qwen3-1.7B-Base,110,0,512,64,0.978515625,1.0,0.0,9.030904856952771,7.543087022793161,9.030904856952771,9.605239520958085,0.0,7.6566866267465095,0.0,0.0,0.0,0.30747461983848756,0.2277264524029994,0.44498026693529097,0.859375,0.9361028108055902,0.08782435129740519,0.11457968901128336,0.784098377610691,"{""parse_fail"": 7, ""render_engine_error"": 4, ""success"": 501}"
baseline_v3_Qwen3-1.7B-Base,111,0,512,64,0.982421875,1.0,0.0,8.987209277667327,7.37191259782044,8.987209277667327,9.600727766732936,0.0,7.6182902584493055,0.0,0.0,0.0,0.29833243557020445,0.23111174895788125,0.4754023779314858,0.828125,0.9132082072846658,0.09343936381709742,0.1346802951641038,0.8530706486898184,"{""parse_fail"": 7, ""render_engine_error"": 2, ""success"": 503}"
baseline_v3_Qwen3-1.7B-Base,112,0,512,64,0.986328125,1.0,0.0,9.049306930693067,7.639069844406207,9.049306930693067,9.623597359735975,0.0,7.805940594059404,0.0,0.0,0.0,0.2794802669462042,0.23666082687226764,0.44510531485678345,0.90625,0.9397938877020238,0.09900990099009901,0.15394427739186597,0.7789501447599668,"{""llm_generation_error"": 1, ""parse_fail"": 4, ""render_engine_error"": 3, ""success"": 504}"
baseline_v3_Qwen3-1.7B-Base,113,0,512,64,0.974609375,1.0,0.0,9.123231039857489,7.759088021650855,9.123231039857489,9.616376285905144,0.0,7.743486973947898,0.0,0.0,0.0,0.3494013359356526,0.21277207031984324,0.46627839995300757,0.921875,0.9466880114324427,0.09218436873747494,0.14648932201139755,0.6952409272455167,"{""llm_generation_error"": 1, ""parse_fail"": 4, ""render_engine_error"": 9, ""success"": 498}"
baseline_v3_Qwen3-1.7B-Base,114,0,512,64,0.98046875,1.0,0.0,9.05147189021691,7.647240799880237,9.05147189021691,9.603502656042497,0.0,7.665338645418329,0.0,0.0,0.0,0.33698581637886305,0.21732765851507704,0.4345501473662528,0.9375,0.9597275068135834,0.09163346613545817,0.2537499716874516,1.2707414462001432,"{""llm_generation_error"": 1, ""parse_fail"": 9, ""render_engine_error"": 1, ""success"": 501}"
baseline_v3_Qwen3-1.7B-Base,115,0,512,64,0.970703125,1.0,0.0,9.00906121171473,7.439413658652212,9.00906121171473,9.608494567404426,0.0,7.665995975855132,0.0,0.0,0.0,0.3055275463440493,0.2281985381146269,0.453447557470963,0.875,0.9381354365608452,0.08853118712273642,0.16537394333002667,1.0642860793004707,"{""parse_fail"": 6, ""render_engine_error"": 9, ""success"": 497}"
baseline_v3_Qwen3-1.7B-Base,116,0,512,64,0.96484375,1.0,0.0,9.055382546108861,7.646394528694972,9.055382546108861,9.61276342780027,0.0,7.684210526315789,0.0,0.0,0.0,0.3174184317780455,0.22409846638844363,0.4312617265772911,0.859375,0.9481435726595455,0.06882591093117409,0.12209273812347672,0.7710924732687923,"{""parse_fail"": 8, ""render_engine_error"": 10, ""success"": 494}"
baseline_v3_Qwen3-1.7B-Base,117,0,512,64,0.96484375,1.0,0.0,9.088826878092664,7.7270013693709885,9.088826878092664,9.62041980431849,0.0,7.736842105263166,0.0,0.0,0.0,0.3285381242098292,0.22034853466042525,0.437999143763707,0.890625,0.9462641595449554,0.08906882591093117,0.114011627461605,0.8445045430731957,"{""parse_fail"": 4, ""render_engine_error"": 14, ""success"": 494}"
baseline_v3_Qwen3-1.7B-Base,118,0,512,64,0.984375,1.0,0.0,9.062833156966498,7.630326559593298,9.062833156966498,9.623383333333335,0.0,7.757936507936509,0.0,0.0,0.0,0.29645362497465555,0.23098932206773734,0.44618214864852235,0.78125,0.9157181198905066,0.125,0.09319532918640723,0.586752659768325,"{""parse_fail"": 3, ""render_engine_error"": 5, ""success"": 504}"
baseline_v3_Qwen3-1.7B-Base,119,0,512,64,0.986328125,1.0,0.0,9.078612035203529,7.684239040211801,9.078612035203529,9.615442805280528,0.0,7.702970297029704,0.0,0.0,0.0,0.3328093642729642,0.21892067809681015,0.4365123637926122,0.875,0.9583080638626332,0.07524752475247524,0.11734125659556573,0.7924080017363749,"{""parse_fail"": 2, ""render_engine_error"": 5, ""success"": 505}"
baseline_v3_Qwen3-1.7B-Base,120,0,512,64,0.986328125,1.0,0.0,9.041511749174928,7.571283970015508,9.041511749174928,9.611607557755777,0.0,7.675247524752476,0.0,0.0,0.0,0.3131288134223312,0.22594180591975657,0.44782941785084135,0.875,0.9421084613211156,0.09306930693069307,0.09802197344596157,0.6806534779275001,"{""parse_fail"": 2, ""render_engine_error"": 5, ""success"": 505}"
baseline_v3_Qwen3-1.7B-Base,121,0,512,64,0.98828125,1.0,0.0,9.095884299516907,7.757719718163691,9.095884299516907,9.632363998682477,0.0,7.7984189723320165,0.0,0.0,0.0,0.31186019587072455,0.22560728119105342,0.4180260436009502,0.890625,0.9477756931240353,0.06521739130434782,0.11522547238662068,0.7236466612404059,"{""parse_fail"": 3, ""render_engine_error"": 3, ""success"": 506}"
baseline_v3_Qwen3-1.7B-Base,122,0,512,64,0.978515625,1.0,0.0,9.114546972721222,7.78812250676948,9.114546972721222,9.63080249500998,0.0,7.792415169660682,0.0,0.0,0.0,0.32844865037102455,0.2200221780141455,0.42835507724514915,0.90625,0.9574732119232052,0.06786427145708583,0.12395599489163774,0.720945252010151,"{""parse_fail"": 8, ""render_engine_error"": 3, ""success"": 501}"
baseline_v3_Qwen3-1.7B-Base,123,0,512,64,0.994140625,1.0,0.0,9.07474575420214,7.665546689583891,9.07474575420214,9.602459168303865,0.0,7.634577603143418,0.0,0.0,0.0,0.350815594381993,0.21278745350063288,0.44988792919489023,0.75,0.9135286285013445,0.10805500982318271,0.07942979460489513,0.541722530407059,"{""parse_fail"": 3, ""success"": 509}"
baseline_v3_Qwen3-1.7B-Base,124,0,512,64,0.962890625,1.0,0.0,9.07694388100068,7.6847945501329455,9.07694388100068,9.612576064908724,0.0,7.68356997971603,0.0,0.0,0.0,0.335249384920515,0.21816644168200602,0.4415725567255857,0.921875,0.9567391437042868,0.07910750507099391,0.10819119962478305,0.7847581361810136,"{""parse_fail"": 4, ""render_engine_error"": 15, ""success"": 493}"
baseline_v3_Qwen3-1.7B-Base,125,0,512,64,0.98046875,1.0,0.0,9.080292983621078,7.646207076062299,9.080292983621078,9.618281440903056,0.0,7.717131474103588,0.0,0.0,0.0,0.3334423788063865,0.21838041047131104,0.4524844297979642,0.953125,0.9493128098428009,0.08366533864541832,0.15531952077432806,0.9935769132565789,"{""parse_fail"": 8, ""render_engine_error"": 2, ""success"": 502}"
baseline_v3_Qwen3-1.7B-Base,126,0,512,64,0.982421875,1.0,0.0,9.090788601722997,7.6962263752641045,9.090788601722997,9.619615639496356,0.0,7.717693836978133,0.0,0.0,0.0,0.3293851026380389,0.21984756823834872,0.44711519128963734,0.90625,0.9401646557243896,0.08151093439363817,0.10305673104745375,0.6780382882150671,"{""parse_fail"": 7, ""render_engine_error"": 2, ""success"": 503}"
baseline_v3_Qwen3-1.7B-Base,127,0,512,64,0.97265625,1.0,0.0,9.06738063364569,7.6430619575483965,9.06738063364569,9.626506024096386,0.0,7.807228915662653,0.0,0.0,0.0,0.29525639373083146,0.23133663030707222,0.44931794616173476,0.875,0.9325846624114273,0.08433734939759036,0.1757196766148589,0.917847102690893,"{""llm_generation_error"": 1, ""parse_fail"": 6, ""render_engine_error"": 8, ""success"": 497}"
baseline_v3_Qwen3-1.7B-Base,128,0,512,64,0.984375,1.0,0.0,9.093474426807765,7.7073546197694975,9.093474426807765,9.627645502645503,0.0,7.773809523809525,0.0,0.0,0.0,0.3231842275719593,0.22193131252748036,0.44789089907952034,0.90625,0.9515470293064384,0.08134920634920635,0.1354708329970684,0.8450467969295042,"{""parse_fail"": 5, ""render_engine_error"": 3, ""success"": 504}"
baseline_v3_Qwen3-1.7B-Base,129,0,512,64,0.98828125,1.0,0.0,9.10751581027667,7.765757850673058,9.10751581027667,9.616807312252964,0.0,7.711462450592888,0.0,0.0,0.0,0.3416627176325973,0.21592998403827215,0.439985361184375,0.8125,0.9444349128455164,0.08300395256916997,0.0695822721154296,0.473620314650026,"{""parse_fail"": 1, ""render_engine_error"": 5, ""success"": 506}"
baseline_v3_Qwen3-1.7B-Base,130,0,512,64,0.9921875,1.0,0.0,9.150590551181109,7.88107705360766,9.150590551181109,9.633202099737533,0.0,7.8385826771653555,0.0,0.0,0.0,0.3407430132752294,0.21534900816645997,0.44809514765622227,0.796875,0.9624064032825896,0.08070866141732283,0.1176185598298926,0.5523367851242951,"{""llm_generation_error"": 1, ""parse_fail"": 4, ""success"": 507}"
baseline_v3_Qwen3-1.7B-Base,131,0,512,64,0.96875,1.0,0.0,9.071777217741943,7.711633600217701,9.071777217741943,9.617309643817205,0.0,7.717741935483874,0.0,0.0,0.0,0.31714905363350593,0.2242525477249262,0.43363996465141336,0.875,0.9593385352455805,0.10685483870967742,0.10620966662747995,0.7124755757849535,"{""parse_fail"": 4, ""render_engine_error"": 12, ""success"": 496}"
baseline_v3_Qwen3-1.7B-Base,132,0,512,64,0.978515625,1.0,0.0,9.123622044799296,7.779558218109231,9.123622044799296,9.63786154357951,0.0,7.844311377245509,0.0,0.0,0.0,0.30638947825189844,0.2269306614505169,0.441881920453079,0.90625,0.9535806526523785,0.10179640718562874,0.0702943357615312,0.4316273901267887,"{""parse_fail"": 8, ""render_engine_error"": 3, ""success"": 501}"
baseline_v3_Qwen3-1.7B-Base,133,0,512,64,0.96875,1.0,0.0,9.071301456093197,7.599416014365319,9.071301456093197,9.627684711021507,0.0,7.770161290322587,0.0,0.0,0.0,0.31576748824895656,0.22462787627878975,0.46429674583017105,0.859375,0.9449629380052869,0.06451612903225806,0.1143297293852782,0.8225388979158245,"{""parse_fail"": 4, ""render_engine_error"": 12, ""success"": 496}"
baseline_v3_Qwen3-1.7B-Base,134,0,512,64,0.9765625,1.0,0.0,9.196999999999981,7.97645701012,9.196999999999981,9.662666666666667,0.0,7.976000000000001,0.0,0.0,0.0,0.33471214714633957,0.2169423483745648,0.4452580382096156,0.9375,0.9603451049489204,0.08536585365853659,0.12408012315169126,0.866262112777439,"{""parse_fail"": 7, ""render_engine_error"": 5, ""success"": 500}"
baseline_v3_Qwen3-1.7B-Base,135,0,512,64,0.990234375,1.0,0.0,9.122890642121417,7.82724542326254,9.122890642121417,9.637984878369494,0.0,7.869822485207099,0.0,0.0,0.0,0.32003868661608104,0.2225886677176331,0.43664976444172815,0.859375,0.9467220559850604,0.08284023668639054,0.18668799883053627,0.9620688414106487,"{""llm_generation_error"": 1, ""parse_fail"": 5, ""success"": 506}"
baseline_v3_Qwen3-1.7B-Base,136,0,512,64,0.9921875,1.0,0.0,9.12961504811898,7.827455879069545,9.12961504811898,9.63254593175853,0.0,7.79527559055118,0.0,0.0,0.0,0.33991414111532214,0.21624256523938745,0.4348787149679476,0.90625,0.9271063884613787,0.09055118110236221,0.08686312321916291,0.5557689674172005,"{""parse_fail"": 4, ""success"": 508}"
baseline_v3_Qwen3-1.7B-Base,137,0,512,64,0.994140625,1.0,0.0,9.10433156516046,7.727478916943118,9.10433156516046,9.606792043222004,0.0,7.724950884086445,0.0,0.0,0.0,0.3445365675168589,0.21438222740022073,0.45553046813887615,0.890625,0.9531264134858674,0.07465618860510806,0.18690248037406051,0.7569338762364345,"{""llm_generation_error"": 2, ""parse_fail"": 3, ""success"": 507}"
baseline_v3_Qwen3-1.7B-Base,138,0,512,64,0.966796875,1.0,0.0,9.12509539842873,7.826540237901201,9.12509539842873,9.655892255892256,0.0,7.935353535353541,0.0,0.0,0.0,0.3089435029291864,0.22587912685639377,0.4187334042651595,0.890625,0.955655167807485,0.08282828282828283,0.08910725453536614,0.6354138330159039,"{""parse_fail"": 3, ""render_engine_error"": 14, ""success"": 495}"
baseline_v3_Qwen3-1.7B-Base,139,0,512,64,0.982421875,1.0,0.0,9.090309432295117,7.691956510530629,9.090309432295117,9.622674221338636,0.0,7.753479125248508,0.0,0.0,0.0,0.3506980131412591,0.21222311185398582,0.45046217824583035,0.859375,0.9487943503766795,0.08349900596421471,0.13309881709586424,0.8799558878795638,"{""parse_fail"": 5, ""render_engine_error"": 4, ""success"": 503}"
baseline_v3_Qwen3-1.7B-Base,140,0,512,64,0.990234375,1.0,0.0,9.12524654832346,7.80343782138407,9.12524654832346,9.64431295200526,0.0,7.86587771203156,0.0,0.0,0.0,0.31758951964744764,0.22348502724625566,0.4377156098097765,0.90625,0.9388339821612807,0.10650887573964497,0.1290548626858151,0.81455034765956,"{""render_engine_error"": 5, ""success"": 507}"
baseline_v3_n16_0422_Qwen3-1.7B-Base,1,0,1024,64,0.9814453125,1.0,0.0,6.1329562741846235,2.7047477420716075,6.1329562741846235,7.9957859867330034,0.0,4.587064676616917,0.0,0.0,0.0,0.1065353961380498,0.28332064612625735,0.33856052048387986,0.671875,0.8746563189388267,0.18208955223880596,2.265631588698762,3.2363105629779096,"{""judge_fail"": 1, ""llm_generation_error"": 192, ""parse_fail"": 6, ""render_engine_error"": 12, ""success"": 813}"
baseline_v3_n16_0422_Qwen3-1.7B-Base,2,0,1024,64,0.9736328125,1.0,0.0,6.124174501281618,2.6701882568679287,6.124174501281618,8.001540922768308,0.0,4.491474423269807,0.0,0.0,0.0,0.10941350856260405,0.28232767635352257,0.33368667055853957,0.734375,0.8923944839837596,0.15747241725175526,2.2496894674972556,3.2147608395970106,"{""llm_generation_error"": 204, ""parse_fail"": 13, ""render_engine_error"": 14, ""success"": 793}"
baseline_v3_n16_0422_Qwen3-1.7B-Base,3,0,1024,64,0.986328125,1.0,0.0,6.109049449944993,2.647050378346467,6.109049449944993,7.988821699669969,0.0,4.528712871287132,0.0,0.0,0.0,0.10707665896112924,0.2838173645780612,0.3376319800956475,0.78125,0.8935907292768264,0.18118811881188118,2.3386821923220515,3.16970663061724,"{""llm_generation_error"": 208, ""parse_fail"": 13, ""render_engine_error"": 1, ""success"": 802}"
baseline_v3_n16_0422_Qwen3-1.7B-Base,4,0,1024,64,0.9873046875,1.0,0.0,6.22206297395317,2.8220011010796013,6.22206297395317,8.066559676887573,0.0,4.666666666666672,0.0,0.0,0.0,0.110011810513555,0.2831963868408407,0.33899780240456806,0.703125,0.9015011561901753,0.1543026706231454,2.259020946580702,3.515930083663474,"{""llm_generation_error"": 187, ""parse_fail"": 4, ""render_engine_error"": 9, ""success"": 824}"
baseline_v3_n16_0422_Qwen3-1.7B-Base,5,0,1024,64,0.982421875,1.0,0.0,6.326473337751257,2.891357052950658,6.326473337751257,8.174882306163024,0.0,4.679920477137175,0.0,0.0,0.0,0.11479317260375047,0.28383897853734424,0.33805208390750235,0.71875,0.8788603966826845,0.17395626242544732,1.953877584359246,3.014584047936689,"{""judge_fail"": 1, ""llm_generation_error"": 148, ""parse_fail"": 4, ""render_engine_error"": 13, ""success"": 858}"
baseline_v3_n16_0422_Qwen3-1.7B-Base,6,0,1024,64,0.9794921875,1.0,0.0,6.296863498393698,2.9003050540890714,6.296863498393698,8.129243403123963,0.0,4.7138584247258235,0.0,0.0,0.0,0.11192960492159382,0.28416214950676144,0.3420547102961883,0.765625,0.8686783185806659,0.19641076769690927,2.205276947430293,3.349124306174262,"{""llm_generation_error"": 171, ""parse_fail"": 10, ""render_engine_error"": 11, ""success"": 832}"
baseline_v3_n16_0422_Qwen3-1.7B-Base,7,0,1024,64,0.9833984375,1.0,0.0,6.342613825444105,2.8504311391230144,6.342613825444105,8.2114546673287,0.0,4.758689175769608,0.0,0.0,0.0,0.1106811851085979,0.28567271312011994,0.3416039938348552,0.75,0.8677395083045968,0.18570009930486595,2.005035299298056,3.068034020241512,"{""llm_generation_error"": 158, ""parse_fail"": 5, ""render_engine_error"": 12, ""success"": 849}"
baseline_v3_n16_0422_Qwen3-1.7B-Base,8,0,1024,64,0.986328125,1.0,0.0,6.503645104510443,2.9554079338913737,6.503645104510443,8.385236633663373,0.0,5.03564356435643,0.0,0.0,0.0,0.10346323814928027,0.29037398602970793,0.3581703524113471,0.671875,0.8392447205370895,0.18613861386138614,1.5563424951399643,2.6019052286791493,"{""llm_generation_error"": 106, ""parse_fail"": 6, ""render_engine_error"": 8, ""success"": 904}"
baseline_v3_n16_0422_Qwen3-1.7B-Base,9,0,1024,64,0.98828125,1.0,0.0,6.491133322353967,2.9839439157253542,6.491133322353967,8.355771129776024,0.0,5.069169960474309,0.0,0.0,0.0,0.10016808273032357,0.29093259468133814,0.35246258771728867,0.75,0.8574842464101433,0.18181818181818182,1.7038146294888394,2.747521770757353,"{""llm_generation_error"": 119, ""parse_fail"": 7, ""render_engine_error"": 5, ""success"": 893}"
baseline_v3_n16_0422_Qwen3-1.7B-Base,10,0,1024,64,0.974609375,1.0,0.0009765625,6.612879904252942,3.1149585704416736,6.612879904252942,8.463023931195726,0.0,5.164328657314632,0.0,0.0,0.0,0.10375002010659073,0.29172935713187126,0.3496548662027254,0.75,0.8570204041702476,0.18036072144288579,1.5826534164722863,2.668508716224009,"{""judge_fail"": 1, ""llm_generation_error"": 104, ""parse_fail"": 7, ""render_engine_error"": 17, ""request_error"": 1, ""success"": 894}"
baseline_v3_n16_0422_Qwen3-1.7B-Base,11,0,1024,64,0.986328125,1.0,0.0,6.654123729372921,3.2089569056710374,6.654123729372921,8.466086584158418,0.0,5.148514851485152,0.0,0.0,0.0,0.10759853447034194,0.28949435723038003,0.36204165059640264,0.78125,0.8485420715556465,0.200990099009901,1.5522577182734905,2.7072641543009874,"{""llm_generation_error"": 99, ""parse_fail"": 5, ""render_engine_error"": 9, ""success"": 911}"
baseline_v3_n16_0422_Qwen3-1.7B-Base,12,0,1024,64,0.9853515625,1.0,0.0,6.782155522519543,3.391054857446358,6.782155522519543,8.560266650148666,0.0,5.129831516352824,0.0,0.0,0.0,0.12157174158657479,0.2867401500440503,0.35197148932608535,0.765625,0.866460861390441,0.17145688800792863,1.460185385613988,2.836873736445784,"{""llm_generation_error"": 81, ""parse_fail"": 5, ""render_engine_error"": 10, ""success"": 928}"
baseline_v3_n16_0422_Qwen3-1.7B-Base,13,0,1024,64,0.9833984375,1.0,0.0,6.876814895729887,3.4263709133798885,6.876814895729887,8.668085633896064,0.0,5.352532274081429,0.0,0.0,0.0,0.10991764541872243,0.2915637761791159,0.36865602947819853,0.8125,0.834998151455168,0.19463753723932473,1.2448523403019118,2.4940616387292502,"{""llm_generation_error"": 62, ""parse_fail"": 7, ""render_engine_error"": 10, ""success"": 945}"
baseline_v3_n16_0422_Qwen3-1.7B-Base,14,0,1024,64,0.978515625,1.0,0.0,6.949734841428245,3.5275396183541985,6.949734841428245,8.718015435795078,0.0,5.4091816367265455,0.0,0.0,0.0,0.11251719587568985,0.29146349953155226,0.3713235446854841,0.65625,0.8625053190694169,0.17265469061876249,1.205837482420326,2.578768980699772,"{""llm_generation_error"": 59, ""parse_fail"": 7, ""render_engine_error"": 15, ""success"": 943}"
baseline_v3_n16_0422_Qwen3-1.7B-Base,15,0,1024,64,0.9892578125,1.0,0.0,7.025084457606662,3.596416325138175,7.025084457606662,8.793204179006256,0.0,5.474827245804536,0.0,0.0,0.0,0.11467805718025707,0.2913656709167358,0.36957137023055653,0.671875,0.8729810319984008,0.17769002961500494,1.2080694042997249,2.662882640464686,"{""llm_generation_error"": 58, ""parse_fail"": 6, ""render_engine_error"": 5, ""success"": 955}"
baseline_v3_n16_0422_Qwen3-1.7B-Base,16,0,1024,64,0.9853515625,1.0,0.0,7.026723885034684,3.7045375133542766,7.026723885034684,8.750723422530562,0.0,5.488602576808724,0.0,0.0,0.0,0.11564085367955379,0.2901971328992192,0.3662589115642139,0.671875,0.8548011025622819,0.1774033696729435,1.1635458243056322,2.5797859356140993,"{""llm_generation_error"": 55, ""parse_fail"": 7, ""render_engine_error"": 8, ""success"": 954}"
baseline_v3_n16_0422_Qwen3-1.7B-Base,17,0,1024,64,0.9814453125,1.0,0.0,7.139139458264225,3.8672932542149665,7.139139458264225,8.826934726368163,0.0,5.412935323383086,0.0,0.0,0.0,0.1322111332569433,0.28572269982318294,0.3622270361665026,0.859375,0.864065451558455,0.14427860696517414,0.977084757944262,2.529094114076295,"{""llm_generation_error"": 35, ""parse_fail"": 7, ""render_engine_error"": 12, ""success"": 970}"
baseline_v3_n16_0422_Qwen3-1.7B-Base,18,0,1024,64,0.9765625,1.0,0.0,7.1840969222222215,3.943629365014373,7.1840969222222215,8.848062050000003,0.0,5.549999999999996,0.0,0.0,0.0,0.1268584827207342,0.2874366251803176,0.37177693165934717,0.625,0.8873680392264803,0.142,1.0827943543659222,2.686978878059706,"{""llm_generation_error"": 42, ""parse_fail"": 7, ""render_engine_error"": 17, ""success"": 958}"
baseline_v3_n16_0422_Qwen3-1.7B-Base,19,0,1024,64,0.978515625,1.0,0.0,7.266981858505206,3.939272413826593,7.266981858505206,8.966756886227543,0.0,5.636726546906186,0.0,0.0,0.0,0.12587138451306548,0.2890728388009448,0.36304284677093657,0.640625,0.8645736549789935,0.15169660678642716,0.8038565359628512,2.299314789604119,"{""llm_generation_error"": 25, ""parse_fail"": 7, ""render_engine_error"": 15, ""success"": 977}"
baseline_v3_n16_0422_Qwen3-1.7B-Base,20,0,1024,64,0.9912109375,1.0,0.0,7.373507312534206,4.2294164377617705,7.373507312534206,8.977370985221674,0.0,5.647290640394084,0.0,0.0,0.0,0.1383331092809225,0.28471817365453056,0.3615287331176961,0.703125,0.8840517755895944,0.1497536945812808,0.7928720837930767,2.2666044997853434,"{""llm_generation_error"": 25, ""parse_fail"": 5, ""render_engine_error"": 4, ""success"": 990}"
baseline_v3_n16_0422_Qwen3-1.7B-Base,21,0,1024,64,0.9931640625,1.0,0.0,7.381960843439306,4.142855747984086,7.381960843439306,9.033019927892497,0.0,5.73647984267453,0.0,0.0,0.0,0.12673541440456165,0.28907412576258723,0.3720118859008142,0.71875,0.8880408441558965,0.12586037364798427,0.6865063520390009,2.121203436190396,"{""llm_generation_error"": 20, ""parse_fail"": 4, ""render_engine_error"": 3, ""success"": 997}"
baseline_v3_n16_0422_Qwen3-1.7B-Base,22,0,1024,64,0.98828125,1.0,0.0,7.4758559947299075,4.307518031119782,7.4758559947299075,9.083826811594205,0.0,5.683794466403165,0.0,0.0,0.0,0.14259965781995504,0.2838256536802943,0.36477037314245786,0.75,0.9108683090259176,0.11067193675889328,0.5625723491427034,2.0384051778273258,"{""llm_generation_error"": 13, ""parse_fail"": 9, ""render_engine_error"": 3, ""success"": 999}"
baseline_v3_n16_0422_Qwen3-1.7B-Base,23,0,1024,64,0.986328125,1.0,0.0,7.537731023102304,4.503635115074151,7.537731023102304,9.07110148514852,0.0,5.813861386138609,0.0,0.0,0.0,0.14916896749901476,0.28140924361364394,0.36165426814905166,0.8125,0.9078207847007007,0.1306930693069307,0.787636654829677,2.3264363777683714,"{""llm_generation_error"": 24, ""parse_fail"": 6, ""render_engine_error"": 8, ""success"": 986}"
baseline_v3_n16_0422_Qwen3-1.7B-Base,24,0,1024,64,0.9892578125,1.0,0.0,7.576105319732363,4.5480533817625055,7.576105319732363,9.097787462981243,0.0,5.733464955577488,0.0,0.0,0.0,0.15842092832696614,0.2781260659400057,0.3646303413170306,0.765625,0.8956705923236795,0.10957551826258638,0.5812290537518883,2.0755300118317863,"{""llm_generation_error"": 12, ""parse_fail"": 5, ""render_engine_error"": 6, ""success"": 1001}"
baseline_v3_n16_0422_Qwen3-1.7B-Base,25,0,1024,64,0.9892578125,1.0,0.0,7.575287386201602,4.5215046789112066,7.575287386201602,9.11852502467917,0.0,5.836130306021722,0.0,0.0,0.0,0.14740833474712492,0.2816940885957828,0.3693752966049038,0.828125,0.9035550786192089,0.10266535044422508,0.592999615411107,2.192976764533681,"{""llm_generation_error"": 12, ""parse_fail"": 7, ""render_engine_error"": 4, ""success"": 1001}"
baseline_v3_n16_0422_Qwen3-1.7B-Base,26,0,1024,64,0.990234375,1.0,0.0,7.626852487398643,4.611072512018645,7.626852487398643,9.128362228796847,0.0,5.850098619329385,0.0,0.0,0.0,0.15917878561473975,0.27803560522385634,0.3710283037081645,0.84375,0.9125709860021594,0.09960552268244575,0.5960769594736832,2.156754824022007,"{""llm_generation_error"": 13, ""parse_fail"": 5, ""render_engine_error"": 5, ""success"": 1001}"
baseline_v3_n16_0422_Qwen3-1.7B-Base,27,0,1024,64,0.9853515625,1.0,0.0,7.69572276181038,4.784351520805531,7.69572276181038,9.134598348199537,0.0,5.813676907829538,0.0,0.0,0.0,0.17197554638472612,0.27425269488294607,0.3756741267259721,0.6875,0.9203625482568096,0.10901883052527254,0.591598770309956,2.1158174011174227,"{""llm_generation_error"": 13, ""parse_fail"": 9, ""render_engine_error"": 6, ""success"": 996}"
baseline_v3_n16_0422_Qwen3-1.7B-Base,28,0,1024,64,0.98828125,1.0,0.0,7.7109455423803235,4.828090337449474,7.7109455423803235,9.133315546772069,0.0,5.800395256916996,0.0,0.0,0.0,0.1762152888949781,0.2721425379936428,0.36720012387577194,0.75,0.9120067282012678,0.10474308300395258,0.5457302063634706,1.9408219987888868,"{""llm_generation_error"": 12, ""parse_fail"": 8, ""render_engine_error"": 4, ""success"": 1000}"
baseline_v3_n16_0422_Qwen3-1.7B-Base,29,0,1024,64,0.9892578125,1.0,0.0,7.771297367555131,4.897277945200325,7.771297367555131,9.192878923988152,0.0,5.897334649555774,0.0,0.0,0.0,0.17176872813443045,0.2747096805947143,0.36892342428807906,0.828125,0.9227805228076458,0.07601184600197433,0.5111871775900282,1.9956709680178273,"{""llm_generation_error"": 9, ""parse_fail"": 7, ""render_engine_error"": 4, ""success"": 1004}"
baseline_v3_n16_0422_Qwen3-1.7B-Base,30,0,1024,64,0.98828125,1.0,0.0,7.862548495827845,5.059534918618381,7.862548495827845,9.230746327404484,0.0,6.075098814229251,0.0,0.0,0.0,0.1685514511306935,0.27536021950525563,0.38634216864293464,0.703125,0.9265622209835456,0.09782608695652174,0.49525812331023533,2.156846974017825,"{""llm_generation_error"": 5, ""parse_fail"": 11, ""render_engine_error"": 1, ""success"": 1007}"
baseline_v3_n16_0422_Qwen3-1.7B-Base,31,0,1024,64,0.9931640625,1.0,0.0,7.919754878182016,5.275642846496956,7.919754878182016,9.201084300229434,0.0,5.9705014749262615,0.0,0.0,0.0,0.19773880869915203,0.26533029090069427,0.3742929559260844,0.890625,0.9332684692900531,0.09144542772861357,0.5112551329281585,2.0399911674070683,"{""llm_generation_error"": 7, ""parse_fail"": 5, ""render_engine_error"": 2, ""success"": 1010}"
baseline_v3_n16_0422_Qwen3-1.7B-Base,32,0,1024,64,0.9912109375,1.0,0.0,7.951460142309807,5.255785556156834,7.951460142309807,9.228569523809528,0.0,5.9743842364532025,0.0,0.0,0.0,0.20375489958711285,0.26398879594255437,0.3913828323368184,0.796875,0.9238003062855061,0.11625615763546798,0.45226312824608406,1.852311667313368,"{""llm_generation_error"": 6, ""parse_fail"": 8, ""render_engine_error"": 1, ""success"": 1009}"
baseline_v3_n16_0422_Qwen3-1.7B-Base,33,0,1024,64,0.99609375,1.0,0.0,7.963685664488029,5.379005715571898,7.963685664488029,9.19510366013072,0.0,5.901960784313726,0.0,0.0,0.0,0.22195640582349582,0.25721552194026037,0.3751134280659147,0.75,0.9264715044232154,0.08627450980392157,0.4920991672603874,1.9400094582404306,"{""llm_generation_error"": 7, ""parse_fail"": 4, ""success"": 1013}"
baseline_v3_n16_0422_Qwen3-1.7B-Base,34,0,1024,64,0.9931640625,1.0,0.0,8.05451726209986,5.572163086449909,8.05451726209986,9.2350207309079,0.0,6.117994100294984,0.0,0.0,0.0,0.21892956835516655,0.25743800083659557,0.37459569077174415,0.828125,0.9297761747591969,0.08062930186823992,0.4687894684918155,1.9399704352164981,"{""llm_generation_error"": 6, ""parse_fail"": 6, ""render_engine_error"": 1, ""success"": 1011}"
baseline_v3_n16_0422_Qwen3-1.7B-Base,35,0,1024,64,0.9921875,1.0,0.0,8.086087521872264,5.511892221747819,8.086087521872264,9.28401973425197,0.0,6.104330708661419,0.0,0.0,0.0,0.22340340190827965,0.2573946270631719,0.38849930538678296,0.828125,0.9336855896355245,0.08169291338582677,0.34581564029263556,1.594616990293,"{""llm_generation_error"": 2, ""parse_fail"": 7, ""render_engine_error"": 1, ""success"": 1014}"
baseline_v3_n16_0422_Qwen3-1.7B-Base,36,0,1024,64,0.9833984375,1.0,0.0,8.116655290742587,5.498144181275953,8.116655290742587,9.325512562065542,0.0,6.363455809334655,0.0,0.0,0.0,0.19843888170775048,0.26588369876197243,0.4124029723122361,0.734375,0.9186307648907712,0.10327706057596822,0.4011271756562039,1.7770099037147766,"{""llm_generation_error"": 5, ""parse_fail"": 15, ""render_engine_error"": 2, ""success"": 1002}"
baseline_v3_n16_0422_Qwen3-1.7B-Base,37,0,1024,64,0.990234375,1.0,0.0,8.170413401271095,5.655576540257487,8.170413401271095,9.294624046679816,0.0,6.165680473372773,0.0,0.0,0.0,0.2455470015942924,0.24997116549212586,0.4093114513014315,0.796875,0.9173585590982983,0.1203155818540434,0.32649623795782967,1.5036283636647383,"{""llm_generation_error"": 3, ""parse_fail"": 10, ""success"": 1011}"
baseline_v3_n16_0422_Qwen3-1.7B-Base,38,0,1024,64,0.9873046875,1.0,0.0,8.30582935487417,6.055339166687649,8.30582935487417,9.304227052423347,0.0,6.241345202769538,0.0,0.0,0.0,0.2797778961503355,0.23816869162594081,0.3941277157939906,0.8125,0.9360080505834611,0.09099901088031652,0.36253863956975546,1.5580633967477842,"{""llm_generation_error"": 3, ""parse_fail"": 11, ""render_engine_error"": 2, ""success"": 1008}"
baseline_v3_n16_0422_Qwen3-1.7B-Base,39,0,1024,64,0.990234375,1.0,0.0,8.30354749068595,6.023975996912382,8.30354749068595,9.291678895463507,0.0,6.244575936883635,0.0,0.0,0.0,0.28483425044180943,0.23556537155677218,0.4135449105598335,0.828125,0.9112046595745287,0.10552268244575937,0.3417000282584478,1.5487826489955394,"{""llm_generation_error"": 2, ""parse_fail"": 8, ""render_engine_error"": 2, ""success"": 1012}"
baseline_v3_n16_0422_Qwen3-1.7B-Base,40,0,1024,64,0.9921875,1.0,0.0,8.30413830927384,5.963754286541337,8.30413830927384,9.311916125328084,0.0,6.250000000000003,0.0,0.0,0.0,0.28016063527862944,0.23818941469799249,0.41712739489943346,0.78125,0.9243417997487547,0.08956692913385826,0.32069210084894245,1.3749727977826396,"{""llm_generation_error"": 3, ""parse_fail"": 8, ""success"": 1013}"
baseline_v3_n16_0422_Qwen3-1.7B-Base,41,0,1024,64,0.98828125,1.0,0.0,8.398846530522606,6.171337398473186,8.398846530522606,9.352140019762844,0.0,6.426877470355728,0.0,0.0,0.0,0.28564170969929026,0.2366174551274823,0.42770450929283355,0.828125,0.924997990318373,0.11363636363636363,0.293653094615354,1.3681158137382388,"{""llm_generation_error"": 2, ""parse_fail"": 12, ""success"": 1010}"
baseline_v3_n16_0422_Qwen3-1.7B-Base,42,0,1024,64,0.98828125,1.0,0.0,8.396218895476501,6.203264186358593,8.396218895476501,9.32057999011858,0.0,6.369565217391306,0.0,0.0,0.0,0.296310466326264,0.23222325254222906,0.4203197591328075,0.734375,0.9328715166435836,0.08794466403162056,0.3393080046249895,1.4647921555996375,"{""llm_generation_error"": 3, ""parse_fail"": 12, ""success"": 1009}"
baseline_v3_n16_0422_Qwen3-1.7B-Base,43,0,1024,64,0.9853515625,1.0,0.0,8.416121682634069,6.173744536833929,8.416121682634069,9.333069210439378,0.0,6.412289395441037,0.0,0.0,0.0,0.3013139812181611,0.23002987458158985,0.4401258043265571,0.765625,0.9087547399356731,0.10208126858275521,0.25539085494273983,1.2898509426428695,"{""llm_generation_error"": 1, ""parse_fail"": 13, ""render_engine_error"": 2, ""success"": 1008}"
baseline_v3_n16_0422_Qwen3-1.7B-Base,44,0,1024,64,0.9853515625,1.0,0.0,8.486954828763363,6.356729152858052,8.486954828763363,9.367399537495873,0.0,6.568880079286429,0.0,0.0,0.0,0.3021387100045222,0.2305253239643188,0.4324558654649425,0.90625,0.9143796342856777,0.11298315163528246,0.2739037540616986,1.3383261807112872,"{""llm_generation_error"": 2, ""parse_fail"": 13, ""render_engine_error"": 2, ""success"": 1007}"
baseline_v3_n16_0422_Qwen3-1.7B-Base,45,0,1024,64,0.9892578125,1.0,0.0,8.458385302182736,6.220811279480373,8.458385302182736,9.357452912142156,0.0,6.44027640671273,0.0,0.0,0.0,0.30244145067917,0.23048393487011465,0.45288573303015706,0.75,0.90805824252031,0.09575518262586377,0.23734306850166423,1.2644539563608115,"{""llm_generation_error"": 1, ""parse_fail"": 10, ""render_engine_error"": 1, ""success"": 1012}"
baseline_v3_n16_0422_Qwen3-1.7B-Base,46,0,1024,64,0.982421875,1.0,0.0,8.525008504528389,6.4584411350752715,8.525008504528389,9.35341732935719,0.0,6.489065606361834,0.0,0.0,0.0,0.32881385681769404,0.22124421447936227,0.4381018165215142,0.734375,0.929662044345604,0.12127236580516898,0.2980078586146018,1.2409920517995807,"{""llm_generation_error"": 3, ""parse_fail"": 18, ""success"": 1003}"
baseline_v3_n16_0422_Qwen3-1.7B-Base,47,0,1024,64,0.9853515625,1.0,0.0,8.636585904636057,6.670014276240146,8.636585904636057,9.37836745953089,0.0,6.576808721506447,0.0,0.0,0.0,0.3662651671225823,0.2077222122693706,0.45236611286771655,0.859375,0.9145664893415094,0.1110009910802775,0.22057051287650634,1.2595068224032497,"{""parse_fail"": 15, ""success"": 1009}"
baseline_v3_n16_0422_Qwen3-1.7B-Base,48,0,1024,64,0.990234375,1.0,0.0,8.605603462634223,6.526249848844864,8.605603462634223,9.377553780407629,0.0,6.502958579881654,0.0,0.0,0.0,0.36548369213490733,0.20962869414729393,0.4631913382203808,0.921875,0.906924658003077,0.131163708086785,0.20144705012019812,1.1357228602730796,"{""llm_generation_error"": 1, ""parse_fail"": 10, ""success"": 1013}"
baseline_v3_n16_0422_Qwen3-1.7B-Base,49,0,1024,64,0.9912109375,1.0,0.0,8.565166590038318,6.583450668632539,8.565166590038318,9.352298325123153,0.0,6.533990147783256,0.0,0.0,0.0,0.3458908768588822,0.2149945021224647,0.43173052040355625,0.828125,0.9050974461193426,0.12512315270935961,0.2871116177454606,1.1164836770663351,"{""llm_generation_error"": 4, ""parse_fail"": 8, ""render_engine_error"": 1, ""success"": 1011}"
baseline_v3_n16_0422_Qwen3-1.7B-Base,50,0,1024,64,0.9912109375,1.0,0.0,8.655139857690195,6.653056922556586,8.655139857690195,9.403448702791461,0.0,6.681773399014776,0.0,0.0,0.0,0.3548336666217404,0.212669455463652,0.4611474578597403,0.78125,0.9028229518192321,0.10738916256157635,0.2282258787998802,1.1891142261086285,"{""llm_generation_error"": 1, ""parse_fail"": 8, ""render_engine_error"": 1, ""success"": 1014}"
baseline_v3_n16_0422_Qwen3-1.7B-Base,51,0,1024,64,0.9873046875,1.0,0.0,8.661659424112534,6.734206149829011,8.661659424112534,9.409963583910322,0.0,6.7082096933729,0.0,0.0,0.0,0.3427073796000334,0.21672439394234355,0.4430126529844782,0.828125,0.9040353237253381,0.12660731948565776,0.18761128434553295,0.9825709373932388,"{""llm_generation_error"": 1, ""parse_fail"": 13, ""success"": 1010}"
baseline_v3_n16_0422_Qwen3-1.7B-Base,52,0,1024,64,0.984375,1.0,0.0,8.642090994268086,6.657256929788943,8.642090994268086,9.401860036375664,0.0,6.6865079365079385,0.0,0.0,0.0,0.3484586319099046,0.21472622424475374,0.45769039276158585,0.75,0.9060853219025008,0.11011904761904762,0.23432271543195238,1.1813889416556587,"{""llm_generation_error"": 1, ""parse_fail"": 14, ""render_engine_error"": 2, ""success"": 1007}"
baseline_v3_n16_0422_Qwen3-1.7B-Base,53,0,1024,64,0.9931640625,1.0,0.0,8.708363257948223,6.782006638366647,8.708363257948223,9.43588149786955,0.0,6.837758112094396,0.0,0.0,0.0,0.34174161912601686,0.21691861202780563,0.46741650208148544,0.84375,0.9181896017862945,0.12586037364798427,0.161780743981593,0.9708236854281336,"{""parse_fail"": 7, ""success"": 1017}"
baseline_v3_n16_0422_Qwen3-1.7B-Base,54,0,1024,64,0.9921875,1.0,0.0,8.661150743657041,6.707505003496373,8.661150743657041,9.392579133858268,0.0,6.620078740157481,0.0,0.0,0.0,0.36803960039732353,0.208569169774252,0.45065388213648466,0.765625,0.9173315255178398,0.10334645669291338,0.2865472282762987,1.2396129754790612,"{""llm_generation_error"": 3, ""parse_fail"": 7, ""render_engine_error"": 1, ""success"": 1013}"
baseline_v3_n16_0422_Qwen3-1.7B-Base,55,0,1024,64,0.986328125,1.0,0.0,8.784847854785486,7.031131259517475,8.784847854785486,9.436100165016503,0.0,6.861386138613866,0.0,0.0,0.0,0.37854194552170956,0.20442452798659924,0.4534751269981496,0.84375,0.9174484754944123,0.14257425742574256,0.21737511623400294,0.9927581620230705,"{""llm_generation_error"": 3, ""parse_fail"": 14, ""success"": 1007}"
baseline_v3_n16_0422_Qwen3-1.7B-Base,56,0,1024,64,0.990234375,1.0,0.0,8.746532149901384,6.9589370540559505,8.746532149901384,9.44300664036818,0.0,6.861932938856005,0.0,0.0,0.0,0.3472221726409009,0.2153742432729513,0.43415942215853637,0.890625,0.9226173571793472,0.13214990138067062,0.19548931857020188,0.9671983561225631,"{""llm_generation_error"": 1, ""parse_fail"": 10, ""success"": 1013}"
baseline_v3_n16_0422_Qwen3-1.7B-Base,57,0,1024,64,0.98828125,1.0,0.0,8.77115297540625,6.978218738736747,8.77115297540625,9.451706406455862,0.0,6.901185770750993,0.0,0.0,0.0,0.35155429035381947,0.21353794225406694,0.44664946794809196,0.796875,0.9239063487719744,0.1324110671936759,0.16436671929337238,0.9540185316618045,"{""parse_fail"": 12, ""success"": 1012}"
baseline_v3_n16_0422_Qwen3-1.7B-Base,58,0,1024,64,0.994140625,1.0,0.0,8.72708063741542,6.834311494327432,8.72708063741542,9.457991617550752,0.0,7.003929273084476,0.0,0.0,0.0,0.3213568532436344,0.22387087768655123,0.45999357156061776,0.734375,0.9189730171760674,0.14734774066797643,0.2138410633139479,1.130944022104573,"{""llm_generation_error"": 1, ""parse_fail"": 4, ""render_engine_error"": 2, ""success"": 1017}"
baseline_v3_n16_0422_Qwen3-1.7B-Base,59,0,1024,64,0.990234375,1.0,0.0,8.88774718387027,7.227867254942654,8.88774718387027,9.478514266929649,0.0,7.078895463510858,0.0,0.0,0.0,0.38706140474945644,0.20131763030109615,0.46257753534531265,0.796875,0.914008226055709,0.14003944773175542,0.14251198160993223,0.9593018195723015,"{""parse_fail"": 10, ""success"": 1014}"
baseline_v3_n16_0422_Qwen3-1.7B-Base,60,0,1024,64,0.9873046875,1.0,0.0,8.823337586547972,7.104654907424066,8.823337586547972,9.459553033300363,0.0,7.018793273986147,0.0,0.0,0.0,0.3661654358990171,0.20815792086471885,0.45960945815372906,0.828125,0.9101725398968551,0.11671612265084075,0.1713696799432274,0.927346433091151,"{""llm_generation_error"": 1, ""parse_fail"": 13, ""success"": 1010}"
baseline_v3_n16_0422_Qwen3-1.7B-Base,61,0,1024,64,0.9892578125,1.0,0.0,8.829453603158944,7.043298255132429,8.829453603158944,9.472215942744326,0.0,7.004935834155975,0.0,0.0,0.0,0.37266510648245765,0.20670443811136693,0.4732322536271693,0.859375,0.9274207532369706,0.11352418558736427,0.1878259159663621,1.0516498920810462,"{""llm_generation_error"": 1, ""parse_fail"": 11, ""success"": 1012}"
baseline_v3_n16_0422_Qwen3-1.7B-Base,62,0,1024,64,0.984375,1.0,0.0,8.84861852954145,7.077115663546632,8.84861852954145,9.486601736111117,0.0,7.083333333333331,0.0,0.0,0.0,0.3672801926992062,0.20827509862059945,0.47959669491990803,0.84375,0.9150679286926534,0.125,0.22872558906994303,1.2055385410027784,"{""llm_generation_error"": 2, ""parse_fail"": 15, ""render_engine_error"": 1, ""success"": 1006}"
baseline_v3_n16_0422_Qwen3-1.7B-Base,63,0,1024,64,0.9853515625,1.0,0.0,8.861591586829654,7.170596249411835,8.861591586829654,9.49384096465147,0.0,7.115956392467793,0.0,0.0,0.0,0.3624627471639041,0.20988248007073596,0.4533937322563526,0.875,0.9267761179493732,0.14073339940535184,0.1941159751943375,1.0696681894460767,"{""llm_generation_error"": 1, ""parse_fail"": 15, ""success"": 1008}"
baseline_v3_n16_0422_Qwen3-1.7B-Base,64,0,1024,64,0.98828125,1.0,0.0,8.87198479358806,7.1772268130738635,8.87198479358806,9.499940299736497,0.0,7.142292490118581,0.0,0.0,0.0,0.370055104683044,0.207231325851478,0.45705953179530273,0.921875,0.9341190597474097,0.11758893280632411,0.19311576138571623,1.0053313131643282,"{""llm_generation_error"": 1, ""parse_fail"": 12, ""success"": 1011}"
baseline_v3_n16_0422_Qwen3-1.7B-Base,65,0,1024,64,0.9951171875,1.0,0.0,8.86960490677135,7.209839204566955,8.86960490677135,9.505879391560354,0.0,7.193326790971543,0.0,0.0,0.0,0.3473576008670102,0.2148901279893226,0.45156474711254196,0.859375,0.9297672386511755,0.10794896957801767,0.15971117693982204,0.8610763862889166,"{""llm_generation_error"": 1, ""parse_fail"": 5, ""success"": 1018}"
baseline_v3_n16_0422_Qwen3-1.7B-Base,66,0,1024,64,0.98828125,1.0,0.0,8.862493467281507,7.153185313148316,8.862493467281507,9.524537302371536,0.0,7.247035573122519,0.0,0.0,0.0,0.32774637073016666,0.2217289622220073,0.4565033348379695,0.875,0.939968908837645,0.11264822134387352,0.14972634598127552,0.893850242801137,"{""parse_fail"": 9, ""render_engine_error"": 3, ""success"": 1012}"
baseline_v3_n16_0422_Qwen3-1.7B-Base,67,0,1024,64,0.9873046875,1.0,0.0,8.934057742609088,7.355018512316096,8.934057742609088,9.560994296076496,0.0,7.463897131552922,0.0,0.0,0.0,0.30470361656772416,0.2288847781829193,0.43232046862333984,0.859375,0.9444634803196855,0.09396636993076163,0.14835078223725734,0.9225075023757731,"{""parse_fail"": 12, ""render_engine_error"": 1, ""success"": 1011}"
baseline_v3_n16_0422_Qwen3-1.7B-Base,68,0,1024,64,0.9853515625,1.0,0.0,8.920714106375948,7.2897563266131336,8.920714106375948,9.545326197555335,0.0,7.343904856293358,0.0,0.0,0.0,0.33406228362814017,0.21942260040188444,0.4530875890069558,0.84375,0.9438137802034834,0.10703666997026759,0.16847176603583608,0.930254906648238,"{""llm_generation_error"": 1, ""parse_fail"": 15, ""success"": 1008}"
baseline_v3_n16_0422_Qwen3-1.7B-Base,69,0,1024,64,0.9833984375,1.0,0.0,8.913789617124568,7.226673332719734,8.913789617124568,9.560803591525987,0.0,7.449851042701095,0.0,0.0,0.0,0.2967172885967768,0.23162328978593147,0.46885187751375923,0.828125,0.924409831546501,0.12909632571996027,0.13987279909055478,0.9134630080496823,"{""parse_fail"": 16, ""render_engine_error"": 1, ""success"": 1007}"
baseline_v3_n16_0422_Qwen3-1.7B-Base,70,0,1024,64,0.9853515625,1.0,0.0,8.946424699922929,7.360976500601226,8.946424699922929,9.557975338619096,0.0,7.421209117938549,0.0,0.0,0.0,0.3348044320375995,0.21896964516444814,0.44343942984222656,0.890625,0.9442643971169274,0.09613478691774034,0.1616403987933702,1.0488908501538736,"{""parse_fail"": 15, ""success"": 1009}"
baseline_v3_n16_0422_Qwen3-1.7B-Base,71,0,1024,64,0.98828125,1.0,0.0,8.961098276240678,7.37178006871596,8.961098276240678,9.526133580368905,0.0,7.233201581027664,0.0,0.0,0.0,0.38351547693323956,0.20282544196292585,0.4565948080803997,0.828125,0.9380340104275675,0.12648221343873517,0.09293322547880167,0.6701536319224239,"{""parse_fail"": 11, ""render_engine_error"": 1, ""success"": 1012}"
baseline_v3_n16_0422_Qwen3-1.7B-Base,72,0,1024,64,0.9892578125,1.0,0.0,8.98145142042339,7.480737912388476,8.98145142042339,9.560446298124385,0.0,7.451135241855879,0.0,0.0,0.0,0.34187325548857733,0.2163564246966412,0.4332212729018238,0.875,0.949874865344401,0.09378084896347483,0.1473528849448528,0.811878682796424,"{""llm_generation_error"": 1, ""parse_fail"": 11, ""success"": 1012}"
baseline_v3_n16_0422_Qwen3-1.7B-Base,73,0,1024,64,0.984375,1.0,0.0,9.011722034832468,7.571197424126141,9.011722034832468,9.571154480820107,0.0,7.509920634920632,0.0,0.0,0.0,0.3412653864478317,0.21645317321185553,0.429786886568049,0.84375,0.9328579898323909,0.11210317460317461,0.14180903517643015,0.8209820350824398,"{""llm_generation_error"": 1, ""parse_fail"": 13, ""render_engine_error"": 3, ""success"": 1007}"
baseline_v3_n16_0422_Qwen3-1.7B-Base,74,0,1024,64,0.986328125,1.0,0.0,9.00052634763477,7.554769090243022,9.00052634763477,9.576103052805282,0.0,7.5445544554455495,0.0,0.0,0.0,0.3245698275845593,0.22181115701898788,0.4270371230798545,0.828125,0.9416774662245915,0.08811881188118811,0.1678856221798001,0.8493426317539021,"{""llm_generation_error"": 1, ""parse_fail"": 14, ""success"": 1009}"
baseline_v3_n16_0422_Qwen3-1.7B-Base,75,0,1024,64,0.986328125,1.0,0.0,8.970783289328931,7.421726128996812,8.970783289328931,9.5738647029703,0.0,7.485148514851483,0.0,0.0,0.0,0.3189532905165844,0.2242664559792447,0.4393251200744494,0.78125,0.9473123841709599,0.1,0.12098334528311172,0.7951231902748136,"{""parse_fail"": 14, ""success"": 1010}"
baseline_v3_n16_0422_Qwen3-1.7B-Base,76,0,1024,64,0.9873046875,1.0,0.0,8.98445310473679,7.486691475111151,8.98445310473679,9.579548104187273,0.0,7.550939663699303,0.0,0.0,0.0,0.3144426193064917,0.22547267835924503,0.4389018679296525,0.90625,0.9495876207491032,0.09198813056379822,0.1522221801124521,0.8520263926384579,"{""llm_generation_error"": 1, ""parse_fail"": 12, ""render_engine_error"": 1, ""success"": 1010}"
baseline_v3_n16_0422_Qwen3-1.7B-Base,77,0,1024,64,0.9873046875,1.0,0.0,8.969305022529953,7.407894572353236,8.969305022529953,9.592170524233433,0.0,7.578635014836796,0.0,0.0,0.0,0.301254604793312,0.22998515184415277,0.43193035946746233,0.828125,0.9574050896650874,0.0830860534124629,0.16093045063608002,0.9394043498074628,"{""parse_fail"": 13, ""success"": 1011}"
baseline_v3_n16_0422_Qwen3-1.7B-Base,78,0,1024,64,0.9931640625,1.0,0.0,8.996096296296304,7.436391576187758,8.996096296296304,9.568398787282858,0.0,7.449360865290069,0.0,0.0,0.0,0.34654571070926865,0.21497859741777162,0.46801400627438866,0.90625,0.9319111322301427,0.11209439528023599,0.13465044979829327,0.8020534922077825,"{""llm_generation_error"": 1, ""parse_fail"": 7, ""success"": 1016}"
baseline_v3_n16_0422_Qwen3-1.7B-Base,79,0,1024,64,0.9921875,1.0,0.0,8.966206058617677,7.347731421558346,8.966206058617677,9.58215029527559,0.0,7.517716535433065,0.0,0.0,0.0,0.31096767476542314,0.22704181512775398,0.45993046564430756,0.796875,0.941616039035364,0.09055118110236221,0.12853623343445064,0.8100652357936902,"{""parse_fail"": 8, ""success"": 1016}"
baseline_v3_n16_0422_Qwen3-1.7B-Base,80,0,1024,64,0.9873046875,1.0,0.0,9.027932739861521,7.565494351630392,9.027932739861521,9.586458951533134,0.0,7.548961424332333,0.0,0.0,0.0,0.3415404373272313,0.21648608052072218,0.44774809591228387,0.84375,0.9445416012352649,0.10286844708209693,0.1333711028865796,0.8418422729074991,"{""parse_fail"": 8, ""render_engine_error"": 5, ""success"": 1011}"
baseline_v3_n16_0422_Qwen3-1.7B-Base,81,0,1024,64,0.9814453125,1.0,0.0,9.027097799889452,7.585625408066611,9.027097799889452,9.587014859038142,0.0,7.564179104477609,0.0,0.0,0.0,0.33009692212488645,0.22013835777303548,0.4426994541127883,0.9375,0.9500967709227589,0.10248756218905472,0.17364355517023777,0.9043315493228559,"{""llm_generation_error"": 1, ""parse_fail"": 14, ""render_engine_error"": 5, ""success"": 1004}"
baseline_v3_n16_0422_Qwen3-1.7B-Base,82,0,1024,64,0.9853515625,1.0,0.0,9.042815097456232,7.585022556942069,9.042815097456232,9.597159547406674,0.0,7.59563924677899,0.0,0.0,0.0,0.33986932755796023,0.2169557389375942,0.45786818549897934,0.890625,0.9576896644817399,0.09117938553022795,0.11525926751518467,0.7895325076490569,"{""parse_fail"": 10, ""render_engine_error"": 5, ""success"": 1009}"
baseline_v3_n16_0422_Qwen3-1.7B-Base,83,0,1024,64,0.9833984375,1.0,0.0,9.02667858325058,7.579080133133263,9.02667858325058,9.608389275074478,0.0,7.676266137040717,0.0,0.0,0.0,0.3038043280133037,0.22900410453796963,0.43331802924634577,0.90625,0.9440568429779453,0.0903674280039722,0.11597253475032296,0.7522814833356785,"{""parse_fail"": 17, ""success"": 1007}"
baseline_v3_n16_0422_Qwen3-1.7B-Base,84,0,1024,64,0.9873046875,1.0,0.0,9.019289482360694,7.496957436692594,9.019289482360694,9.572092812396969,0.0,7.455984174085075,0.0,0.0,0.0,0.36175386975122487,0.2098833885024282,0.4585269674931281,0.84375,0.9629707239235344,0.09594460929772503,0.07920871965819602,0.5514422691557221,"{""parse_fail"": 11, ""render_engine_error"": 2, ""success"": 1011}"
baseline_v3_n16_0422_Qwen3-1.7B-Base,85,0,1024,64,0.9921875,1.0,0.0,9.047970811461065,7.6414954791114855,9.047970811461065,9.597940469160106,0.0,7.610236220472441,0.0,0.0,0.0,0.333890403289835,0.21878006248069468,0.4329765771692155,0.890625,0.951874515192356,0.08464566929133858,0.10885593963241641,0.6910739864722498,"{""parse_fail"": 8, ""success"": 1016}"
baseline_v3_n16_0422_Qwen3-1.7B-Base,86,0,1024,64,0.990234375,1.0,0.0,9.077517948717949,7.70808478094256,9.077517948717949,9.61008034188034,0.0,7.698224852071005,0.0,0.0,0.0,0.3275919028788598,0.22068559526908116,0.43798372580039746,0.828125,0.9625051774251416,0.08185404339250493,0.11959350966287423,0.7025542903852383,"{""llm_generation_error"": 1, ""parse_fail"": 10, ""success"": 1013}"
baseline_v3_n16_0422_Qwen3-1.7B-Base,87,0,1024,64,0.98046875,1.0,0.0,8.990159904825147,7.485818150651731,8.990159904825147,9.591896563745019,0.0,7.591633466135454,0.0,0.0,0.0,0.30687131523180405,0.22825662608423122,0.42266068103110355,0.796875,0.9453292297673791,0.09063745019920319,0.21857743414300038,1.1319161227486219,"{""llm_generation_error"": 1, ""parse_fail"": 20, ""success"": 1003}"
baseline_v3_n16_0422_Qwen3-1.7B-Base,88,0,1024,64,0.9833984375,1.0,0.0,9.038967781087944,7.624270748846641,9.038967781087944,9.621427507447864,0.0,7.741807348560074,0.0,0.0,0.0,0.30945650252291274,0.2267172948683973,0.41371807123083487,0.890625,0.9633486418065542,0.06852035749751738,0.14889210614068102,0.8538725208010814,"{""parse_fail"": 14, ""render_engine_error"": 3, ""success"": 1007}"
baseline_v3_n16_0422_Qwen3-1.7B-Base,89,0,1024,64,0.98046875,1.0,0.0,9.063313081009307,7.682368150453527,9.063313081009307,9.60803403054449,0.0,7.681274900398406,0.0,0.0,0.0,0.32765742791730973,0.2207396240480973,0.43498198831348445,0.859375,0.9556763811885471,0.09163346613545817,0.14475728610698407,0.7902921499010452,"{""llm_generation_error"": 1, ""parse_fail"": 15, ""render_engine_error"": 5, ""success"": 1003}"
baseline_v3_n16_0422_Qwen3-1.7B-Base,90,0,1024,64,0.9794921875,1.0,0.0,9.058684025700675,7.6857405320984284,9.058684025700675,9.61182131937521,0.0,7.706879361914258,0.0,0.0,0.0,0.31826024430739386,0.22377481468271584,0.4271545630579073,0.828125,0.9503173293573792,0.11166500498504486,0.16333579632774195,0.8643923887609477,"{""llm_generation_error"": 1, ""parse_fail"": 18, ""render_engine_error"": 3, ""success"": 1002}"
baseline_v3_n16_0422_Qwen3-1.7B-Base,91,0,1024,64,0.97265625,1.0,0.0,9.045883578759476,7.654870193973209,9.045883578759476,9.62158641231593,0.0,7.765060240963853,0.0,0.0,0.0,0.2890919724174008,0.23340557556026384,0.4203166871269465,0.890625,0.9559893857280628,0.0893574297188755,0.11452931315187329,0.7252638251848792,"{""parse_fail"": 23, ""render_engine_error"": 5, ""success"": 996}"
baseline_v3_n16_0422_Qwen3-1.7B-Base,92,0,1024,64,0.984375,1.0,0.0,9.053069863315699,7.6098884960665085,9.053069863315699,9.632746329365078,0.0,7.835317460317455,0.0,0.0,0.0,0.274391322757604,0.23835278510818977,0.43089791184004456,0.875,0.9607924416927466,0.08035714285714286,0.1567159826063712,0.8195577643636617,"{""llm_generation_error"": 1, ""parse_fail"": 8, ""render_engine_error"": 8, ""success"": 1007}"
baseline_v3_n16_0422_Qwen3-1.7B-Base,93,0,1024,64,0.982421875,1.0,0.0,9.087317936823524,7.742744492831776,9.087317936823524,9.609074983432736,0.0,7.683896620278321,0.0,0.0,0.0,0.3402634037688114,0.21636559583086237,0.4270739354053973,0.84375,0.9551945843842031,0.06461232604373758,0.0974185668153087,0.5780693774232621,"{""parse_fail"": 12, ""render_engine_error"": 6, ""success"": 1006}"
baseline_v3_n16_0422_Qwen3-1.7B-Base,94,0,1024,64,0.986328125,1.0,0.0,9.09510542354234,7.82622349212033,9.09510542354234,9.612938663366336,0.0,7.712871287128705,0.0,0.0,0.0,0.33263847281947956,0.21872640066358748,0.4053674677346414,0.859375,0.9616907326661486,0.06732673267326733,0.1363685037068575,0.6671511163799873,"{""llm_generation_error"": 1, ""parse_fail"": 11, ""render_engine_error"": 3, ""success"": 1009}"
baseline_v3_n16_0422_Qwen3-1.7B-Base,95,0,1024,64,0.990234375,1.0,0.0,9.08889043392504,7.7606671260060685,9.08889043392504,9.62321073307035,0.0,7.783037475345172,0.0,0.0,0.0,0.3180933161527106,0.2233504908194349,0.415468919347656,0.890625,0.9537852882384082,0.07889546351084813,0.12971587432094847,0.7582926784962507,"{""parse_fail"": 8, ""render_engine_error"": 2, ""success"": 1014}"
baseline_v3_n16_0422_Qwen3-1.7B-Base,96,0,1024,64,0.982421875,1.0,0.0,9.106536702010159,7.740753143759673,9.106536702010159,9.63072950629556,0.0,7.789264413518889,0.0,0.0,0.0,0.321703331168419,0.22249361844776291,0.4471507712400633,0.90625,0.9550722875341302,0.08151093439363817,0.09275945999626467,0.6366261844300933,"{""parse_fail"": 14, ""render_engine_error"": 4, ""success"": 1006}"
baseline_v3_n16_0422_Qwen3-1.7B-Base,97,0,1024,64,0.9873046875,1.0,0.0,9.108139740630843,7.809737975033693,9.108139740630843,9.629420293438839,0.0,7.802176063303658,0.0,0.0,0.0,0.3171713431712983,0.22354295424063533,0.41596302566836924,0.875,0.9470265166017006,0.09297725024727992,0.11594976868278595,0.6884353760560157,"{""parse_fail"": 11, ""render_engine_error"": 2, ""success"": 1011}"
baseline_v3_n16_0422_Qwen3-1.7B-Base,98,0,1024,64,0.982421875,1.0,0.0,9.117173392975483,7.826295558428598,9.117173392975483,9.638682554671966,0.0,7.864811133200788,0.0,0.0,0.0,0.30599314170041514,0.22730851460839607,0.42984902246031476,0.921875,0.9584062078853665,0.10139165009940358,0.14137177088334205,0.7629514299727931,"{""llm_generation_error"": 1, ""parse_fail"": 15, ""render_engine_error"": 3, ""success"": 1005}"
baseline_v3_n16_0422_Qwen3-1.7B-Base,99,0,1024,64,0.9853515625,1.0,0.0,9.094930888668646,7.743593229403768,9.094930888668646,9.618808622398417,0.0,7.73042616451933,0.0,0.0,0.0,0.3353157436114313,0.21781680006815432,0.43666083940288886,0.890625,0.9673826258239449,0.07433102081268583,0.13186849346471918,0.8009941951501166,"{""parse_fail"": 12, ""render_engine_error"": 3, ""success"": 1009}"
baseline_v3_n16_0422_Qwen3-1.7B-Base,100,0,1024,64,0.9921875,1.0,0.0,9.068113604549415,7.661874397568806,9.068113604549415,9.606271456692912,0.0,7.677165354330701,0.0,0.0,0.0,0.3404443579044376,0.216282149236296,0.43689750379340175,0.9375,0.9542225734297977,0.07677165354330709,0.11661648041485269,0.7261105771227158,"{""parse_fail"": 8, ""success"": 1016}"
baseline_v3_n16_0422_Qwen3-1.7B-Base,101,0,1024,64,0.9677734375,1.0,0.0,9.107698497589428,7.77540456431508,9.107698497589428,9.638574318869829,0.0,7.852674066599392,0.0,0.0,0.0,0.3088855207591744,0.2264557667001318,0.4256710487004827,0.90625,0.9514221390746699,0.09081735620585267,0.11144413456365965,0.6996978239653221,"{""parse_fail"": 7, ""render_engine_error"": 26, ""success"": 991}"
baseline_v3_n16_0422_Qwen3-1.7B-Base,102,0,1024,64,0.970703125,1.0,0.0,9.11210110663983,7.760452541444891,9.11210110663983,9.645079896042926,0.0,7.8853118712273735,0.0,0.0,0.0,0.29746011194990096,0.23040374670023855,0.4488461854788004,0.859375,0.9525907221037512,0.08450704225352113,0.11702537687035955,0.7785975421877799,"{""parse_fail"": 8, ""render_engine_error"": 22, ""success"": 994}"
baseline_v3_n16_0422_Qwen3-1.7B-Base,103,0,1024,64,0.9873046875,1.0,0.0,9.140566864490603,7.857774273943961,9.140566864490603,9.632792268381143,0.0,7.800197823936697,0.0,0.0,0.0,0.34756211556299405,0.21339155729237036,0.43621196632281606,0.875,0.9579243229382682,0.0751730959446093,0.11283973411142875,0.7016334079366265,"{""parse_fail"": 4, ""render_engine_error"": 9, ""success"": 1011}"
baseline_v3_n16_0422_Qwen3-1.7B-Base,104,0,1024,64,0.9775390625,1.0,0.0,9.138886646686656,7.896558597648332,9.138886646686656,9.64592570762571,0.0,7.908091908091918,0.0,0.0,0.0,0.3123067883042695,0.22497406114401278,0.40608450704007865,0.921875,0.9659075543720291,0.08591408591408592,0.13307368329899807,0.6837168068162651,"{""llm_generation_error"": 1, ""parse_fail"": 15, ""render_engine_error"": 8, ""success"": 1000}"
baseline_v3_n16_0422_Qwen3-1.7B-Base,105,0,1024,64,0.9521484375,1.0,0.0,9.132277413105397,7.823499246490291,9.132277413105397,9.642228085470087,0.0,7.8748717948717974,0.0,0.0,0.0,0.3157027604148062,0.22404821864672564,0.4367302503810292,0.921875,0.9653442475978526,0.08102564102564103,0.08636769023001058,0.5982947465828974,"{""parse_fail"": 16, ""render_engine_error"": 33, ""success"": 975}"
baseline_v3_n16_0422_Qwen3-1.7B-Base,106,0,1024,64,0.98828125,1.0,0.0,9.122688230127356,7.856448733200116,9.122688230127356,9.632319565217392,0.0,7.8043478260869605,0.0,0.0,0.0,0.3231741186502286,0.22191451837428333,0.4128263516984352,0.890625,0.96063310140894,0.07905138339920949,0.10252174694665162,0.5920668457985546,"{""parse_fail"": 3, ""render_engine_error"": 9, ""success"": 1012}"
baseline_v3_n16_3e-6_4k_Qwen3-4B,1,0,1024,64,0.9921875,1.0,0.0,7.77518975284338,5.39767075416718,7.77518975284338,8.726908645013124,5.871751968503937,5.834645669291339,5.768700787401575,6.174311023622048,5.672244094488189,0.3242646162235202,0.22248264961938624,0.5945819762290093,0.71875,0.8892815777275391,0.13188976377952755,2.6616636539980925,5.269251440848065,"{""llm_generation_error"": 126, ""parse_fail"": 8, ""success"": 890}"
baseline_v3_n16_3e-6_4k_Qwen3-4B,2,0,1024,64,0.990234375,1.0,0.0,8.025820151216298,5.459037820877546,8.025820151216298,8.988007018408942,6.101446416831031,6.136094674556213,5.806410256410256,6.494674556213018,6.003254437869822,0.32526505839111913,0.22387941399617897,0.6641953048371871,0.671875,0.8404510077124995,0.16568047337278108,1.729253074758187,3.692454611320301,"{""llm_generation_error"": 69, ""parse_fail"": 10, ""success"": 945}"
baseline_v3_n16_3e-6_4k_Qwen3-4B,3,0,1024,64,0.9892578125,1.0,0.0,8.425609531644175,6.088362241410796,8.425609531644175,9.25651235603817,6.763803882856202,6.671273445212241,6.649160908193484,7.008489634748273,6.633761105626851,0.3752634924015139,0.20794222268561513,0.6840034844390132,0.65625,0.8497748298552912,0.1895360315893386,0.7158233718618043,2.617691134065593,"{""llm_generation_error"": 20, ""parse_fail"": 11, ""success"": 993}"
baseline_v3_n16_3e-6_4k_Qwen3-4B,4,0,1024,64,0.98828125,1.0,0.0,8.590327360562148,6.375018815835358,8.590327360562148,9.294664295125164,7.1816534914361005,6.8023715415019765,7.0753952569169964,7.469664031620553,6.99990118577075,0.4915490236545592,0.1675154233149306,0.7249883607332125,0.765625,0.8235564902979049,0.19268774703557312,0.3469269517437692,1.8185739660216835,"{""llm_generation_error"": 6, ""parse_fail"": 12, ""success"": 1006}"
baseline_v3_n16_3e-6_4k_Qwen3-4B,5,0,1024,64,0.994140625,1.0,0.0,8.692070541366508,6.567129229510195,8.692070541366508,9.324386100196465,7.427439423706615,6.758349705304519,7.3678781925343815,7.619744597249509,7.294695481335953,0.5761157753147622,0.14043555378059153,0.7565139959326354,0.734375,0.8003257387916944,0.2111984282907662,0.3887440470951462,1.9519145850942734,"{""llm_generation_error"": 7, ""parse_fail"": 6, ""success"": 1011}"
baseline_v3_n16_3e-6_4k_Qwen3-4B,6,0,1024,64,0.9921875,1.0,0.0,8.680453237095357,6.5400221505724545,8.680453237095357,9.361477099737531,7.318405511811023,6.905511811023622,7.241633858267717,7.65748031496063,7.056102362204724,0.4747385346394015,0.17460384183749755,0.7396535326709067,0.78125,0.837189626732035,0.20570866141732283,0.35938271837013736,1.7523805707009823,"{""llm_generation_error"": 6, ""parse_fail"": 8, ""success"": 1010}"
baseline_v3_n16_3e-6_4k_Qwen3-4B,7,0,1024,64,0.9853515625,1.0,0.0,8.886905252725478,6.876767882428306,8.886905252725478,9.460172877436406,7.7403700033036005,7.070366699702676,7.702973240832508,7.919524281466799,7.598612487611496,0.56490092248012,0.14503109850506957,0.7558456041898814,0.8125,0.8764299599184145,0.199207135777998,0.18240888049961784,1.5351238053713352,"{""llm_generation_error"": 1, ""parse_fail"": 15, ""success"": 1008}"
baseline_v3_n16_3e-6_4k_Qwen3-4B,8,0,1024,64,0.9814453125,1.0,0.0,8.876603383084575,6.80825343495535,8.876603383084575,9.465153830845772,7.69950248756219,7.108457711442786,7.672437810945274,7.901194029850747,7.524875621890548,0.5174503072183568,0.1608328832358944,0.7680967640692152,0.75,0.8884097216563696,0.19303482587064677,0.2489996108380228,1.6444128495773744,"{""llm_generation_error"": 3, ""parse_fail"": 17, ""render_engine_error"": 2, ""success"": 1002}"
baseline_v3_n16_3e-6_4k_Qwen3-4B,9,0,1024,64,0.9853515625,1.0,0.0,8.880685298975898,6.908071299120541,8.880685298975898,9.505583614139413,7.630888668648827,7.171456888007929,7.530525272547076,7.83587710604559,7.526263627353815,0.4953293279534735,0.16822355201294123,0.7212827646449124,0.8125,0.8988412158755791,0.15163528245787908,0.300361908657602,1.905620088110618,"{""llm_generation_error"": 3, ""parse_fail"": 8, ""render_engine_error"": 7, ""success"": 1006}"
baseline_v3_n16_3e-6_4k_Qwen3-4B,10,0,1024,64,0.990234375,1.0,0.0,9.033641069471845,7.169655701557335,9.033641069471845,9.51587909270217,8.069165023011179,7.232741617357002,7.97465483234714,8.123668639053255,8.109171597633138,0.6697413883846063,0.1100861725617366,0.7695069908543636,0.875,0.9171714387859251,0.15779092702169625,0.2245682032330864,1.465107416415587,"{""llm_generation_error"": 4, ""parse_fail"": 10, ""success"": 1010}"
baseline_v3_n16_3e-6_4k_Qwen3-4B,11,0,1024,64,0.9873046875,1.0,0.0,9.005523101439731,7.116393367318734,9.005523101439731,9.537051549620838,7.942466205077481,7.307616221562809,7.747774480712166,8.060830860534125,8.018793273986152,0.5609636503474366,0.14634544855686607,0.7558783786087967,0.90625,0.9090045038476797,0.18892185954500496,0.17261000396210124,1.521127494188203,"{""llm_generation_error"": 1, ""parse_fail"": 10, ""render_engine_error"": 3, ""success"": 1010}"
baseline_v3_n16_3e-6_4k_Qwen3-4B,12,0,1024,64,0.9892578125,1.0,0.0,8.990847230448617,7.226960695625018,8.990847230448617,9.537340276406711,7.897861138532412,7.307008884501481,7.807798617966436,8.09802566633761,7.787759131293188,0.5753892262716279,0.14153692203995813,0.7148671760100139,0.828125,0.9281128614749441,0.17670286278381048,0.1903807649098619,1.267156104972131,"{""llm_generation_error"": 2, ""parse_fail"": 10, ""render_engine_error"": 1, ""success"": 1011}"
baseline_v3_n16_3e-6_4k_Qwen3-4B,13,0,1024,64,0.9873046875,1.0,0.0,9.026859786789759,7.221251252172374,9.026859786789759,9.553494427959118,7.973590504451038,7.351137487636004,7.900197823936697,8.158555885262116,7.862017804154303,0.560236218283017,0.14658792710338128,0.742300830089861,0.90625,0.9271957005425716,0.1404549950544016,0.11887857576473546,1.3530074935211505,"{""parse_fail"": 13, ""success"": 1011}"
baseline_v3_n16_3e-6_4k_Qwen3-4B,14,0,1024,64,0.9833984375,1.0,0.0,9.084388127551597,7.3476809378107895,9.084388127551597,9.57883310162198,8.095498179410791,7.511420059582919,7.993843098311817,8.155114200595829,8.137537239324727,0.5481316291386472,0.15062279009383334,0.768625785016924,0.90625,0.912223320283233,0.1916583912611718,0.18993283335488098,1.4851022430887804,"{""llm_generation_error"": 1, ""parse_fail"": 17, ""success"": 1006}"
baseline_v3_n16_3e-6_4k_Qwen3-4B,15,0,1024,64,0.98046875,1.0,0.0,9.123428508189484,7.411464093217284,9.123428508189484,9.592629482071713,8.185026560424967,7.577689243027889,8.053087649402391,8.227888446215141,8.274103585657372,0.588505548166661,0.1371647509003573,0.7689437284912963,0.921875,0.9347034739009941,0.1454183266932271,0.13539623497863235,1.3041889505425421,"{""parse_fail"": 20, ""success"": 1004}"
baseline_v3_n16_3e-6_4k_Qwen3-4B,16,0,1024,64,0.9853515625,1.0,0.0,9.112608743530464,7.403156131007595,9.112608743530464,9.601255368351504,8.13531549388834,7.607532210109019,7.993557978196234,8.23994053518335,8.17244796828543,0.5391087433509526,0.15363041888301557,0.7521719426978557,0.859375,0.9323161789939888,0.13181367690782952,0.11320832975881014,1.4036863448073753,"{""parse_fail"": 15, ""success"": 1009}"
baseline_v3_n16_3e-6_4k_Qwen3-4B,17,0,1024,64,0.98828125,1.0,0.0,9.073836187966638,7.336755483134817,9.073836187966638,9.583992094861658,8.053524374176549,7.5059288537549405,7.967094861660079,8.158893280632412,8.034584980237154,0.5402087537643451,0.1532637487451395,0.7263161296898283,0.9375,0.9361125401677298,0.17193675889328064,0.1943411470970607,1.6320197088916621,"{""parse_fail"": 9, ""render_engine_error"": 3, ""success"": 1012}"
baseline_v3_n16_3e-6_4k_Qwen3-4B,18,0,1024,64,0.9716796875,1.0,0.0,9.240480178671158,7.774189197175692,9.240480178671158,9.65996649916248,8.401507537688442,7.963819095477387,8.293668341708543,8.416381909547738,8.494472361809045,0.5351556608267304,0.1549481130572652,0.7579063043870788,0.90625,0.9447143582129361,0.16482412060301507,0.09643564701974704,1.147633391465809,"{""parse_fail"": 29, ""success"": 995}"
baseline_v3_n16_3e-6_4k_Qwen3-4B,19,0,1024,64,0.9853515625,1.0,0.0,9.130316044488511,7.627863119111306,9.130316044488511,9.630822596630328,8.129302940204825,7.835480673934589,8.043111992071358,8.233795837462836,8.111000991080278,0.4449418663233814,0.18501937058929627,0.7003838694058964,0.9375,0.9187150837528097,0.13577799801783944,0.17708206670134302,1.4126578537812264,"{""llm_generation_error"": 2, ""parse_fail"": 15, ""success"": 1007}"
baseline_v3_n16_3e-6_4k_Qwen3-4B,20,0,1024,64,0.974609375,1.0,0.0,9.13858828768649,7.505165632888839,9.13858828768649,9.629926519706078,8.155911823647294,7.779559118236473,8.031763527054109,8.266633266533066,8.169338677354709,0.4984570302318778,0.16718098992270736,0.7430806115703712,0.84375,0.9143308555536881,0.14729458917835672,0.13621480190103807,1.3967504347079784,"{""parse_fail"": 23, ""render_engine_error"": 3, ""success"": 998}"
baseline_v3_n16_3e-6_4k_Qwen3-4B,21,0,1024,64,0.9716796875,1.0,0.0,9.199162479061988,7.766897431120915,9.199162479061988,9.660301507537689,8.276884422110554,7.961809045226131,8.204120603015076,8.327537688442213,8.298994974874372,0.46613260268756335,0.17795579910414538,0.709047802877597,0.921875,0.9364070136517236,0.14271356783919598,0.14181550094627138,1.3214956684747032,"{""parse_fail"": 26, ""render_engine_error"": 3, ""success"": 995}"
baseline_v3_n16_3e-6_4k_Qwen3-4B,22,0,1024,64,0.9609375,1.0,0.0,9.259710930442642,7.934270868679575,9.259710930442642,9.707655826558266,8.363821138211383,8.245934959349594,8.276829268292683,8.43099593495935,8.383638211382113,0.35712033400077214,0.21429322199974302,0.6886822010545873,0.90625,0.9251044143916692,0.16463414634146342,0.11174959109681748,0.9538348358160026,"{""parse_fail"": 37, ""render_engine_error"": 3, ""success"": 984}"
baseline_v3_n16_3e-6_4k_Qwen3-4B,23,0,1024,64,0.9814453125,1.0,0.0,9.230289729132139,7.836138335600202,9.230289729132139,9.673046533996683,8.344776119402985,8.041791044776119,8.273432835820897,8.383283582089552,8.377611940298507,0.43169459353388456,0.18943513383041277,0.7127747137000874,0.921875,0.931994434430456,0.15422885572139303,0.11327429601512935,1.0960624073895229,"{""parse_fail"": 19, ""success"": 1005}"
baseline_v3_n16_3e-6_4k_Qwen3-4B,24,0,1024,64,0.9736328125,1.0,0.0,9.204792154240515,7.839807403705917,9.204792154240515,9.689067201604816,8.236242059511868,8.138415245737212,8.125376128385156,8.31504513540622,8.268304914744233,0.40532675693361897,0.19822441435239532,0.6895590204560528,0.875,0.9182427606291949,0.15646940822467403,0.16059644984018395,1.1871043028625592,"{""parse_fail"": 25, ""render_engine_error"": 2, ""success"": 997}"
baseline_v3_n16_3e-6_4k_Qwen3-4B,25,0,1024,64,0.9716796875,1.0,0.0,9.228933556672267,7.885467418233426,9.228933556672267,9.697487437185929,8.291825795644892,8.190954773869347,8.222914572864322,8.39678391959799,8.255778894472362,0.37726301776778204,0.20757899407426103,0.6644049559099817,0.984375,0.9290194739382419,0.13266331658291458,0.1275586719633984,1.1749867895756716,"{""parse_fail"": 26, ""render_engine_error"": 3, ""success"": 995}"
baseline_v3_n16_3e-6_4k_Qwen3-4B,26,0,1024,64,0.9755859375,1.0,0.0,9.255611166722305,7.875929203398544,9.255611166722305,9.72238905572239,8.322055388722056,8.334334334334335,8.18938938938939,8.408408408408409,8.368368368368369,0.34389756746376504,0.21870081084541207,0.7258951267228393,0.921875,0.9085098563537211,0.15815815815815815,0.1374163745444187,1.1388274231744036,"{""parse_fail"": 25, ""success"": 999}"
baseline_v3_n16_3e-6_4k_Qwen3-4B,27,0,1024,64,0.982421875,1.0,0.0,9.27943450408662,7.957213390495249,9.27943450408662,9.733929754804507,8.370444002650762,8.403578528827039,8.24155069582505,8.430914512922465,8.43886679920477,0.309153370767793,0.2302822097440688,0.684775858387876,0.9375,0.911447364703521,0.15606361829025844,0.12709331951257238,1.1290537250942998,"{""parse_fail"": 18, ""success"": 1006}"
baseline_v3_n16_3e-6_4k_Qwen3-4B,28,0,1024,64,0.9638671875,1.0,0.0,9.276404367893754,7.958017857057696,9.276404367893754,9.722053360351232,8.385106382978723,8.332320162107397,8.301722391084093,8.444782168186423,8.408814589665653,0.37655466164960966,0.20781511278346287,0.7011306020761083,0.9375,0.914660183459823,0.1641337386018237,0.14132725508198957,1.3745359225382534,"{""parse_fail"": 29, ""render_engine_error"": 8, ""success"": 987}"
baseline_v3_n16_3e-6_4k_Qwen3-4B,29,0,1024,64,0.9716796875,1.0,0.0,9.244589614740407,7.919416179848381,9.244589614740407,9.719597989949749,8.294572864321609,8.317587939698493,8.23246231155779,8.389447236180905,8.26180904522613,0.2798262339561687,0.24005792201461051,0.6683536087307337,0.828125,0.9168368762844051,0.16381909547738693,0.14441939632060818,1.1515730979827565,"{""parse_fail"": 22, ""render_engine_error"": 7, ""success"": 995}"
baseline_v3_n16_3e-6_4k_Qwen3-4B,30,0,1024,64,0.9775390625,1.0,0.0,9.279131979132,7.987534059572489,9.279131979132,9.733599733599734,8.37019647019647,8.401598401598402,8.227372627372628,8.442657342657341,8.44055944055944,0.3398122640797382,0.2200625786400873,0.6791753920709857,0.90625,0.9313399068898873,0.14985014985014986,0.12948827236683216,1.0939244378771027,"{""parse_fail"": 19, ""render_engine_error"": 4, ""success"": 1001}"
baseline_v3_n16_3e-6_4k_Qwen3-4B,31,0,1024,64,0.978515625,1.0,0.0,9.270691949434472,7.993584026292291,9.270691949434472,9.711909514304724,8.388256819693945,8.273453093812375,8.33682634730539,8.416267465069861,8.411676646706587,0.3714687357374954,0.2095104214208063,0.6721454744860926,0.953125,0.9245800660522921,0.14770459081836326,0.12416887114968489,1.0221373435079166,"{""parse_fail"": 19, ""render_engine_error"": 3, ""success"": 1002}"
baseline_v3_n16_3e-6_4k_Qwen3-4B,32,0,1024,64,0.9697265625,1.0,0.0,9.259024281078684,7.968239481483221,9.259024281078684,9.702249076871434,8.372574689493117,8.213494461228601,8.321047331319233,8.41248741188318,8.384189325276939,0.38926664273603684,0.20357778575465427,0.6451813231985907,0.953125,0.933024069658133,0.15508559919436052,0.13144893227417,1.2515159177195625,"{""parse_fail"": 20, ""render_engine_error"": 11, ""success"": 993}"
baseline_v3_n16_3e-6_4k_Qwen3-4B,33,0,1024,64,0.978515625,1.0,0.0,9.271168773564003,7.967713075548591,9.271168773564003,9.72521623419827,8.36307385229541,8.351297405189621,8.3687624750499,8.401097804391219,8.31936127744511,0.3097350702215891,0.23008830992613685,0.673420101032663,0.828125,0.9283850135894359,0.1497005988023952,0.1314517529749329,1.1143663411639704,"{""parse_fail"": 20, ""render_engine_error"": 2, ""success"": 1002}"
baseline_v3_n16_3e-6_4k_Qwen3-4B,34,0,1024,64,0.9775390625,1.0,0.0,9.238827838827861,7.883413074274777,9.238827838827861,9.722610722610723,8.271262071262072,8.345654345654346,8.240859140859142,8.381118881118882,8.191808191808192,0.2853155308848561,0.23822815259759453,0.6981224949864882,0.78125,0.904588117830216,0.16483516483516483,0.14741169833867412,1.1294687705721305,"{""parse_fail"": 21, ""render_engine_error"": 2, ""success"": 1001}"
baseline_v3_n16_3e-6_4k_Qwen3-4B,35,0,1024,64,0.9716796875,1.0,0.0,9.276471245114468,7.996729790984216,9.276471245114468,9.717252931323282,8.394907872696818,8.303517587939698,8.367638190954773,8.413065326633166,8.404020100502512,0.3900029541810977,0.20333234860630056,0.6676986883240639,0.9375,0.9348367924476003,0.14673366834170853,0.1363850619456901,1.2809707434541755,"{""parse_fail"": 22, ""render_engine_error"": 7, ""success"": 995}"
baseline_v3_n16_3e-6_4k_Qwen3-4B,36,0,1024,64,0.9638671875,1.0,0.0,9.268670494202427,7.985696423036377,9.268670494202427,9.718338399189463,8.369334684228301,8.310030395136778,8.350861195542047,8.40405268490375,8.353090172239108,0.3212814115994333,0.22623952946685558,0.6809651436591961,0.9375,0.9195956084098277,0.16818642350557245,0.1199321240103781,1.0175170327901701,"{""parse_fail"": 18, ""render_engine_error"": 19, ""success"": 987}"
baseline_v3_n16_3e-6_4k_Qwen3-4B,37,0,1024,64,0.9736328125,1.0,0.0,9.244388721720743,7.950462381551177,9.244388721720743,9.715479772651287,8.302206619859579,8.292878635907723,8.327081243731193,8.33901705115346,8.240521564694081,0.32371513582121186,0.22542828805959578,0.6433511813036666,0.921875,0.9412712395627106,0.13841524573721165,0.16463651367147697,1.3315335043894805,"{""parse_fail"": 20, ""render_engine_error"": 7, ""success"": 997}"
baseline_v3_n16_3e-6_4k_Qwen3-4B,38,0,1024,64,0.9765625,1.0,0.0,9.304455555555558,8.155981101140846,9.304455555555558,9.75,8.413366666666667,8.5,8.376299999999999,8.4798,8.384,0.25116677280486777,0.24961107573171068,0.6333481967733999,0.921875,0.9101483637666604,0.172,0.09528233977168542,0.7769747403520968,"{""parse_fail"": 19, ""render_engine_error"": 5, ""success"": 1000}"
baseline_v3_n16_3e-6_4k_Qwen3-4B,39,0,1024,64,0.9619140625,1.0,0.0,9.29081782289907,8.04349999419601,9.29081782289907,9.742470389170897,8.38751269035533,8.45482233502538,8.31756345177665,8.418578680203044,8.426395939086294,0.2914227967542299,0.2361924010819236,0.6907783359378246,0.90625,0.9234515589412142,0.13705583756345177,0.14355038151440816,1.2748151194801483,"{""parse_fail"": 27, ""render_engine_error"": 12, ""success"": 985}"
baseline_v3_n16_3e-6_4k_Qwen3-4B,40,0,1024,64,0.9755859375,1.0,0.0,9.30282504726951,8.080080437457042,9.30282504726951,9.750083416750083,8.408308308308309,8.5005005005005,8.402702702702703,8.477377377377378,8.344844844844845,0.2581699155602887,0.247276694813237,0.6692782113631536,0.890625,0.9198876947380373,0.17617617617617617,0.08143200369525294,0.7833825461173928,"{""parse_fail"": 20, ""render_engine_error"": 5, ""success"": 999}"
baseline_v3_n16_3e-6_4k_Qwen3-4B,41,0,1024,64,0.974609375,1.0,0.0,9.321186818080635,8.142851994247094,9.321186818080635,9.7625250501002,8.438510354041417,8.575150300601202,8.433466933867736,8.483266533066132,8.39879759519038,0.2378202178998255,0.2540599273667246,0.6612727866388081,0.859375,0.9196028388113044,0.1743486973947896,0.10192462397590879,0.8772365200101352,"{""parse_fail"": 20, ""render_engine_error"": 6, ""success"": 998}"
baseline_v3_n16_3e-6_4k_Qwen3-4B,42,0,1024,64,0.9765625,1.0,0.0,9.278833333333354,8.028928494323035,9.278833333333354,9.752,8.332500000000001,8.512,8.3523,8.388200000000001,8.257,0.24852031665050964,0.2504932277831637,0.6329138814264295,0.90625,0.9214274940989067,0.145,0.1671631359842437,1.339138637614704,"{""parse_fail"": 17, ""render_engine_error"": 7, ""success"": 1000}"
baseline_v3_n16_3e-6_4k_Qwen3-4B,43,0,1024,64,0.9716796875,1.0,0.0,9.311803461753241,8.118125207448974,9.311803461753241,9.757788944723618,8.419832495812395,8.546733668341709,8.460100502512562,8.451155778894474,8.348241206030151,0.2478291279236612,0.2507236240254463,0.6481429921572539,0.921875,0.9183762953046075,0.1527638190954774,0.13880928782146656,1.1688941043065053,"{""parse_fail"": 28, ""render_engine_error"": 1, ""success"": 995}"
baseline_v3_n16_3e-6_4k_Qwen3-4B,44,0,1024,64,0.96484375,1.0,0.0,9.295040485829976,8.024001019610754,9.295040485829976,9.744601889338732,8.395917678812415,8.46761133603239,8.386842105263158,8.423380566801619,8.37753036437247,0.2727800057857306,0.2424066647380896,0.6796715211869897,0.9375,0.9354985498969028,0.13663967611336034,0.11626474608647056,1.0485743549799285,"{""parse_fail"": 27, ""render_engine_error"": 9, ""success"": 988}"
baseline_v3_n16_3e-6_4k_Qwen3-4B,45,0,1024,64,0.9697265625,1.0,0.0,9.34546268322706,8.191766614601917,9.34546268322706,9.765021819402484,8.506344410876133,8.590130916414905,8.487411883182276,8.503927492447131,8.527693856998994,0.29539886313119185,0.2348670456229364,0.6731505937135467,0.953125,0.9385979102376875,0.1470292044310171,0.07496599119505604,0.8322630403149757,"{""parse_fail"": 17, ""render_engine_error"": 14, ""success"": 993}"
baseline_v3_n16_3e-6_4k_Qwen3-4B,46,0,1024,64,0.947265625,1.0,0.0,9.238247422680436,7.874399849268901,9.238247422680436,9.680068728522336,8.354604810996564,8.08041237113402,8.405051546391752,8.405154639175258,8.253608247422681,0.4348410239731599,0.1883863253422797,0.6868403863688783,0.9375,0.9383965314114648,0.13298969072164948,0.1289101004167565,1.2465422649979128,"{""parse_fail"": 34, ""render_engine_error"": 20, ""success"": 970}"
baseline_v3_n16_3e-6_4k_Qwen3-4B,47,0,1024,64,0.646484375,0.921875,0.3369140625,9.353188989593832,8.230959609191064,9.353188989593832,9.773413897280967,8.512739174219538,8.640483383685801,8.48081570996979,8.503021148036254,8.554380664652568,0.2660639877683725,0.2446453374105427,0.624969287757667,0.8909090909090909,0.9395438735996534,0.1458966565349544,0.08374172205135176,0.5807045832684843,"{""parse_fail"": 5, ""render_engine_error"": 12, ""request_error"": 345, ""success"": 662}"
baseline_v3_n16_3e-6_Qwen3-4B,1,0,1024,64,0.9892578125,1.0,0.0,7.923150016452781,5.4496882388125405,7.923150016452781,8.87965756827904,6.010134912800264,6.134254689042448,5.825765054294176,6.384600197433366,5.820039486673248,0.3033691323401735,0.23072506835067616,0.6420329350586041,0.6875,0.8536380058481251,0.13524185587364265,2.2906902617804037,4.684825522409304,"{""llm_generation_error"": 99, ""parse_fail"": 11, ""success"": 914}"
baseline_v3_n16_3e-6_Qwen3-4B,2,0,1024,64,0.986328125,1.0,0.0,8.244500396039596,5.91065044494615,8.244500396039596,9.087872706270627,6.557755775577558,6.306930693069307,6.468316831683168,6.78069306930693,6.424257425742574,0.39625222999419246,0.20022593645186612,0.6632576255895032,0.703125,0.8761458293006714,0.16534653465346535,1.3931543551014824,3.388568033472835,"{""llm_generation_error"": 53, ""parse_fail"": 14, ""success"": 957}"
baseline_v3_n16_3e-6_Qwen3-4B,3,0,1024,64,0.984375,1.0,0.0,8.501732253086425,6.264887622291891,8.501732253086425,9.313726025132274,6.877744708994709,6.795634920634921,6.737301587301587,7.214583333333334,6.681349206349206,0.3889924537209646,0.20308281230317052,0.6642770404661045,0.71875,0.8603954778729632,0.17063492063492064,0.578345574962637,2.39363208649041,"{""llm_generation_error"": 15, ""parse_fail"": 11, ""render_engine_error"": 5, ""success"": 993}"
baseline_v3_n16_3e-6_Qwen3-4B,4,0,1024,64,0.9892578125,1.0,0.0,8.669960326861906,6.46258352050197,8.669960326861906,9.368546939782822,7.272787101020072,6.929911154985192,7.091510365251728,7.503257650542942,7.2235932872655475,0.4776337721764235,0.1726293491565265,0.7653415458506231,0.8125,0.8434826917111107,0.19545903257650543,0.41277002239356647,2.3127575967634195,"{""llm_generation_error"": 9, ""parse_fail"": 11, ""success"": 1004}"
baseline_v3_n16_3e-6_Qwen3-4B,5,0,1024,64,0.9833984375,1.0,0.0,8.76845926293723,6.7790921402158375,8.76845926293723,9.441086775902019,7.423204237007614,7.221449851042701,7.357497517378351,7.607249255213506,7.304865938430983,0.42495048266629787,0.19152218127754417,0.7096292293175317,0.78125,0.8745585075125797,0.1817279046673287,0.31940753815531053,2.1616062912855187,"{""llm_generation_error"": 3, ""parse_fail"": 15, ""render_engine_error"": 2, ""success"": 1004}"
baseline_v3_n16_3e-6_Qwen3-4B,6,0,1024,64,0.9833984375,1.0,0.0,8.788158843650008,6.730985456047682,8.788158843650008,9.451404104601126,7.461668321747766,7.153922542204568,7.388778550148957,7.774280039721946,7.221946375372394,0.438355921823415,0.1872001603101385,0.7200339820560886,0.875,0.8627490656310821,0.1926514399205561,0.2509051413408091,1.6404503617906612,"{""llm_generation_error"": 3, ""parse_fail"": 17, ""success"": 1004}"
baseline_v3_n16_3e-6_Qwen3-4B,7,0,1024,64,0.9931640625,1.0,0.0,8.873373899268001,6.856546318162838,8.873373899268001,9.486347312356605,7.64742707309079,7.148475909537856,7.544051130776794,7.873156342182891,7.525073746312684,0.5074828242543443,0.1641721490352898,0.7308935331515702,0.703125,0.8643747039398214,0.16224188790560473,0.2110951896918417,1.3946603053602844,"{""llm_generation_error"": 3, ""parse_fail"": 7, ""success"": 1014}"
baseline_v3_n16_3e-6_Qwen3-4B,8,0,1024,64,0.98828125,1.0,0.0,8.969627667984202,7.065374443753083,8.969627667984202,9.545416469038209,7.818050065876153,7.377470355731226,7.736067193675889,8.019664031620554,7.698418972332016,0.4955570131673867,0.16814657336307545,0.758209600469787,0.859375,0.8968401373527465,0.16304347826086957,0.1614616212292798,1.6365062601500573,"{""parse_fail"": 10, ""render_engine_error"": 2, ""success"": 1012}"
baseline_v3_n16_3e-6_Qwen3-4B,9,0,1024,64,0.9853515625,1.0,0.0,8.929652923686838,7.064081915512206,8.929652923686838,9.528027452923686,7.732903865213082,7.278493557978196,7.638255698711595,7.912784935579782,7.6476709613478695,0.5001802195835368,0.16660658747072735,0.7094402757701811,0.875,0.920343999028687,0.17244796828543113,0.2371996150265438,1.5913758900421253,"{""llm_generation_error"": 3, ""parse_fail"": 15, ""success"": 1006}"
baseline_v3_n16_3e-6_Qwen3-4B,10,0,1024,64,0.9892578125,1.0,0.0,9.00297399363826,7.314452572025152,9.00297399363826,9.57527375781507,7.8583744652846335,7.593287265547878,7.67502467917078,8.03928923988154,7.860809476801579,0.3895350720855765,0.20348793835940635,0.6786673145916895,0.859375,0.9067126694265747,0.15004935834155972,0.23853707882600797,1.3870752763607073,"{""llm_generation_error"": 4, ""parse_fail"": 11, ""success"": 1009}"
baseline_v3_n16_3e-6_Qwen3-4B,11,0,1024,64,0.98828125,1.0,0.0,9.07204392841459,7.4060421283383135,9.07204392841459,9.584482229907772,8.047167325428196,7.555335968379446,7.986758893280633,8.168577075098815,7.986166007905139,0.542034244820279,0.15265524326901408,0.7410867627869869,0.875,0.9145533527218501,0.14723320158102768,0.13835745155206927,1.3378304647878085,"{""parse_fail"": 12, ""success"": 1012}"
baseline_v3_n16_3e-6_Qwen3-4B,12,0,1024,64,0.984375,1.0,0.0,9.116802612433874,7.424816937968494,9.116802612433874,9.590167542989418,8.170072751322751,7.557539682539683,8.082738095238096,8.257837301587301,8.169642857142858,0.5655788704755118,0.14480704281357978,0.7487380497886968,0.90625,0.925778713114338,0.1626984126984127,0.124980267804332,1.4327734891555635,"{""parse_fail"": 16, ""success"": 1008}"
baseline_v3_n16_3e-6_Qwen3-4B,13,0,1024,64,0.986328125,1.0,0.0,9.072266226622677,7.312364464578969,9.072266226622677,9.593234323432343,8.0303300330033,7.574257425742574,8.05891089108911,8.156831683168319,7.875247524752475,0.5047951292307431,0.16506829008222432,0.7409757043524309,0.96875,0.9222947022661845,0.15742574257425743,0.15637654451529517,1.490587919738636,"{""parse_fail"": 14, ""success"": 1010}"
baseline_v3_n16_3e-6_Qwen3-4B,14,0,1024,64,0.9775390625,1.0,0.0,9.133510933510948,7.506295546266767,9.133510933510948,9.624708624708624,8.15111555111555,7.756243756243756,8.117682317682318,8.24025974025974,8.095404595404595,0.5059320026492231,0.16468933244930964,0.7445721080536238,0.8125,0.9351587727215807,0.14085914085914086,0.15921414040273713,1.4684142858007794,"{""parse_fail"": 16, ""render_engine_error"": 7, ""success"": 1001}"
baseline_v3_n16_3e-6_Qwen3-4B,15,0,1024,64,0.98046875,1.0,0.0,9.206496237273145,7.831444102909445,9.206496237273145,9.677290836653386,8.264907038512618,8.093625498007968,8.21175298804781,8.321314741035858,8.261653386454183,0.39015662310063653,0.2032810610426888,0.66056902193453,0.953125,0.9310767267998317,0.13645418326693226,0.18805924400784932,1.5025928578952465,"{""llm_generation_error"": 1, ""parse_fail"": 20, ""success"": 1003}"
baseline_v3_n16_3e-6_Qwen3-4B,16,0,1024,64,0.9716796875,1.0,0.0,9.216828587381363,7.770863158274448,9.216828587381363,9.682412060301507,8.28566164154104,8.098492462311558,8.280100502512564,8.356482412060302,8.220402010050252,0.39279703874652666,0.2024009870843999,0.6892434742049816,0.984375,0.9390961072495138,0.13969849246231156,0.13586466207712905,1.2711551568171497,"{""parse_fail"": 24, ""render_engine_error"": 5, ""success"": 995}"
baseline_v3_n16_3e-6_Qwen3-4B,17,0,1024,64,0.9873046875,1.0,0.0,9.21930981426531,7.836070440531019,9.21930981426531,9.649521925486317,8.35888559182328,7.958456973293768,8.291592482690405,8.386449060336302,8.398615232443126,0.51574639168324,0.1614178533052142,0.7055270741718184,0.9375,0.9455514109973054,0.13452027695351138,0.18014263265527575,1.3152900737458166,"{""llm_generation_error"": 2, ""parse_fail"": 10, ""render_engine_error"": 3, ""success"": 1009}"
baseline_v3_n16_3e-6_Qwen3-4B,18,0,1024,64,0.9736328125,1.0,0.0,9.229588766298914,7.841157212727115,9.229588766298914,9.672016048144433,8.344734202607825,8.044132397191575,8.340320962888665,8.374423269809428,8.319458375125377,0.4587770065994071,0.18040766310175604,0.7106949769982457,0.921875,0.9344743761773698,0.14142427281845538,0.11178270642867856,1.2032030205733897,"{""parse_fail"": 22, ""render_engine_error"": 5, ""success"": 997}"
baseline_v3_n16_3e-6_Qwen3-4B,19,0,1024,64,0.9775390625,1.0,0.0,9.170462870462892,7.719110457562957,9.170462870462892,9.672327672327672,8.166733266733267,8.067932067932068,8.140159840159841,8.283116883116884,8.076923076923077,0.36785250111327833,0.21071581746151288,0.6904064543720321,0.84375,0.9267363841498,0.13786213786213786,0.22360550893017037,1.725577776532187,"{""llm_generation_error"": 1, ""parse_fail"": 23, ""success"": 1000}"
baseline_v3_n16_3e-6_Qwen3-4B,20,0,1024,64,0.9755859375,1.0,0.0,9.233900567233919,7.867264559956201,9.233900567233919,9.685018351685018,8.331664998331666,8.146146146146146,8.3008008008008,8.404204204204206,8.28998998998999,0.4322404464054692,0.1892531834903337,0.6846788686036467,0.90625,0.9280145542458071,0.14914914914914915,0.1468672675348494,1.1632327584092172,"{""llm_generation_error"": 1, ""parse_fail"": 22, ""render_engine_error"": 3, ""success"": 998}"
baseline_v3_n16_3e-6_Qwen3-4B,21,0,1024,64,0.955078125,1.0,0.0,9.212781186094102,7.853930654659882,9.212781186094102,9.67075664621677,8.296830265848671,8.065439672801636,8.285787321063395,8.388957055214725,8.215746421267893,0.41150858209666685,0.19616375584073018,0.6698518725967869,0.953125,0.932355711133933,0.13394683026584867,0.16415103887651003,1.1779120319257423,"{""llm_generation_error"": 1, ""parse_fail"": 33, ""render_engine_error"": 13, ""success"": 977}"
baseline_v3_n16_3e-6_Qwen3-4B,22,0,1024,64,0.970703125,1.0,0.0,9.192387659289075,7.724832912370971,9.192387659289075,9.686116700201206,8.204929577464789,8.124748490945674,8.180281690140845,8.337424547283703,8.097082494969818,0.36586786872053517,0.21137737708035784,0.7038717515277613,0.859375,0.9047123935917416,0.14285714285714285,0.14513849201769988,1.4074273906451313,"{""parse_fail"": 14, ""render_engine_error"": 16, ""success"": 994}"
baseline_v3_n16_3e-6_Qwen3-4B,23,0,1024,64,0.970703125,1.0,0.0,9.249485803711178,7.86539638841164,9.249485803711178,9.709255533199196,8.329946344735077,8.259557344064387,8.268108651911469,8.42344064386318,8.298289738430583,0.35264878844725056,0.21578373718354668,0.713145436228503,0.921875,0.9218386489765614,0.18108651911468812,0.12015691501240426,1.1536388713629644,"{""parse_fail"": 29, ""render_engine_error"": 1, ""success"": 994}"
baseline_v3_n16_3e-6_Qwen3-4B,24,0,1024,64,0.97265625,1.0,0.0,9.244009370816615,7.92804993532729,9.244009370816615,9.691767068273093,8.348493975903615,8.154618473895582,8.323393574297189,8.41566265060241,8.306425702811246,0.40927378080859134,0.19690873962375352,0.656397050255735,0.921875,0.9291601134352849,0.14558232931726908,0.0906373026987253,0.9284309472476466,"{""parse_fail"": 25, ""render_engine_error"": 3, ""success"": 996}"
baseline_v3_n16_3e-6_Qwen3-4B,25,0,1024,64,0.9853515625,1.0,0.0,9.248794185662378,7.896149000841932,9.248794185662378,9.701354476379253,8.343673604228611,8.20812685827552,8.32804757185332,8.457185332011893,8.245787908820615,0.36964042048318657,0.21011985983893813,0.7069008936505251,0.875,0.9391915453549899,0.12487611496531219,0.09063504887918922,0.9566830113996421,"{""parse_fail"": 13, ""render_engine_error"": 2, ""success"": 1009}"
baseline_v3_n16_3e-6_Qwen3-4B,26,0,1024,64,0.9794921875,1.0,0.0,9.289697573944842,8.019991650563949,9.289697573944842,9.72416085078099,8.420771020272516,8.344965104685942,8.389930209371885,8.466101694915254,8.406281156530408,0.37268380954022323,0.2091053968199251,0.6694998981186494,0.9375,0.9463156592662898,0.11365902293120637,0.12577210352549426,1.2158969884464808,"{""parse_fail"": 15, ""render_engine_error"": 6, ""success"": 1003}"
baseline_v3_n16_3e-6_Qwen3-4B,27,0,1024,64,0.9833984375,1.0,0.0,9.257486483504374,7.91130841157112,9.257486483504374,9.704733531943065,8.362992386626944,8.228401191658392,8.363058589870905,8.397517378351539,8.328401191658392,0.4635982536016352,0.17880058213278835,0.6994413714369488,0.9375,0.9369972255273845,0.13505461767626614,0.1804036011688787,1.703735284299443,"{""parse_fail"": 17, ""success"": 1007}"
baseline_v3_n16_3e-6_Qwen3-4B,28,0,1024,64,0.9853515625,1.0,0.0,9.311496531219037,8.068261182922738,9.311496531219037,9.731417244796829,8.471655104063428,8.388503468780971,8.405550049554014,8.542120911793855,8.467294350842419,0.3471034774943324,0.21763217416855574,0.6769989923945969,0.90625,0.9257100346242265,0.1605550049554014,0.06882174779686347,0.8262445658383578,"{""parse_fail"": 15, ""success"": 1009}"
baseline_v3_n16_3e-6_Qwen3-4B,29,0,1024,64,0.9873046875,1.0,0.0,9.258116276513926,7.982074308148416,9.258116276513926,9.723376195186285,8.32759643916914,8.340257171117706,8.301088031651831,8.4108803165183,8.270820969337288,0.31492122181557974,0.2283595927281402,0.6551789425770558,0.90625,0.9176978182124659,0.1572700296735905,0.1431556545069722,1.2615368215376443,"{""parse_fail"": 13, ""success"": 1011}"
baseline_v3_n16_3e-6_Qwen3-4B,30,0,1024,64,0.9814453125,1.0,0.0,9.29867330016583,8.060247572818305,9.29867330016583,9.746600331674959,8.402819237147595,8.479601990049751,8.34955223880597,8.506169154228857,8.35273631840796,0.2658065469964002,0.24473115100119971,0.6605654664132019,0.890625,0.9128081776625253,0.15223880597014924,0.09795874215592341,0.8835911070699445,"{""parse_fail"": 19, ""success"": 1005}"
baseline_v3_n16_3e-6_Qwen3-4B,31,0,1024,64,0.984375,1.0,0.0,9.313282627865973,8.1379448492973,9.313282627865973,9.760912698412698,8.418022486772488,8.569444444444445,8.357738095238096,8.504960317460318,8.391369047619047,0.24641955367088575,0.25119348185192253,0.6436427556684595,0.96875,0.920774790808884,0.15178571428571427,0.11280482683806227,0.8915963681752468,"{""parse_fail"": 16, ""success"": 1008}"
baseline_v3_n16_3e-6_Qwen3-4B,32,0,1024,64,0.9853515625,1.0,0.0,9.290199317255825,8.036306244602681,9.290199317255825,9.741988767756855,8.386620416253715,8.45193260654113,8.30455896927651,8.489593657086225,8.365708622398413,0.2873587510673878,0.2375470829775376,0.665481429448107,0.859375,0.9054638429537929,0.17542120911793854,0.11582626778909709,0.9145005323818945,"{""parse_fail"": 13, ""render_engine_error"": 2, ""success"": 1009}"
baseline_v3_n16_3e-6_Qwen3-4B,33,0,1024,64,0.9765625,1.0,0.0,9.300244444444468,8.009481632609695,9.300244444444468,9.735,8.430733333333334,8.41,8.3505,8.5182,8.4235,0.3609316731519761,0.21302277561600783,0.6906596993272731,0.890625,0.9186719408703391,0.14,0.10104512813662564,0.945497085106324,"{""parse_fail"": 24, ""success"": 1000}"
baseline_v3_n16_3e-6_Qwen3-4B,34,0,1024,64,0.9765625,1.0,0.0,9.331311111111134,8.178925531545087,9.331311111111134,9.745333333333333,8.503266666666667,8.472,8.423,8.5308,8.556,0.33585884487333567,0.22138038504222202,0.6372446549002965,0.890625,0.9043480391217884,0.138,0.10909276229382496,0.9461225021742018,"{""parse_fail"": 24, ""success"": 1000}"
baseline_v3_n16_3e-6_Qwen3-4B,35,0,1024,64,0.98046875,1.0,0.0,9.310247897299716,8.075789703511171,9.310247897299716,9.765604249667994,8.39953519256308,8.593625498007968,8.344223107569722,8.45597609561753,8.398406374501992,0.2244097070006614,0.2585300976664461,0.6739902687064203,0.84375,0.9167311345910147,0.16334661354581673,0.13176281181714064,1.0666512311668128,"{""parse_fail"": 20, ""success"": 1004}"
baseline_v3_n16_3e-6_Qwen3-4B,36,0,1024,64,0.9853515625,1.0,0.0,9.279693866314316,7.999895741976718,9.279693866314316,9.769408655434423,8.300264288074002,8.616451932606541,8.233994053518336,8.435183349851338,8.23161546085233,0.19022981113766632,0.2699233962874447,0.6658783678553147,0.890625,0.9025071543296748,0.12388503468780972,0.16132923836081742,1.3482640324632047,"{""parse_fail"": 15, ""success"": 1009}"
baseline_v3_n16_3e-6_Qwen3-4B,37,0,1024,64,0.978515625,1.0,0.0,9.295353736970524,8.077125645790167,9.295353736970524,9.77245508982036,8.341151031270792,8.634730538922156,8.297305389221556,8.456686626746507,8.269461077844312,0.19092839621920032,0.2696905345936003,0.6222680420755976,0.921875,0.9176319134419882,0.1506986027944112,0.1735287910697008,1.3794103826529598,"{""parse_fail"": 22, ""success"": 1002}"
baseline_v3_n16_3e-6_Qwen3-4B,38,0,1024,64,0.9853515625,1.0,0.0,9.370785155819865,8.251285447922427,9.370785155819865,9.778989098116947,8.554377271225635,8.673934588701686,8.50872150644202,8.600891972249752,8.553518334985133,0.27878673392560516,0.2404044220247988,0.6702639830615214,0.953125,0.9351288715014124,0.15262636273538158,0.09530253090739257,0.8056944466165101,"{""parse_fail"": 15, ""success"": 1009}"
baseline_v3_n16_3e-6_Qwen3-4B,39,0,1024,64,0.9814453125,1.0,0.0,9.333454947484798,8.101699031528746,9.333454947484798,9.747927031509121,8.504510779436153,8.487562189054726,8.40039800995025,8.564875621890549,8.548258706467662,0.3735412761707193,0.20881957460976006,0.6958999742882106,0.890625,0.9159070461535418,0.191044776119403,0.12767934758519023,1.1236841345194293,"{""parse_fail"": 19, ""success"": 1005}"
baseline_v3_n16_3e-6_Qwen3-4B,40,0,1024,64,0.9853515625,1.0,0.0,9.298028851448088,8.04749337410805,9.298028851448088,9.750578130161877,8.39293029402048,8.503468780971259,8.285728444003963,8.485728444003964,8.407333994053518,0.28863884304937604,0.2371203856502079,0.6593456156262596,0.90625,0.9284701867468896,0.15758176412289396,0.14041886431434883,1.068947490491712,"{""parse_fail"": 13, ""render_engine_error"": 2, ""success"": 1009}"
baseline_v3_n16_3e-6_Qwen3-4B,41,0,1024,64,0.9833984375,1.0,0.0,9.335815954981824,8.164231034942382,9.335815954981824,9.754054948692486,8.49933796756041,8.524329692154916,8.473187686196624,8.559086395233367,8.46573982125124,0.34090945316353577,0.21969684894548794,0.6875640349685076,0.953125,0.9402831587264067,0.19662363455809334,0.08741848776599924,0.8127569795100148,"{""parse_fail"": 16, ""render_engine_error"": 1, ""success"": 1007}"
baseline_v3_n16_3e-6_Qwen3-4B,42,0,1024,64,0.978515625,1.0,0.0,9.374927921933944,8.28010203447307,9.374927921933944,9.780771789753826,8.56324018629408,8.684630738522953,8.526646706586828,8.596706586826349,8.566367265469061,0.27474818830252734,0.24175060389915715,0.6534751290692932,0.984375,0.9275437592780639,0.1437125748502994,0.08693580792583352,0.7798428667144154,"{""parse_fail"": 19, ""render_engine_error"": 3, ""success"": 1002}"
baseline_v3_n16_3e-6_Qwen3-4B,43,0,1024,64,0.9697265625,1.0,0.0,9.405203088284685,8.37293440546819,9.405203088284685,9.80597515944948,8.603658945955019,8.835850956696879,8.551863041289023,8.609063444108761,8.650050352467272,0.21611676960770257,0.261294410130766,0.6348376007813373,0.90625,0.9225900171305519,0.1581067472306143,0.0973995690000502,0.7544356914169114,"{""parse_fail"": 24, ""render_engine_error"": 7, ""success"": 993}"
baseline_v3_n16_3e-6_Qwen3-4B,44,0,1024,64,0.9794921875,1.0,0.0,9.35695136811789,8.209569278914783,9.35695136811789,9.759388501163178,8.552077102027253,8.556331006979063,8.498105682951147,8.585643070787638,8.572482552342972,0.36311341273109904,0.21229552908963353,0.6740681868154675,0.9375,0.9365127996437205,0.15154536390827517,0.09391932965759882,0.9055070411661208,"{""parse_fail"": 21, ""success"": 1003}"
baseline_v3_n16_Qwen3-1.7B,1,0,1024,64,0.9951171875,1.0,0.0,7.727384450986794,5.018600270697235,7.727384450986794,8.834027281648675,5.514098789663069,5.674190382728165,5.462708537782139,5.840137389597645,5.239450441609421,0.27274592664359937,0.238079081887851,0.5918646324145174,0.5625,0.8344787031642141,0.17664376840039253,1.5926169991540544,3.551701456130878,"{""llm_generation_error"": 77, ""parse_fail"": 5, ""success"": 942}"
baseline_v3_n16_Qwen3-1.7B,2,0,1024,64,0.9912109375,1.0,0.0,7.830858270388603,5.204309969730382,7.830858270388603,8.905400706075534,5.681773399014777,5.858128078817734,5.602167487684729,6.00128078817734,5.441871921182266,0.2734714979279297,0.23583554829142592,0.6023900151702172,0.6875,0.8424003481121037,0.18423645320197043,1.2960094345032178,3.092485905656188,"{""llm_generation_error"": 57, ""parse_fail"": 8, ""render_engine_error"": 1, ""success"": 958}"
baseline_v3_n16_Qwen3-1.7B,3,0,1024,64,0.994140625,1.0,0.0,7.872913250382002,5.219201099938226,7.872913250382002,8.919045710543548,5.780648330058939,5.889980353634577,5.729862475442043,6.224557956777996,5.387524557956778,0.3071325604083317,0.22765943930076005,0.6256360316703975,0.734375,0.8451449570674111,0.1787819253438114,1.427243890780072,3.456224064883503,"{""llm_generation_error"": 61, ""parse_fail"": 6, ""success"": 957}"
baseline_v3_n16_Qwen3-1.7B,4,0,1024,64,0.998046875,1.0,0.0,7.964205196781909,5.328455715227847,7.964205196781909,8.965388030006523,5.961839530332681,6.033268101761252,5.931017612524462,6.3087084148727985,5.645792563600783,0.3302279702518926,0.21865539718793592,0.6708356556982744,0.703125,0.8359565990150042,0.19275929549902152,1.2874486591776062,3.4583605990066655,"{""llm_generation_error"": 49, ""parse_fail"": 2, ""success"": 973}"
baseline_v3_n16_Qwen3-1.7B,5,0,1024,64,0.9853515625,1.0,0.0,8.0293268142275,5.5917992511111905,8.0293268142275,8.975704790221341,6.136570862239842,6.241823587710605,6.093161546085233,6.460555004955402,5.855996035678889,0.3107667642551102,0.22021205507863142,0.6249754292429476,0.640625,0.8392621663879284,0.1863230921704658,1.044121699598266,3.1588124549908816,"{""llm_generation_error"": 38, ""parse_fail"": 10, ""render_engine_error"": 5, ""success"": 971}"
baseline_v3_n16_Qwen3-1.7B,6,0,1024,64,0.9921875,1.0,0.0,8.069694947506553,5.57837585058847,8.069694947506553,8.948276017060367,6.31253280839895,6.183070866141732,6.24753937007874,6.716141732283465,5.973917322834645,0.3464045964563473,0.20329632592107874,0.6813758474929925,0.625,0.8493111244643843,0.18110236220472442,1.251226659356248,3.2244629455067266,"{""llm_generation_error"": 49, ""parse_fail"": 8, ""success"": 967}"
baseline_v3_n16_Qwen3-1.7B,7,0,1024,64,0.9931640625,1.0,0.0,8.11035191740412,5.634564572875242,8.11035191740412,8.974639642740085,6.381776466732219,6.153392330383481,6.236971484759096,6.774631268436578,6.133726647000984,0.3982170301520697,0.19501028693937417,0.6816989076504388,0.734375,0.8037128992939009,0.20058997050147492,1.0583165787329836,2.7784634612288244,"{""llm_generation_error"": 37, ""parse_fail"": 7, ""success"": 980}"
baseline_v3_n16_Qwen3-1.7B,8,0,1024,64,0.9912109375,1.0,0.0,8.17851431855501,5.7717826594346135,8.17851431855501,9.013206617405585,6.509129720853859,6.3665024630541875,6.386699507389163,6.97320197044335,6.167487684729064,0.3618667980717461,0.20371530133826243,0.6927709395820635,0.546875,0.797566921561009,0.18817733990147784,0.9742515418522705,2.837826590200342,"{""llm_generation_error"": 35, ""parse_fail"": 9, ""success"": 980}"
baseline_v3_n16_Qwen3-1.7B,9,0,1024,64,0.99609375,1.0,0.0,8.187109978213496,5.854855181042517,8.187109978213496,9.003263006535947,6.554803921568627,6.449019607843137,6.396078431372549,6.994803921568628,6.273529411764706,0.3312804964208504,0.21015419800437382,0.6857011897583626,0.59375,0.8007577869807483,0.21470588235294116,0.9332602066854466,2.513638779172506,"{""llm_generation_error"": 32, ""parse_fail"": 4, ""success"": 988}"
baseline_v3_n16_Qwen3-1.7B,10,0,1024,64,0.9921875,1.0,0.0,8.29298863735784,5.964910136246026,8.29298863735784,9.068469176509188,6.742027559055118,6.590551181102362,6.493602362204724,7.259547244094489,6.472933070866142,0.3501717115959125,0.20271722258892075,0.6920077401009913,0.578125,0.8047231889650395,0.21456692913385828,0.7182703295140225,2.1952385517613258,"{""llm_generation_error"": 22, ""parse_fail"": 8, ""success"": 994}"
baseline_v3_n16_Qwen3-1.7B,11,0,1024,64,0.994140625,1.0,0.0,8.37010338354071,6.0324007209133175,8.37010338354071,9.107136083824491,6.896037982973151,6.669941060903732,6.685658153241651,7.4172888015717096,6.58516699410609,0.37789568941302176,0.19116009014969673,0.745454146533041,0.640625,0.7788172399639629,0.23084479371316308,0.5826603821404408,2.0540420831950406,"{""llm_generation_error"": 17, ""parse_fail"": 6, ""success"": 1001}"
baseline_v3_n16_Qwen3-1.7B,12,0,1024,64,0.9921875,1.0,0.0,8.449978379265088,6.130088390380182,8.449978379265088,9.101673605643045,7.146587926509187,6.549212598425197,7.054133858267717,7.534251968503937,6.8513779527559056,0.5271560265399433,0.15187514622386522,0.7752395255307343,0.65625,0.7890143152443586,0.27460629921259844,0.45673591176171663,1.835139913252361,"{""llm_generation_error"": 12, ""parse_fail"": 8, ""success"": 1004}"
baseline_v3_n16_Qwen3-1.7B,13,0,1024,64,0.994140625,1.0,0.0,8.38597242960053,6.071086735583576,8.38597242960053,9.134197675180092,6.889521938441388,6.5795677799607075,6.760412573673871,7.391944990176818,6.516208251473477,0.3689428507535538,0.197518046818004,0.6884902241638368,0.53125,0.8134174385485158,0.19155206286836934,0.4240352368065566,1.7352158171119352,"{""llm_generation_error"": 9, ""parse_fail"": 6, ""success"": 1009}"
baseline_v3_n16_Qwen3-1.7B,14,0,1024,64,0.99609375,1.0,0.0,8.487471383442271,6.168959005456732,8.487471383442271,9.173331258169934,7.115751633986928,6.601960784313725,6.9754901960784315,7.532058823529413,6.839705882352941,0.47620326160398196,0.167642091147209,0.7570367439786949,0.640625,0.8025448943423981,0.1931372549019608,0.4233502016457823,1.805938383164763,"{""llm_generation_error"": 9, ""parse_fail"": 4, ""success"": 1011}"
baseline_v3_n16_Qwen3-1.7B,15,0,1024,64,0.9970703125,1.0,0.0,8.556346958319736,6.359614941195923,8.556346958319736,9.185679431929483,7.297682011100228,6.611165523996083,7.236043095004897,7.635455435847208,7.02154750244858,0.5287561340688164,0.14837318095757987,0.7290983177350568,0.640625,0.7895227298100722,0.21547502448579825,0.3367942275679478,1.5486243185861914,"{""llm_generation_error"": 7, ""parse_fail"": 3, ""success"": 1014}"
baseline_v3_n16_Qwen3-1.7B,16,0,1024,64,0.9873046875,1.0,0.0,8.545439257061204,6.335806856837106,8.545439257061204,9.20841605670953,7.21948565776459,6.627101879327399,7.145895153313551,7.549455984174086,6.963105835806132,0.5492385202005343,0.14734330399061768,0.742797544305574,0.625,0.7943921456727819,0.2205736894164194,0.3770081447690022,1.709691107828208,"{""llm_generation_error"": 8, ""parse_fail"": 13, ""success"": 1003}"
baseline_v3_n16_Qwen3-1.7B,17,0,1024,64,0.9892578125,1.0,0.0,8.495639256334313,6.1831767051215625,8.495639256334313,9.187799128002633,7.111319512997697,6.667324777887463,6.935834155972359,7.476110562685094,6.9220138203356365,0.45908295476849426,0.173844077624286,0.7533570323698955,0.625,0.8254681284813814,0.1895360315893386,0.5585344983561411,1.9822900729854724,"{""llm_generation_error"": 15, ""parse_fail"": 11, ""success"": 998}"
baseline_v3_n16_Qwen3-1.7B,18,0,1024,64,0.9921875,1.0,0.0,8.53022343613299,6.1696845564342855,8.53022343613299,9.210476230314962,7.169717847769029,6.604330708661418,7.104330708661418,7.502755905511811,6.902066929133858,0.4944091880449988,0.16184743394047194,0.7603166380088443,0.65625,0.8230249207764009,0.20964566929133857,0.40539380272948583,1.9568936657476128,"{""llm_generation_error"": 9, ""parse_fail"": 8, ""success"": 1007}"
baseline_v3_n16_Qwen3-1.7B,19,0,1024,64,0.994140625,1.0,0.0,8.580819198864877,6.219170486893343,8.580819198864877,9.296146938441389,7.150163719711853,6.7956777996070725,6.948428290766208,7.636149312377211,6.865913555992141,0.4469555090985891,0.18378769669864448,0.7493764796133889,0.59375,0.8033433277698465,0.23084479371316308,0.20663917276553634,1.5253570096131324,"{""llm_generation_error"": 2, ""parse_fail"": 6, ""success"": 1016}"
baseline_v3_n16_Qwen3-1.7B,20,0,1024,64,0.9892578125,1.0,0.0,8.670323779752108,6.5056839962886315,8.670323779752108,9.299200707469561,7.41256992431721,6.791707798617966,7.348469891411648,7.73919052319842,7.15004935834156,0.5329501696163347,0.15519489119414817,0.7425560687477752,0.671875,0.8291400256017528,0.20829220138203355,0.32847698355862553,1.506138373916807,"{""llm_generation_error"": 7, ""parse_fail"": 11, ""success"": 1006}"
baseline_v3_n16_Qwen3-1.7B,21,0,1024,64,0.9912109375,1.0,0.0,8.598261401204153,6.343989064250322,8.598261401204153,9.258262380952381,7.278259441707718,6.707389162561577,7.2113300492610835,7.640197044334975,6.983251231527094,0.49575076703666304,0.16566927751311766,0.7661241289824257,0.671875,0.7993548183299148,0.21280788177339902,0.2960335976278144,1.5897545288988044,"{""llm_generation_error"": 4, ""parse_fail"": 9, ""success"": 1011}"
baseline_v3_n16_Qwen3-1.7B,22,0,1024,64,0.994140625,1.0,0.0,8.619520355817514,6.219402610171137,8.619520355817514,9.316051981008513,7.226457105435494,6.724950884086444,7.166994106090374,7.6297642436149316,6.882612966601179,0.48386614559790286,0.16988133582565315,0.780618885816899,0.625,0.837871394478138,0.21021611001964635,0.272629802917744,1.6517596809629838,"{""llm_generation_error"": 5, ""parse_fail"": 6, ""success"": 1013}"
baseline_v3_n16_Qwen3-1.7B,23,0,1024,64,0.9892578125,1.0,0.0,8.724779576615116,6.643872965101426,8.724779576615116,9.322509937479433,7.529318854886476,6.908193484698914,7.454096742349457,7.767620927936822,7.366238894373149,0.5783441990663128,0.13867712850396008,0.7671235622621345,0.734375,0.840420048908312,0.21618953603158933,0.3571251441368462,1.87512630221552,"{""llm_generation_error"": 6, ""parse_fail"": 11, ""success"": 1007}"
baseline_v3_n16_Qwen3-1.7B,24,0,1024,64,0.9912109375,1.0,0.0,8.699296978653537,6.425665264503078,8.699296978653537,9.319651543513958,7.458587848932677,6.664039408866995,7.3495566502463054,7.715862068965517,7.310344827586207,0.6075095345705983,0.12984357944579392,0.7676694783274116,0.734375,0.8110446459666618,0.2246305418719212,0.2254823562615811,1.4871291299637672,"{""llm_generation_error"": 3, ""parse_fail"": 9, ""success"": 1012}"
baseline_v3_n16_Qwen3-1.7B,25,0,1024,64,0.994140625,1.0,0.0,8.67919394237066,6.3984417222414685,8.67919394237066,9.358263736083826,7.3210543549443345,6.852652259332023,7.171905697445973,7.696463654223969,7.094793713163065,0.5093671491619844,0.15981527673035426,0.758060998338295,0.71875,0.8600641761286054,0.17976424361493124,0.2835249624076152,1.68048375673885,"{""llm_generation_error"": 4, ""parse_fail"": 6, ""success"": 1014}"
baseline_v3_n16_Qwen3-1.7B,26,0,1024,64,0.986328125,1.0,0.0,8.70497693069307,6.449507636154421,8.70497693069307,9.328356485148515,7.458217821782179,6.7207920792079205,7.370792079207921,7.700891089108912,7.302970297029703,0.6008824859007554,0.1330184972822841,0.7844170000074181,0.671875,0.8220232996654114,0.22475247524752476,0.2910407397696327,1.6456485589311975,"{""llm_generation_error"": 5, ""parse_fail"": 14, ""success"": 1005}"
baseline_v3_n16_Qwen3-1.7B,27,0,1024,64,0.9892578125,1.0,0.0,8.797290567072494,6.607932294970472,8.797290567072494,9.395129664363278,7.601612372490951,6.959526159921027,7.47137216189536,7.8833168805528135,7.450148075024679,0.5628578560042972,0.14570575371786196,0.7998123203810917,0.640625,0.8582893197959363,0.20236920039486672,0.23997696189998743,1.7725004509583724,"{""llm_generation_error"": 3, ""parse_fail"": 11, ""success"": 1010}"
baseline_v3_n16_Qwen3-1.7B,28,0,1024,64,0.9951171875,1.0,0.0,8.771157321993243,6.676091333474101,8.771157321993243,9.378587471377168,7.556297023225384,6.969578017664377,7.413444553483808,7.804808635917567,7.450637880274779,0.536846523220366,0.1540064298974678,0.747853355483032,0.6875,0.8456504978956808,0.18645731108930325,0.20791420965239404,1.5164405375937637,"{""llm_generation_error"": 2, ""parse_fail"": 5, ""success"": 1017}"
baseline_v3_n16_Qwen3-1.7B,29,0,1024,64,0.99609375,1.0,0.0,8.73563702614379,6.5297942172492585,8.73563702614379,9.382442467320262,7.442026143790851,6.91764705882353,7.350294117647059,7.767941176470589,7.207843137254902,0.5211964437548287,0.15957570523770828,0.7830272311860278,0.765625,0.8333360868090721,0.2235294117647059,0.28971377068593673,1.571966985059219,"{""llm_generation_error"": 6, ""parse_fail"": 4, ""success"": 1014}"
baseline_v3_n16_Qwen3-1.7B,30,0,1024,64,0.9931640625,1.0,0.0,8.787575625477983,6.682381331998003,8.787575625477983,9.419842625368732,7.523041625696493,7.000983284169125,7.37905604719764,7.800688298918389,7.389380530973451,0.5128349725095517,0.16235979690100463,0.7425032236765442,0.734375,0.8744092601511925,0.17895771878072764,0.2267859435558769,1.4909148831524064,"{""llm_generation_error"": 3, ""parse_fail"": 7, ""success"": 1014}"
baseline_v3_n16_Qwen3-1.7B,31,0,1024,64,0.9921875,1.0,0.0,8.790015332458452,6.697409155330562,8.790015332458452,9.39210961286089,7.585826771653544,6.9015748031496065,7.3979330708661415,7.8757874015748035,7.483759842519685,0.5604454451799313,0.14650142039913353,0.7526991083973563,0.765625,0.8692638804243337,0.18503937007874016,0.3074035889257544,1.5364042510581426,"{""llm_generation_error"": 6, ""parse_fail"": 8, ""success"": 1010}"
baseline_v3_n16_Qwen3-1.7B,32,0,1024,64,0.9931640625,1.0,0.0,8.840172391565606,6.689290014293806,8.840172391565606,9.415764978695508,7.688987217305802,6.930186823992134,7.513274336283186,7.988790560471977,7.564896755162242,0.5967993452129503,0.1343877034697853,0.8087609154863487,0.765625,0.857546502851914,0.22418879056047197,0.144665124677022,1.2754942302826748,"{""llm_generation_error"": 1, ""parse_fail"": 7, ""success"": 1016}"
baseline_v3_n16_Qwen3-1.7B,33,0,1024,64,0.990234375,1.0,0.0,8.900121356563657,6.847919836940332,8.900121356563657,9.441569280078895,7.817225509533202,7.013806706114399,7.726824457593688,8.041420118343195,7.683431952662722,0.5901760433114558,0.13658152773771937,0.7717505448066223,0.71875,0.8706792746767508,0.16863905325443787,0.1354904964340386,1.3155439623707301,"{""llm_generation_error"": 1, ""parse_fail"": 10, ""success"": 1013}"
baseline_v3_n16_Qwen3-1.7B,34,0,1024,64,0.9951171875,1.0,0.0,8.872375335296047,6.733683946875452,8.872375335296047,9.423316028786392,7.770493948315342,6.967615309126595,7.725711481844946,7.979784102060845,7.605986261040235,0.6112967487790719,0.12956128809392073,0.8124913370379789,0.71875,0.8649385403505881,0.18645731108930325,0.1818203048741013,1.5315287939118172,"{""llm_generation_error"": 2, ""parse_fail"": 5, ""success"": 1017}"
baseline_v3_n16_Qwen3-1.7B,35,0,1024,64,0.9951171875,1.0,0.0,8.839780678224832,6.694569152650525,8.839780678224832,9.446847988223748,7.62564605822702,6.983316977428852,7.421000981354269,7.887733071638862,7.56820412168793,0.5612240417908674,0.14625854939390204,0.7897867402633844,0.703125,0.8759203528107753,0.17762512266928362,0.1455073362573676,1.3369974976282404,"{""llm_generation_error"": 1, ""parse_fail"": 5, ""success"": 1018}"
baseline_v3_n16_Qwen3-1.7B,36,0,1024,64,0.9912109375,1.0,0.0,8.828239496442247,6.758139469316609,8.828239496442247,9.479649885057471,7.525418719211824,7.158620689655172,7.378128078817734,7.842266009852217,7.355862068965517,0.4424980056734505,0.18583379598266533,0.7325639427563496,0.8125,0.8791241930545113,0.17142857142857143,0.2216901221428541,1.4818605356940235,"{""llm_generation_error"": 3, ""parse_fail"": 9, ""success"": 1012}"
baseline_v3_n16_Qwen3-1.7B,37,0,1024,64,0.994140625,1.0,0.0,8.829016557520195,6.746107554908936,8.829016557520195,9.437368975114603,7.612311722331369,6.9783889980353635,7.4739685658153245,7.906188605108055,7.456777996070727,0.4937163998434411,0.16862170108880278,0.7288041645740944,0.796875,0.882847510522361,0.17779960707269155,0.2496809749270162,1.4290769509894932,"{""llm_generation_error"": 4, ""parse_fail"": 6, ""success"": 1014}"
baseline_v3_n16_Qwen3-1.7B,38,0,1024,64,0.9912109375,1.0,0.0,8.977408002189378,6.980185443693455,8.977408002189378,9.473484745484402,7.985254515599344,7.129064039408867,7.924630541871921,8.128177339901479,7.90295566502463,0.6467794152955065,0.11773983099427732,0.8052838740001493,0.828125,0.8902530257126756,0.19704433497536947,0.15886057891940736,1.3411000464948346,"{""llm_generation_error"": 1, ""parse_fail"": 9, ""success"": 1014}"
baseline_v3_n16_Qwen3-1.7B,39,0,1024,64,0.9921875,1.0,0.0,8.942282852143478,7.019994695247537,8.942282852143478,9.466672309711285,7.893503937007874,7.137795275590551,7.830511811023622,8.013385826771653,7.836614173228346,0.628115616140718,0.12396118877689027,0.775580763337377,0.71875,0.8846647370216264,0.17716535433070865,0.2286405328539355,1.3962702838220016,"{""llm_generation_error"": 3, ""parse_fail"": 8, ""success"": 1013}"
baseline_v3_n16_Qwen3-1.7B,40,0,1024,64,0.99609375,1.0,0.0,8.899614716775599,6.792573891258989,8.899614716775599,9.472542990196077,7.753758169934641,7.109803921568627,7.575490196078431,7.982352941176471,7.703431372549019,0.555499374132712,0.14816585497635337,0.792280993667369,0.84375,0.8806119563540431,0.2,0.17804708591167312,1.3196355063494014,"{""llm_generation_error"": 2, ""parse_fail"": 4, ""success"": 1018}"
baseline_v3_n16_Qwen3-1.7B,41,0,1024,64,0.9775390625,1.0,0.0,8.936298679098673,6.954661447510232,8.936298679098673,9.489596203796205,7.829703629703631,7.152847152847153,7.740259740259741,8.045554445554448,7.7032967032967035,0.6003972959128698,0.13320037567054374,0.7932251636829082,0.65625,0.8921465850268826,0.17782217782217782,0.16345460005832071,1.3825211366141694,"{""llm_generation_error"": 1, ""parse_fail"": 14, ""render_engine_error"": 9, ""success"": 1000}"
baseline_v3_n16_Qwen3-1.7B,42,0,1024,64,0.994140625,1.0,0.0,8.976593407552938,7.073423372019925,8.976593407552938,9.490512246234447,7.948755730189916,7.18467583497053,7.914047151277014,8.09204322200393,7.840176817288802,0.5786072899101957,0.14044180012207225,0.7579367805277426,0.8125,0.9023371083502388,0.15422396856581533,0.18499914562676129,1.4037221327346572,"{""llm_generation_error"": 2, ""parse_fail"": 6, ""success"": 1016}"
baseline_v3_n16_Qwen3-1.7B,43,0,1024,64,0.9921875,1.0,0.0,8.979037817147866,7.091620570214841,8.979037817147866,9.515275885826773,7.906561679790026,7.330708661417323,7.758070866141732,8.1126968503937,7.848917322834645,0.5635031450192411,0.14549685051302844,0.7607365717844765,0.78125,0.8724399258115311,0.16830708661417323,0.15833905068239287,1.2990471114257618,"{""llm_generation_error"": 2, ""parse_fail"": 8, ""success"": 1014}"
baseline_v3_n16_Qwen3-1.7B,44,0,1024,64,0.9912109375,1.0,0.0,9.01417989053093,7.152926361019405,9.01417989053093,9.526951280788177,7.98863711001642,7.322167487684729,7.980295566502463,8.120098522167488,7.86551724137931,0.6132614843265923,0.1289128181872604,0.7869478203583896,0.8125,0.9057042297738008,0.17438423645320197,0.14684443937991679,1.2679345650718477,"{""llm_generation_error"": 1, ""parse_fail"": 9, ""success"": 1014}"
baseline_v3_n16_Qwen3-1.7B,45,0,1024,64,0.99609375,1.0,0.0,8.958522777777768,6.884826128605132,8.958522777777768,9.492097892156862,7.891372549019607,7.145098039215687,7.738725490196078,8.159901960784314,7.775490196078431,0.5909928032094378,0.1363356825321074,0.8057246710274136,0.78125,0.8701398759591078,0.18235294117647058,0.1314796913772436,1.1959913243586828,"{""llm_generation_error"": 1, ""parse_fail"": 4, ""success"": 1019}"
baseline_v3_n16_Qwen3-1.7B,46,0,1024,64,0.9921875,1.0,0.0,8.996073884514447,7.047974514390188,8.996073884514447,9.505921850393701,7.976377952755906,7.21259842519685,7.824803149606299,8.158464566929133,7.945866141732283,0.6291527967349568,0.12361571990273564,0.782636538597665,0.84375,0.9018668827160831,0.16141732283464566,0.18696831694164218,1.354983950649652,"{""llm_generation_error"": 3, ""parse_fail"": 8, ""success"": 1013}"
baseline_v3_n16_Qwen3-1.7B,47,0,1024,64,0.998046875,1.0,0.0,9.039687682104805,7.175710611772625,9.039687682104805,9.523703082191782,8.071656881930855,7.279843444227006,8.006360078277886,8.150880626223092,8.057729941291585,0.6424792739037999,0.1191733944575359,0.7748280047507364,0.828125,0.9142874401227632,0.14579256360078277,0.1723204041757489,1.5721023858033099,"{""llm_generation_error"": 1, ""parse_fail"": 2, ""success"": 1021}"
baseline_v3_n16_Qwen3-1.7B,48,0,1024,64,0.994140625,1.0,0.0,8.996526817288803,7.0476470362518935,8.996526817288803,9.51527156188605,7.959037328094303,7.298624754420432,7.798133595284872,8.150196463654225,7.928781925343811,0.5726098050277788,0.14246331878811272,0.80186358273299,0.8125,0.8756998760888677,0.206286836935167,0.23576172400728715,1.3083132985059396,"{""llm_generation_error"": 4, ""parse_fail"": 6, ""success"": 1014}"
baseline_v3_n16_Qwen3-1.7B,49,0,1024,64,0.994140625,1.0,0.0,9.002438375900454,7.043639929512972,9.002438375900454,9.516886116568434,7.973542894564505,7.280943025540275,7.841846758349705,8.15392927308448,7.924852652259332,0.5861084164937891,0.1379638579175743,0.7807255680925722,0.84375,0.8986387995594866,0.18271119842829076,0.19785337406229606,1.3569496495088043,"{""llm_generation_error"": 3, ""parse_fail"": 6, ""success"": 1015}"
baseline_v3_n16_Qwen3-1.7B,50,0,1024,64,0.99609375,1.0,0.0,9.059417058823545,7.196122491181382,9.059417058823545,9.540367418300654,8.09751633986928,7.36078431372549,7.917450980392157,8.262843137254903,8.112254901960783,0.588956024156223,0.137014655828722,0.7894116403763584,0.8125,0.9098689567003916,0.1784313725490196,0.13441626742332582,1.1640007890292587,"{""llm_generation_error"": 1, ""parse_fail"": 4, ""success"": 1019}"
baseline_v3_n16_Qwen3-1.7B,51,0,1024,64,0.9912109375,1.0,0.0,9.021084203612485,7.120968026325786,9.021084203612485,9.533925155993433,7.995402298850575,7.341871921182266,7.8342857142857145,8.176945812807881,7.974975369458128,0.5913450305330691,0.1362182931194014,0.7760648094770611,0.828125,0.9185912250583209,0.15566502463054188,0.18483750748864605,1.4913499373257182,"{""llm_generation_error"": 2, ""parse_fail"": 9, ""success"": 1013}"
baseline_v3_n16_Qwen3-1.7B,52,0,1024,64,0.9921875,1.0,0.0,9.022096205161859,7.092062397512266,9.022096205161859,9.544725672572179,7.976837270341207,7.397637795275591,7.778543307086614,8.200000000000001,7.951968503937008,0.5323619606002837,0.15587927752997813,0.7892096317177036,0.796875,0.8867160226145719,0.1545275590551181,0.15627979196225303,1.3710571565759826,"{""llm_generation_error"": 2, ""parse_fail"": 8, ""success"": 1014}"
baseline_v3_n16_Qwen3-1.7B,53,0,1024,64,0.9931640625,1.0,0.0,9.042836075603644,7.101425494513666,9.042836075603644,9.547292461488036,8.033923303834808,7.351032448377581,7.905408062930187,8.2086529006883,7.987708947885939,0.5937880290435826,0.13540399024034247,0.8157873218237434,0.78125,0.8809027433203674,0.19567354965585054,0.12452019822249383,1.3437123378969142,"{""parse_fail"": 7, ""success"": 1017}"
baseline_v3_n16_Qwen3-1.7B,54,0,1024,64,0.994140625,1.0,0.0,9.016644739139936,7.070722163910789,9.016644739139936,9.525687475442043,7.998559266535691,7.337917485265226,7.88713163064833,8.197937131630649,7.910609037328094,0.5569220864248974,0.14769257275754985,0.8006688884688593,0.859375,0.889293080581419,0.16994106090373282,0.2657535031357405,1.4362601836351216,"{""llm_generation_error"": 5, ""parse_fail"": 6, ""success"": 1013}"
baseline_v3_n16_Qwen3-1.7B,55,0,1024,64,0.9921875,1.0,0.0,9.110152898075242,7.415966161523811,9.110152898075242,9.571659793307086,8.187139107611548,7.562992125984252,8.051476377952756,8.325393700787401,8.184547244094489,0.5825766061812181,0.13914095987990996,0.7643283593531734,0.890625,0.9053916380352118,0.1673228346456693,0.150295417991113,1.214360851315474,"{""llm_generation_error"": 2, ""parse_fail"": 8, ""success"": 1014}"
baseline_v3_n16_Qwen3-1.7B,56,0,1024,64,0.9833984375,1.0,0.0,9.057032439589529,7.275689630963848,9.057032439589529,9.55840532936114,8.054286660046342,7.422045680238332,7.942105263157894,8.24230387288977,7.978450844091361,0.5645845010592354,0.14513849943038232,0.7625474265175497,0.765625,0.9002343243708104,0.15988083416087387,0.10856801618818147,1.122205118836757,"{""parse_fail"": 17, ""success"": 1007}"
baseline_v3_n16_Qwen3-1.7B,57,0,1024,64,0.9931640625,1.0,0.0,9.05660984376709,7.256849733841283,9.05660984376709,9.553039970501475,8.063749590298263,7.411996066863323,7.9589970501474925,8.261061946902656,7.971189773844641,0.5795445568413602,0.1401518118499946,0.7600355729650344,0.859375,0.9214112993968933,0.17895771878072764,0.15750981369610223,1.233704438963639,"{""llm_generation_error"": 1, ""parse_fail"": 6, ""render_engine_error"": 1, ""success"": 1016}"
baseline_v3_n16_Qwen3-1.7B,58,0,1024,64,0.9873046875,1.0,0.0,9.045604088361367,7.169026324369355,9.045604088361367,9.562603297065612,8.011605670952852,7.4579624134520275,7.820969337289812,8.242532146389713,7.971315529179031,0.5604014316096084,0.14653283490324207,0.8040694599098752,0.71875,0.8883496534670555,0.18001978239366964,0.15029968871483068,1.3134121117703477,"{""llm_generation_error"": 1, ""parse_fail"": 13, ""success"": 1010}"
baseline_v3_n16_Qwen3-1.7B,59,0,1024,64,0.986328125,1.0,0.0,9.142698272827296,7.433136560307728,9.142698272827296,9.59432793729373,8.23943894389439,7.6138613861386135,8.093168316831683,8.331584158415843,8.293564356435644,0.5797108558877195,0.14009638135312721,0.765822295188911,0.921875,0.9150902191609496,0.16930693069306932,0.13655554298127648,1.3055684429746983,"{""parse_fail"": 14, ""success"": 1010}"
baseline_v3_n16_Qwen3-1.7B,60,0,1024,64,0.98828125,1.0,0.0,9.117454139218282,7.4040469988927216,9.117454139218282,9.559926268115943,8.232509881422923,7.462450592885376,8.130731225296442,8.34990118577075,8.21689723320158,0.6658400860676528,0.11138656423996128,0.7808307357082533,0.90625,0.9074019236793553,0.16600790513833993,0.13366210405175677,1.2135821969611609,"{""llm_generation_error"": 2, ""parse_fail"": 11, ""render_engine_error"": 1, ""success"": 1010}"
baseline_v3_n16_Qwen3-1.7B,61,0,1024,64,0.9931640625,1.0,0.0,9.09264121053207,7.403235774734636,9.09264121053207,9.578227630285152,8.121468371025893,7.522123893805309,8.03402163225172,8.287610619469026,8.042772861356932,0.5833663334756669,0.1388778887690123,0.7525083627024299,0.765625,0.9017304932598933,0.1671583087512291,0.11106740410675837,0.95792283804005,"{""parse_fail"": 7, ""success"": 1017}"
baseline_v3_n16_Qwen3-1.7B,62,0,1024,64,0.9833984375,1.0,0.0,9.109759218801715,7.381158856240814,9.109759218801715,9.597872856669976,8.13353194306521,7.644488579940417,7.996325719960279,8.299006951340616,8.105263157894736,0.4937463353201711,0.1687512209810731,0.7552140338237854,0.9375,0.9104259694454052,0.16583912611717974,0.13902983780331196,1.2090904446759916,"{""llm_generation_error"": 1, ""parse_fail"": 13, ""render_engine_error"": 4, ""success"": 1006}"
baseline_v3_n16_Qwen3-1.7B,63,0,1024,64,0.9873046875,1.0,0.0,9.128309308715243,7.372453758293184,9.128309308715243,9.593749818661392,8.197428288822946,7.6102868447082095,7.999208704253214,8.340356083086053,8.252720079129574,0.5440115540871695,0.15199614845895498,0.7617824176308146,0.890625,0.915608068985233,0.17408506429277942,0.1282959109942676,1.3338858597193872,"{""parse_fail"": 13, ""success"": 1011}"
baseline_v3_n16_Qwen3-1.7B,64,0,1024,64,0.98828125,1.0,0.0,9.09351559068949,7.181858933490431,9.09351559068949,9.564746376811593,8.151054018445322,7.430830039525691,8.011956521739132,8.268774703557312,8.172430830039525,0.6475138821387315,0.11749537244182111,0.8254290299683723,0.796875,0.9185109945504631,0.17094861660079053,0.10401406285780938,1.2514114340623919,"{""parse_fail"": 12, ""success"": 1012}"
baseline_v3_n16_Qwen3-1.7B,65,0,1024,64,0.9912109375,1.0,0.0,9.09140245210729,7.357354562519102,9.09140245210729,9.584361477832513,8.105484400656815,7.568472906403941,8.01064039408867,8.268866995073893,8.036945812807883,0.5799291496934537,0.14002361621291579,0.7700587673702365,0.921875,0.9195755217808432,0.15763546798029557,0.1710220133346094,1.4664527334690538,"{""llm_generation_error"": 1, ""parse_fail"": 9, ""success"": 1014}"
baseline_v3_n16_Qwen3-1.7B,66,0,1024,64,0.982421875,1.0,0.0,9.07731699801193,7.315692444654695,9.07731699801193,9.584530831676608,8.062889330682571,7.570576540755467,7.863916500994036,8.319284294234594,8.005467196819085,0.48317740836052225,0.1722741971162051,0.7496164228030925,0.859375,0.9087467174309514,0.16600397614314116,0.12397568132401955,1.0945864213934373,"{""llm_generation_error"": 1, ""parse_fail"": 18, ""success"": 1005}"
baseline_v3_n16_Qwen3-1.7B,67,0,1024,64,0.9873046875,1.0,0.0,9.121210418727339,7.530810556648881,9.121210418727339,9.61265967688757,8.138311902406857,7.768545994065282,7.993076162215628,8.31948565776459,8.102373887240356,0.4808057593046653,0.17306471854201586,0.7176640283179081,0.84375,0.9141693759222472,0.1533135509396637,0.20156896566121632,1.2657369958488025,"{""llm_generation_error"": 3, ""parse_fail"": 13, ""success"": 1008}"
baseline_v3_n16_Qwen3-1.7B,68,0,1024,64,0.9951171875,1.0,0.0,9.140154061716274,7.464734218300721,9.140154061716274,9.617689385017991,8.185083415112857,7.744847890088322,8.029833169774289,8.3441609421001,8.181256133464181,0.4671107822159764,0.17762973922216221,0.7711595640272472,0.875,0.9102082070791534,0.1746810598626104,0.11859808060870812,1.1867270412738713,"{""parse_fail"": 3, ""render_engine_error"": 2, ""success"": 1019}"
baseline_v3_n16_Qwen3-1.7B,69,0,1024,64,0.9951171875,1.0,0.0,9.113278682804513,7.434714389221411,9.113278682804513,9.610546090938831,8.118743866535821,7.731108930323847,7.9353287536800785,8.34190382728165,8.078999018645732,0.43350966852740064,0.18881797473693274,0.7326903499726809,0.921875,0.9165375744007653,0.1491658488714426,0.14706673675362722,1.1285963897300386,"{""llm_generation_error"": 1, ""parse_fail"": 5, ""success"": 1018}"
baseline_v3_n16_Qwen3-1.7B,70,0,1024,64,0.986328125,1.0,0.0,9.138172574257439,7.540625714703441,9.138172574257439,9.611169752475247,8.192178217821782,7.718811881188119,8.046039603960397,8.346336633663366,8.184158415841583,0.48256304500198766,0.17247898134861991,0.7068814765789692,0.84375,0.9209387256595025,0.16237623762376238,0.15776152590531023,1.201846094474072,"{""llm_generation_error"": 1, ""parse_fail"": 14, ""success"": 1009}"
baseline_v3_n16_Qwen3-1.7B,71,0,1024,64,0.986328125,1.0,0.0,9.12719938393841,7.398928741236501,9.12719938393841,9.574594455445544,8.232409240924092,7.534653465346534,8.151584158415842,8.376336633663367,8.16930693069307,0.5944611506803652,0.13517958011933062,0.7919960113270171,0.890625,0.9219768830470273,0.15346534653465346,0.1522549879928525,1.175425471417485,"{""llm_generation_error"": 2, ""parse_fail"": 14, ""success"": 1008}"
baseline_v3_n16_Qwen3-1.7B,72,0,1024,64,0.978515625,1.0,0.0,9.184111044577511,7.66889920262858,9.184111044577511,9.639722787757817,8.2728875582169,7.9141716566866265,8.139820359281437,8.363273453093813,8.31556886227545,0.46760985880264694,0.17746337785462898,0.7095488202411792,0.875,0.8988620414668119,0.1656686626746507,0.14743192350881842,1.0234034753420156,"{""llm_generation_error"": 2, ""parse_fail"": 19, ""render_engine_error"": 3, ""success"": 1000}"
baseline_v3_n16_Qwen3-1.7B,73,0,1024,64,0.98828125,1.0,0.0,9.199121113306983,7.62157369270731,9.199121113306983,9.61561184123847,8.366139657444005,7.74505928853755,8.251482213438734,8.430237154150197,8.416699604743084,0.6154098936394407,0.1281966997016577,0.7617046297554328,0.921875,0.9469206676831434,0.11758893280632411,0.13682707822952747,1.3361535323332387,"{""llm_generation_error"": 1, ""parse_fail"": 11, ""render_engine_error"": 1, ""success"": 1011}"
baseline_v3_n16_Qwen3-1.7B,74,0,1024,64,0.9921875,1.0,0.0,9.187086548556424,7.629239555037809,9.187086548556424,9.630449376640419,8.300360892388452,7.811023622047244,8.192913385826772,8.44783464566929,8.26033464566929,0.5553688871406696,0.14821036902794052,0.7411440620062102,0.90625,0.9202882205306129,0.16338582677165353,0.12204355855732578,1.0895080777401827,"{""parse_fail"": 8, ""success"": 1016}"
baseline_v3_n16_Qwen3-1.7B,75,0,1024,64,0.9912109375,1.0,0.0,9.173712271483312,7.579035900685097,9.173712271483312,9.631520788177339,8.258095238095239,7.883743842364532,8.076354679802956,8.42256157635468,8.275369458128079,0.4544215811408721,0.18185947168208452,0.7477056890644186,0.84375,0.9000458554245704,0.18226600985221675,0.1687324966650348,1.1079210674838433,"{""llm_generation_error"": 3, ""parse_fail"": 9, ""success"": 1012}"
baseline_v3_n16_Qwen3-1.7B,76,0,1024,64,0.9970703125,1.0,0.0,9.126584971161185,7.348683143464548,9.126584971161185,9.575153330068561,8.229448253346392,7.539666993143976,8.066601371204701,8.384720861900098,8.237022526934378,0.5786153941183585,0.14046153335479195,0.7707351558909212,0.9375,0.9246997182266855,0.20176297747306562,0.20057804083419153,1.217038591947612,"{""llm_generation_error"": 3, ""parse_fail"": 3, ""success"": 1018}"
baseline_v3_n16_Qwen3-1.7B,77,0,1024,64,0.98828125,1.0,0.0,9.168712571365836,7.560871480465284,9.168712571365836,9.626043165349143,8.25405138339921,7.83399209486166,8.095553359683795,8.393379446640317,8.273221343873518,0.46324920834162775,0.17891691722387884,0.7421916764029086,0.90625,0.9029417891187488,0.16106719367588934,0.1505053934793751,1.0424297563283713,"{""llm_generation_error"": 2, ""parse_fail"": 12, ""success"": 1010}"
baseline_v3_n16_Qwen3-1.7B,78,0,1024,64,0.99609375,1.0,0.0,9.196083867102415,7.51493504489123,9.196083867102415,9.650743447712419,8.286764705882353,7.931372549019608,8.11892156862745,8.480588235294118,8.260784313725491,0.44977544738184877,0.18340818420189486,0.8320221607291826,0.875,0.8820658733974903,0.2019607843137255,0.11382759841905535,1.2168766503013169,"{""parse_fail"": 4, ""success"": 1020}"
baseline_v3_n16_Qwen3-1.7B,79,0,1024,64,0.9892578125,1.0,0.0,9.14265070746957,7.459429993475286,9.14265070746957,9.639280437643961,8.149391247120763,7.855873642645607,7.95360315893386,8.355676209279368,8.138894373149062,0.44193391837728263,0.18602202720578154,0.758043090205752,0.84375,0.9311811975445813,0.1895360315893386,0.16838316377541665,1.328366505307307,"{""parse_fail"": 11, ""success"": 1013}"
baseline_v3_n16_Qwen3-1.7B,80,0,1024,64,0.9912109375,1.0,0.0,9.176041083743842,7.538926214814377,9.176041083743842,9.621467208538588,8.28518883415435,7.771428571428571,8.107980295566502,8.424926108374384,8.322660098522167,0.5057221921687336,0.1647592685106092,0.7802997041382008,0.765625,0.8944711972513149,0.2,0.11637898187134862,1.061498418431911,"{""llm_generation_error"": 1, ""parse_fail"": 9, ""success"": 1014}"
baseline_v3_n16_Qwen3-1.7B,81,0,1024,64,0.9833984375,1.0,0.0,9.183401688182716,7.669265057728583,9.183401688182716,9.625003227408143,8.300198609731877,7.791459781529295,8.17795431976167,8.4291956305859,8.293445878848063,0.5171676583528596,0.16094405265061162,0.7030297450393481,0.859375,0.9207149050076497,0.17874875868917578,0.10748801746785629,0.8372835088751265,"{""llm_generation_error"": 1, ""parse_fail"": 17, ""success"": 1006}"
baseline_v3_n16_Qwen3-1.7B,82,0,1024,64,0.98828125,1.0,0.0,9.23058814229252,7.761283047270886,9.23058814229252,9.674110144927537,8.343544137022398,8.08300395256917,8.238043478260868,8.481818181818182,8.310770750988143,0.4279155234082524,0.19069482541383617,0.7412283254582719,0.921875,0.9168096740380167,0.18280632411067194,0.12762902916418917,0.9989570230331394,"{""llm_generation_error"": 1, ""parse_fail"": 12, ""success"": 1011}"
baseline_v3_n16_Qwen3-1.7B,83,0,1024,64,0.982421875,1.0,0.0,9.208722332670645,7.7271773861657165,9.208722332670645,9.671880715705766,8.282405566600398,8.047713717693837,8.0889662027833,8.447813121272366,8.310437375745526,0.4279567007468392,0.19068109918948106,0.7268678256193858,0.859375,0.9233262739134437,0.15606361829025844,0.11868328360547166,1.093107284211787,"{""parse_fail"": 18, ""success"": 1006}"
baseline_v3_n16_Qwen3-1.7B,84,0,1024,64,0.986328125,1.0,0.0,9.15190143014301,7.488445586890598,9.15190143014301,9.626961056105612,8.20178217821782,7.823762376237624,8.003069306930694,8.418613861386138,8.183663366336633,0.5189874733378443,0.1603375084682068,0.7607276079960797,0.859375,0.91050818508089,0.1495049504950495,0.19074940423897999,1.0996830769698984,"{""llm_generation_error"": 2, ""parse_fail"": 13, ""render_engine_error"": 1, ""success"": 1008}"
baseline_v3_n16_Qwen3-4B,1,0,1024,64,0.9951171875,1.0,0.0,7.900927728710054,5.418828086745661,7.900927728710054,8.872834183840366,5.957114818449461,6.0549558390579,5.758096172718352,6.33307163886163,5.7801766437684,0.3001119078731026,0.2323141339075998,0.6136693161999811,0.53125,0.8664801523780972,0.16683022571148184,2.2918979045833536,4.582331342395719,"{""llm_generation_error"": 104, ""parse_fail"": 5, ""success"": 915}"
baseline_v3_n16_Qwen3-4B,2,0,1024,64,0.9873046875,1.0,0.0,8.5967125068689,6.330648372754342,8.5967125068689,9.383644427959117,7.022848664688428,6.718100890207715,6.894362017804154,7.261721068249258,6.91246290801187,0.44889855429452963,0.18365989817159786,0.7003425844435991,0.734375,0.8649984966566919,0.18199802176063304,0.3204073116553537,1.702319221180123,"{""llm_generation_error"": 5, ""parse_fail"": 13, ""success"": 1006}"
baseline_v3_n16_Qwen3-4B,3,0,1024,64,0.986328125,1.0,0.0,8.933793025302538,7.021452828174396,8.933793025302538,9.498841353135314,7.803696369636964,7.095049504950495,7.884653465346535,7.907623762376239,7.618811881188119,0.5805692000011143,0.13981026578535952,0.7352480119666578,0.921875,0.9117742237263472,0.1613861386138614,0.19882993390484507,1.531085957474599,"{""llm_generation_error"": 2, ""parse_fail"": 14, ""success"": 1008}"
baseline_v3_n16_Qwen3-4B,4,0,1024,64,0.9921875,1.0,0.0,8.942495888014008,6.959053448730261,8.942495888014008,9.504672309711287,7.818143044619423,7.070866141732283,7.830216535433071,7.844192913385828,7.78001968503937,0.6303732473177298,0.12320891734071704,0.7756713864838505,0.890625,0.897964051288148,0.17913385826771652,0.17050699588113477,1.5724850578359928,"{""parse_fail"": 8, ""success"": 1016}"
baseline_v3_n16_Qwen3-4B,5,0,1024,64,0.984375,1.0,0.0,9.017311067019412,7.148963935341697,9.017311067019412,9.508588955026456,8.034755291005292,7.176587301587301,8.120535714285714,7.907043650793652,8.076686507936508,0.6806190403635698,0.10646027693484039,0.7927714784950014,0.8125,0.935833933620325,0.1746031746031746,0.28449269077064626,1.7353186217472476,"{""llm_generation_error"": 6, ""parse_fail"": 15, ""render_engine_error"": 1, ""success"": 1002}"
baseline_v3_n16_Qwen3-4B,6,0,1024,64,0.9775390625,1.0,0.0,9.007952047952045,7.20378497106796,9.007952047952045,9.536420246420246,7.951015651015652,7.27072927072927,7.999000999000999,7.951948051948053,7.9020979020979025,0.612437444593777,0.1291872241832496,0.7551737974069914,0.890625,0.913809814145012,0.1848151848151848,0.19980481185624543,1.5392302491539662,"{""llm_generation_error"": 2, ""parse_fail"": 23, ""success"": 999}"
baseline_v3_n16_Qwen3-4B,7,0,1024,64,0.9794921875,1.0,0.0,8.966306901517662,7.258391813610203,8.966306901517662,9.520680026586906,7.857560651379195,7.349950149551346,7.878564307078763,7.835692921236292,7.858424725822532,0.5551048176134626,0.1482983899644996,0.7084935782331159,0.875,0.9328471513441329,0.16450648055832504,0.4987411687641203,2.118949071179092,"{""llm_generation_error"": 11, ""parse_fail"": 16, ""render_engine_error"": 5, ""success"": 992}"
baseline_v3_n16_Qwen3-4B,8,0,1024,64,0.984375,1.0,0.0,9.041743827160506,7.396807046390645,9.041743827160506,9.561507936507937,8.00221560846561,7.448412698412699,8.019345238095237,7.9907738095238106,7.996527777777778,0.5598679948633888,0.14671066139590921,0.6909120181340119,0.859375,0.9278948477074692,0.15079365079365079,0.23228648230929452,1.4539579903564717,"{""llm_generation_error"": 4, ""parse_fail"": 16, ""success"": 1004}"
baseline_v3_n16_Qwen3-4B,9,0,1024,64,0.9833984375,1.0,0.0,8.981558722277388,7.201624915949198,8.981558722277388,9.558534707050645,7.827606752730884,7.374379344587885,7.8632571996027805,7.8842105263157904,7.7353525322740815,0.4814659724872577,0.1728446757739838,0.721090886765433,0.78125,0.91397306386739,0.13604766633565044,0.15435562173277526,1.2069173844330252,"{""llm_generation_error"": 1, ""parse_fail"": 17, ""success"": 1006}"
baseline_v3_n16_Qwen3-4B,10,0,1024,64,0.9814453125,1.0,0.0,9.047042564953019,7.44363249476951,9.047042564953019,9.595688225538971,7.949751243781094,7.574129353233831,7.975422885572139,7.9902487562189055,7.883582089552239,0.47435342557548027,0.17521552480817237,0.6819828554410158,0.921875,0.9227620336473498,0.14925373134328357,0.15049109191544255,1.2609158757115295,"{""parse_fail"": 18, ""render_engine_error"": 1, ""success"": 1005}"
baseline_v3_n16_Qwen3-4B,11,0,1024,64,0.990234375,1.0,0.0,9.011023449484984,7.17966598207505,9.011023449484984,9.565664036817884,7.901742274819198,7.396449704142012,8.019526627218935,7.984023668639053,7.701676528599606,0.5130081716871446,0.16233060943754404,0.7652248305016978,0.828125,0.920545182872279,0.15285996055226825,0.12005860295969438,1.2775818425659107,"{""parse_fail"": 10, ""success"": 1014}"
baseline_v3_n16_Qwen3-4B,12,0,1024,64,0.98046875,1.0,0.0,9.070506861443118,7.402529108747865,9.070506861443118,9.590305444887118,8.030909694555111,7.565737051792829,8.185557768924301,8.043625498007968,7.863545816733068,0.5078031739218676,0.1640656081014209,0.7206543507007072,0.890625,0.9195450886882626,0.14243027888446216,0.14212948581003718,1.3732704683497652,"{""llm_generation_error"": 1, ""parse_fail"": 20, ""success"": 1003}"
baseline_v3_n16_Qwen3-4B,13,0,1024,64,0.98046875,1.0,0.0,8.99949092518816,7.1161187123921374,8.99949092518816,9.572377158034529,7.8537184594953535,7.434262948207171,8.09292828685259,8.00906374501992,7.459163346613546,0.4900588065480036,0.16998039781733246,0.7787514894767823,0.828125,0.9068961855377722,0.1643426294820717,0.11819907010245749,1.172318250879036,"{""parse_fail"": 20, ""success"": 1004}"
baseline_v3_n16_Qwen3-4B,14,0,1024,64,0.9794921875,1.0,0.0,8.972615486872726,7.093316716369646,8.972615486872726,9.555001661681622,7.807843137254902,7.330009970089731,7.9740777666999,7.9135593220338984,7.535892323030907,0.5025576942470478,0.16581410191765097,0.7608980112197028,0.921875,0.910350810341997,0.16849451645064806,0.11848833293364293,1.1734361006512632,"{""parse_fail"": 21, ""success"": 1003}"
baseline_v3_n16_Qwen3-4B,15,0,1024,64,0.9853515625,1.0,0.0,9.068241383107596,7.250181124255823,9.068241383107596,9.585067723818963,8.034588701684838,7.514370664023786,8.277998017839446,8.14757185332012,7.678196233894946,0.5110699449577888,0.1629766849915076,0.8017270148043266,0.859375,0.9190228463568304,0.155599603567889,0.1022533995493613,1.1057751005424226,"{""parse_fail"": 15, ""success"": 1009}"
baseline_v3_n16_Qwen3-4B,16,0,1024,64,0.986328125,1.0,0.0,9.045929592959308,7.262972973762896,9.045929592959308,9.572607260726073,7.9925742574257415,7.437623762376238,8.216237623762376,8.114356435643565,7.647128712871288,0.5205120732566348,0.15982930891444172,0.7357891914513753,0.78125,0.9094978545207865,0.15346534653465346,0.09332633577680369,1.0135161883046349,"{""parse_fail"": 14, ""success"": 1010}"
baseline_v3_n16_Qwen3-4B,17,0,1024,64,0.9619140625,1.0,0.0,8.95059221658206,6.8083951298787895,8.95059221658206,9.473096446700508,7.905583756345178,6.842639593908629,8.293401015228426,7.867005076142132,7.556345177664975,0.7112126611337074,0.09626244628828762,0.8032988358537125,0.875,0.912187080182662,0.1634517766497462,0.08805318230150894,1.1557043140673264,"{""parse_fail"": 39, ""success"": 985}"
baseline_v3_n16_Qwen3-4B,18,0,1024,64,0.9873046875,1.0,0.0,8.863864160896814,6.657282856632966,8.863864160896814,9.475436861193538,7.64071876030333,6.856577645895153,8.108308605341247,7.658358061325421,7.155489614243323,0.5532836041997232,0.14890546526673867,0.7724543759295438,0.765625,0.9004389217321958,0.1552917903066271,0.11988763811192574,1.3401705099492913,"{""parse_fail"": 13, ""success"": 1011}"
baseline_v3_n16_Qwen3-4B,19,0,1024,64,0.9853515625,1.0,0.0,8.87291047241493,6.744171344976139,8.87291047241493,9.50445986124876,7.6098116947472745,7.030723488602577,7.974727452923687,7.712487611496532,7.142220019821606,0.4813001580963206,0.17289994730117797,0.7513013646328667,0.734375,0.8680482107448919,0.17443012884043607,0.0919592410106884,1.0458933867434237,"{""parse_fail"": 14, ""render_engine_error"": 1, ""success"": 1009}"
baseline_v3_n16_Qwen3-4B,20,0,1024,64,0.9921875,1.0,0.0,8.910629921259853,6.8089215221559956,8.910629921259853,9.506233595800525,7.719422572178478,7.09251968503937,8.061515748031496,7.7826771653543325,7.314074803149606,0.4981700059874627,0.1672766643747697,0.7904462363956153,0.609375,0.8834184795889134,0.1702755905511811,0.1400982473449289,1.2116568255271785,"{""llm_generation_error"": 2, ""parse_fail"": 8, ""success"": 1014}"
baseline_v3_n16_Qwen3-4B,21,0,1024,64,0.9912109375,1.0,0.0,8.833333333333346,6.6753638935405375,8.833333333333346,9.479474548440065,7.541050903119868,6.991133004926108,7.8310344827586205,7.664532019704434,7.127586206896551,0.5083333831381184,0.16388883944298707,0.7752866518567929,0.765625,0.8622499601729273,0.1960591133004926,0.19300842519243103,1.1616422121629053,"{""llm_generation_error"": 4, ""parse_fail"": 9, ""success"": 1011}"
baseline_v3_n16_Qwen3-4B,22,0,1024,64,0.99609375,1.0,0.0,8.796612200435728,6.656063939219591,8.796612200435728,9.492156862745098,7.405522875816994,7.080392156862745,7.588529411764706,7.571176470588235,7.056862745098039,0.42791469027817247,0.19069510200698112,0.7425687237868334,0.84375,0.895885200345605,0.16372549019607843,0.27815381217715834,1.34989148075041,"{""llm_generation_error"": 6, ""parse_fail"": 4, ""success"": 1014}"
baseline_v3_n16_Qwen3-4B,23,0,1024,64,0.984375,1.0,0.0,8.800253527336883,6.694623172503243,8.800253527336883,9.43287037037037,7.535019841269841,6.902777777777778,7.783234126984127,7.583035714285715,7.238789682539682,0.5360879316417921,0.15463733020015308,0.7485794660907581,0.84375,0.9096531398713955,0.18253968253968253,0.5042858678366632,1.6949528102657154,"{""llm_generation_error"": 15, ""parse_fail"": 13, ""render_engine_error"": 3, ""success"": 993}"
baseline_v3_n16_Qwen3-4B,24,0,1024,64,0.9921875,1.0,0.0,8.874146981627286,6.849025560542882,8.874146981627286,9.505905511811024,7.610629921259843,7.108267716535433,7.8219488188976385,7.716437007874015,7.293503937007874,0.4906307178643866,0.1697897596845548,0.747175400765053,0.796875,0.9117291908984516,0.13976377952755906,0.19844158950617294,1.2017916086380693,"{""llm_generation_error"": 3, ""parse_fail"": 8, ""success"": 1013}"
focal_0414_Qwen3-1.7B,1,0,512,64,0.962890625,1.0,0.0,6.822285856536976,3.638048926943071,3.638048926943071,8.887848613928329,0.0,5.683569979716024,0.0,0.0,0.0,0.09164605499818969,0.0,0.09571492856930974,0.78125,0.8982151503124678,0.09533468559837728,1.185723578679929,1.4922604151023067,"{""llm_generation_error"": 22, ""parse_fail"": 9, ""render_engine_error"": 10, ""success"": 471}"
focal_0414_Qwen3-1.7B,2,0,512,64,0.98046875,1.0,0.0,6.803951086562848,3.5857688386928355,3.5857688386928355,8.876134760956175,0.0,5.613545816733068,0.0,0.0,0.0,0.09167922471847985,0.0,0.09167922471847985,0.765625,0.9084396454001578,0.10358565737051793,1.3240432083065312,1.6025099355859438,"{""llm_generation_error"": 24, ""parse_fail"": 2, ""render_engine_error"": 8, ""success"": 478}"
focal_0414_Qwen3-1.7B,3,0,512,64,0.94921875,1.0,0.0,6.834741133557808,3.631519935634174,3.631519935634174,8.865921159122086,0.0,5.691358024691358,0.0,0.0,0.0,0.09096672707996492,0.0,0.09126064134264357,0.78125,0.9048705057209587,0.12757201646090535,1.544762807095622,1.8422150140184237,"{""llm_generation_error"": 26, ""parse_fail"": 12, ""render_engine_error"": 14, ""success"": 460}"
focal_0414_Qwen3-1.7B,4,0,512,64,0.978515625,1.0,0.0,6.931609798584652,3.8216778384828887,3.8216778384828887,8.883433666001329,0.0,5.656686626746507,0.0,0.0,0.0,0.10366342168579448,0.0,0.10563582902169809,0.796875,0.9106546633084429,0.10179640718562874,1.4328941985460055,1.7510269650790737,"{""llm_generation_error"": 26, ""parse_fail"": 6, ""render_engine_error"": 5, ""success"": 475}"
focal_0414_Qwen3-1.7B,5,0,512,64,0.943359375,1.0,0.0,6.979625032938082,3.832204301574577,3.832204301574577,8.97903650793651,0.0,5.946169772256729,0.0,0.0,0.0,0.08499589217204699,0.0,0.08947995344847762,0.875,0.8900487209543924,0.12215320910973085,1.0988091040093904,1.64359434329674,"{""llm_generation_error"": 14, ""parse_fail"": 9, ""render_engine_error"": 20, ""success"": 469}"
focal_0414_Qwen3-1.7B,6,0,512,64,0.939453125,1.0,0.0,6.95992424872425,3.7487514083712807,3.7487514083712807,8.930166042966043,0.0,5.904365904365904,0.0,0.0,0.0,0.08723871504389576,0.0,0.09265593371891766,0.75,0.9117461877161397,0.13721413721413722,1.3720924838925372,1.8677711202478406,"{""llm_generation_error"": 21, ""parse_fail"": 8, ""render_engine_error"": 23, ""success"": 460}"
focal_0414_Qwen3-1.7B,7,0,512,64,0.955078125,1.0,0.0,7.069605856107085,3.9495295464610862,3.9495295464610862,8.949185378323108,0.0,5.6850715746421265,0.0,0.0,0.0,0.11558899088032343,0.0,0.11589936098440395,0.765625,0.8986915217336421,0.1329243353783231,1.0946850670043806,1.5794745590286703,"{""llm_generation_error"": 17, ""parse_fail"": 2, ""render_engine_error"": 21, ""success"": 472}"
focal_0414_Qwen3-1.7B,8,0,512,64,0.8984375,1.0,0.0,6.94780507905139,3.784746741969766,3.784746741969766,8.876048442028987,0.0,5.739130434782608,0.0,0.0,0.0,0.09360718671564028,0.0,0.09837519386746997,0.828125,0.9278716534260212,0.12173913043478261,1.3988481629487086,2.1262766847272663,"{""llm_generation_error"": 19, ""parse_fail"": 4, ""render_engine_error"": 48, ""success"": 441}"
focal_0414_Qwen3-1.7B,9,0,512,64,0.91015625,1.0,0.0,7.026430374561064,3.77627496166739,3.77627496166739,8.931324070100143,0.0,5.733905579399142,0.0,0.0,0.0,0.09673076211715138,0.0,0.09709130861623891,0.78125,0.9077928576904768,0.10085836909871244,0.9816254462314072,1.489356764644139,"{""llm_generation_error"": 14, ""parse_fail"": 7, ""render_engine_error"": 39, ""success"": 452}"
focal_0414_Qwen3-1.7B,10,0,512,64,0.92578125,1.0,0.0,7.221337897967016,4.090797956001267,4.090797956001267,8.973648312236287,0.0,6.143459915611814,0.0,0.0,0.0,0.08868904569110453,0.0,0.09446506756071946,0.6875,0.8980684680472034,0.10548523206751055,1.055098547808678,1.6925295996708487,"{""llm_generation_error"": 13, ""parse_fail"": 7, ""render_engine_error"": 31, ""success"": 461}"
focal_0414_Qwen3-1.7B,11,0,512,64,0.95703125,1.0,0.0,7.238130593692029,4.310163018501118,4.310163018501118,8.861232619047618,0.0,6.106122448979592,0.0,0.0,0.0,0.09893626622258936,0.0,0.10532551585829995,0.796875,0.8681107525515999,0.15714285714285714,1.6405417380822898,1.9815113130787216,"{""llm_generation_error"": 25, ""parse_fail"": 10, ""render_engine_error"": 12, ""success"": 465}"
focal_0414_Qwen3-1.7B,12,0,512,64,0.96484375,1.0,0.0,7.421579186602877,4.536195814899052,4.536195814899052,8.949514608636976,0.0,6.165991902834008,0.0,0.0,0.0,0.12155122057648876,0.0,0.12177204901380902,0.65625,0.8720355819735147,0.10728744939271255,1.2631834547118324,1.9405889914436745,"{""llm_generation_error"": 16, ""parse_fail"": 9, ""render_engine_error"": 9, ""success"": 478}"
focal_0414_Qwen3-1.7B,13,0,512,64,0.955078125,1.0,0.0,7.361351217698467,4.448757532150007,4.448757532150007,8.916226380368096,0.0,6.134969325153374,0.0,0.0,0.0,0.1108919215907178,0.0,0.11669786327001465,0.765625,0.8556405639705915,0.1492842535787321,1.0463753834480005,1.3470940577475183,"{""llm_generation_error"": 15, ""parse_fail"": 3, ""render_engine_error"": 20, ""success"": 474}"
focal_0414_Qwen3-1.7B,14,0,512,64,0.884765625,1.0,0.0,7.519537888821999,4.520535216731982,4.520535216731982,9.055319094922735,0.0,6.47682119205298,0.0,0.0,0.0,0.10229717374426808,0.0,0.10582354697437406,0.75,0.8611225172171534,0.1280353200883002,0.8273988749948202,1.6246551732892844,"{""llm_generation_error"": 7, ""parse_fail"": 10, ""render_engine_error"": 49, ""success"": 446}"
focal_0414_Qwen3-1.7B,15,0,512,64,0.8671875,1.0,0.0,7.649403378378377,4.720942241345249,4.720942241345249,9.087532319819816,0.0,6.463963963963964,0.0,0.0,0.0,0.11984081136470691,0.0,0.12128199692597097,0.671875,0.8452101416764533,0.15765765765765766,0.630580480482389,1.4634628820001594,"{""llm_generation_error"": 4, ""parse_fail"": 11, ""render_engine_error"": 57, ""success"": 440}"
focal_0414_Qwen3-1.7B,16,0,512,64,0.927734375,1.0,0.0,7.576386066985652,4.596010964031545,4.596010964031545,9.084251649122805,0.0,6.5473684210526315,0.0,0.0,0.0,0.10421829241896412,0.0,0.10998452534294252,0.75,0.8882410891112842,0.12631578947368421,0.862347514413426,1.5016481416324403,"{""llm_generation_error"": 8, ""parse_fail"": 9, ""render_engine_error"": 28, ""success"": 467}"
focal_0414_Qwen3-1.7B,17,0,512,64,0.974609375,1.0,0.0,7.509846456549465,4.703551685394598,4.703551685394598,8.973629659318638,0.0,6.296593186372745,0.0,0.0,0.0,0.12352759511368461,0.0,0.12595428086833257,0.671875,0.8412348299086975,0.12424849699398798,1.069745107282512,1.5757776424896297,"{""llm_generation_error"": 14, ""parse_fail"": 10, ""render_engine_error"": 3, ""success"": 485}"
focal_0414_Qwen3-1.7B,18,0,512,64,0.9609375,1.0,0.0,7.523192609017001,4.766027317972631,4.766027317972631,8.9806972899729,0.0,6.333333333333333,0.0,0.0,0.0,0.12419377041859883,0.0,0.1301647352202158,0.796875,0.8814482974540514,0.16463414634146342,0.9903253600713495,1.4995122237803258,"{""llm_generation_error"": 12, ""parse_fail"": 9, ""render_engine_error"": 11, ""success"": 480}"
focal_0414_Qwen3-1.7B,19,0,512,64,0.81640625,1.0,0.0,7.546363375380607,4.609820494421639,4.609820494421639,9.075629505582135,0.0,6.6650717703349285,0.0,0.0,0.0,0.10022773725436589,0.0,0.10045481811642229,0.796875,0.8580492104647464,0.13875598086124402,1.0566936016962514,1.6837868285062438,"{""llm_generation_error"": 10, ""parse_fail"": 5, ""render_engine_error"": 89, ""success"": 408}"
focal_0414_Qwen3-1.7B,20,0,512,64,0.87109375,1.0,0.0,7.619002629433342,4.748732731478206,4.748732731478206,8.995936808669653,0.0,6.493273542600897,0.0,0.0,0.0,0.12410208461336651,0.0,0.12783514752819128,0.703125,0.8252266825989696,0.13452914798206278,1.1153438521371801,1.7478531094430454,"{""llm_generation_error"": 13, ""parse_fail"": 5, ""render_engine_error"": 61, ""success"": 433}"
focal_0414_Qwen3-1.7B,21,0,512,64,0.89453125,1.0,0.0,7.651191504565305,4.759980431630849,4.759980431630849,9.075219359534206,0.0,6.558951965065503,0.0,0.0,0.0,0.11417526630633201,0.0,0.11887752856226048,0.6875,0.7968806572383549,0.13973799126637554,0.6733832801625496,1.2183098440214373,"{""llm_generation_error"": 6, ""parse_fail"": 10, ""render_engine_error"": 44, ""success"": 452}"
focal_0414_Qwen3-1.7B,22,0,512,64,0.919921875,1.0,0.0,7.5083340088785935,4.392417815384901,4.392417815384901,9.069065286624202,0.0,6.407643312101911,0.0,0.0,0.0,0.11117078382755786,0.0,0.11256911277724102,0.703125,0.8610249952260473,0.13588110403397027,0.698750179042624,1.3345630059249238,"{""llm_generation_error"": 6, ""parse_fail"": 9, ""render_engine_error"": 32, ""success"": 465}"
focal_0414_Qwen3-1.7B,23,0,512,64,0.912109375,1.0,0.0,7.706410161572907,5.053862084856608,5.053862084856608,9.00511384725196,0.0,6.501070663811563,0.0,0.0,0.0,0.12215062587547718,0.0,0.13364939436545553,0.734375,0.8603594413655081,0.14132762312633834,1.0517330836575465,1.7188435505336344,"{""llm_generation_error"": 11, ""parse_fail"": 11, ""render_engine_error"": 34, ""success"": 456}"
focal_0414_Qwen3-1.7B,24,0,512,64,0.81640625,1.0,0.0,7.695842344497616,4.98828417177096,4.98828417177096,9.038470135566188,0.0,6.444976076555024,0.0,0.0,0.0,0.13907683751375838,0.0,0.14328470900750903,0.734375,0.8099790117128243,0.1339712918660287,0.7945739618220903,1.565165314162699,"{""llm_generation_error"": 6, ""parse_fail"": 11, ""render_engine_error"": 83, ""success"": 412}"
focal_0414_Qwen3-1.7B,25,0,512,64,0.923828125,1.0,0.0,7.615512531231983,4.792289824851629,4.792289824851629,9.069243023255813,0.0,6.503171247357294,0.0,0.0,0.0,0.11384802320650822,0.0,0.11655393507847671,0.703125,0.8529207510679677,0.1331923890063425,0.7824452230042265,1.4827956921591086,"{""llm_generation_error"": 7, ""parse_fail"": 10, ""render_engine_error"": 29, ""success"": 466}"
focal_0414_Qwen3-1.7B,26,0,512,64,0.796875,1.0,0.0,7.5362556818181865,4.707121869274409,4.707121869274409,8.959646854575164,0.0,6.397058823529412,0.0,0.0,0.0,0.122428184007964,0.0,0.12449067411809384,0.75,0.8665905232910882,0.12990196078431374,1.3364909181059572,2.039013117804119,"{""llm_generation_error"": 14, ""parse_fail"": 7, ""render_engine_error"": 97, ""success"": 394}"
focal_0414_Qwen3-1.7B,27,0,512,64,0.830078125,1.0,0.0,7.7756670802139025,4.967706723719585,4.967706723719585,9.13076219607843,0.0,6.569411764705882,0.0,0.0,0.0,0.14079570544266523,0.0,0.14087746061862885,0.671875,0.781052912854368,0.15764705882352942,0.6360176034599239,1.2842041002556257,"{""llm_generation_error"": 5, ""parse_fail"": 13, ""render_engine_error"": 74, ""success"": 420}"
focal_0414_Qwen3-1.7B,28,0,512,64,0.81640625,1.0,0.0,7.673784145280561,4.795386130209107,4.795386130209107,9.044680821371609,0.0,6.473684210526316,0.0,0.0,0.0,0.11566158953495362,0.0,0.11941438522957543,0.703125,0.7757546882425473,0.16028708133971292,0.7536635160877181,1.4242717428688498,"{""llm_generation_error"": 6, ""parse_fail"": 8, ""render_engine_error"": 86, ""success"": 412}"
focal_0414_Qwen3-1.7B,29,0,512,64,0.767578125,1.0,0.0,7.635910293777471,4.65534563693438,4.65534563693438,9.096624342663274,0.0,6.524173027989822,0.0,0.0,0.0,0.10902326088515638,0.0,0.11200878517538426,0.78125,0.8257812500000001,0.13740458015267176,0.7662788389535203,1.5852302559333187,"{""llm_generation_error"": 5, ""parse_fail"": 10, ""render_engine_error"": 109, ""success"": 388}"
focal_0414_Qwen3-1.7B,30,0,512,64,0.83984375,1.0,0.0,7.717380211416495,4.786871802293313,4.786871802293313,9.140972248062015,0.0,6.567441860465117,0.0,0.0,0.0,0.11245133983635568,0.0,0.11598275947659993,0.71875,0.8408991442202831,0.1325581395348837,0.4488074539926049,1.2041322384824849,"{""llm_generation_error"": 2, ""parse_fail"": 5, ""render_engine_error"": 77, ""success"": 428}"
focal_0414_Qwen3-1.7B,31,0,512,64,0.87890625,1.0,0.0,7.816932686868685,4.922601753331005,4.922601753331005,9.189672888888886,0.0,6.711111111111111,0.0,0.0,0.0,0.11958498164921645,0.0,0.1228992236417761,0.671875,0.8155744395013494,0.15777777777777777,0.3929852113812327,1.2515108115961158,"{""parse_fail"": 10, ""render_engine_error"": 52, ""success"": 450}"
focal_0414_Qwen3-1.7B,32,0,512,64,0.92578125,1.0,0.0,7.73097802071347,4.750037876654855,4.750037876654855,9.091357032348803,0.0,6.493670886075949,0.0,0.0,0.0,0.12597206177009826,0.0,0.12652192236718354,0.671875,0.7894676484084967,0.16244725738396623,0.6712439157832485,1.1812615302385086,"{""llm_generation_error"": 6, ""parse_fail"": 8, ""render_engine_error"": 30, ""success"": 468}"
focal_0414_Qwen3-1.7B,33,0,512,64,0.791015625,1.0,0.0,7.718156206509541,5.107121319742169,5.107121319742169,8.982874855967077,0.0,6.4148148148148145,0.0,0.0,0.0,0.14463872774789052,0.0,0.15022236597558755,0.796875,0.8327717235047318,0.1382716049382716,1.1791539665702009,1.93700409519856,"{""llm_generation_error"": 11, ""parse_fail"": 9, ""render_engine_error"": 98, ""success"": 394}"
focal_0414_Qwen3-1.7B,34,0,512,64,0.859375,1.0,0.0,7.804750475206611,5.1972740176868015,5.1972740176868015,9.085413749999999,0.0,6.527272727272727,0.0,0.0,0.0,0.14205209816576314,0.0,0.14334539427731638,0.6875,0.8166163427862927,0.15454545454545454,0.7007927716692491,1.6150106646142481,"{""llm_generation_error"": 4, ""parse_fail"": 9, ""render_engine_error"": 63, ""success"": 436}"
focal_0414_Qwen3-1.7B,35,0,512,64,0.828125,1.0,0.0,7.7330324828473485,4.99372239238733,4.99372239238733,9.089097287735848,0.0,6.632075471698113,0.0,0.0,0.0,0.12010919353630256,0.0,0.12278733722749988,0.640625,0.8344031461179015,0.13679245283018868,0.9408953776756134,1.770048041403439,"{""llm_generation_error"": 8, ""parse_fail"": 6, ""render_engine_error"": 82, ""success"": 416}"
focal_0414_Qwen3-1.7B,36,0,512,64,0.857421875,1.0,0.0,7.747135700973286,4.738558395632071,4.738558395632071,9.206612870159454,0.0,6.865603644646924,0.0,0.0,0.0,0.10187020024361333,0.0,0.1034373053466014,0.8125,0.8231013754325944,0.15261958997722094,0.5285074070777028,1.3849021318495305,"{""llm_generation_error"": 2, ""parse_fail"": 10, ""render_engine_error"": 63, ""success"": 437}"
focal_0414_Qwen3-1.7B,37,0,512,64,0.7890625,1.0,0.0,7.704135643564359,4.73097219286312,4.73097219286312,9.10564306930693,0.0,6.4950495049504955,0.0,0.0,0.0,0.11766412739585076,0.0,0.1181008742592555,0.671875,0.8061836192514426,0.16584158415841585,0.5826199854807409,1.1797060415283545,"{""llm_generation_error"": 4, ""parse_fail"": 8, ""render_engine_error"": 100, ""success"": 400}"
focal_0414_Qwen3-1.7B,38,0,512,64,0.826171875,1.0,0.0,7.968409219858157,5.168057888757705,5.168057888757705,9.165093814026791,0.0,6.912529550827423,0.0,0.0,0.0,0.1206029037480199,0.0,0.12265950108967062,0.703125,0.8130524230700243,0.13711583924349882,0.5145075349030019,1.1766905784705568,"{""llm_generation_error"": 3, ""parse_fail"": 12, ""render_engine_error"": 77, ""success"": 420}"
focal_0414_Qwen3-1.7B,39,0,512,64,0.64453125,1.0,0.0,7.883578126721756,5.180983762697763,5.180983762697763,9.151711414141412,0.0,6.86060606060606,0.0,0.0,0.0,0.11206857594083955,0.0,0.11578428483277087,0.6984126984126984,0.8179179883194433,0.13069908814589665,0.5415852774948829,1.3175808788563987,"{""llm_generation_error"": 3, ""parse_fail"": 7, ""render_engine_error"": 175, ""success"": 327}"
focal_0414_Qwen3-1.7B,40,0,512,64,0.875,1.0,0.0,7.849852475649352,5.036854822788071,5.036854822788071,9.150027157738092,0.0,6.821428571428571,0.0,0.0,0.0,0.12149089637573693,0.0,0.12241547262074713,0.75,0.8140218343185857,0.17857142857142858,0.5760678604925538,1.3382201605682156,"{""llm_generation_error"": 4, ""parse_fail"": 9, ""render_engine_error"": 55, ""success"": 444}"
focal_0414_Qwen3-1.7B,41,0,512,64,0.732421875,1.0,0.0,7.881754351515158,5.206736503292637,5.206736503292637,9.154327422222222,0.0,6.810666666666667,0.0,0.0,0.0,0.12420599466261306,0.0,0.1281823759219068,0.71875,0.8450800931557477,0.136,0.5629590507989695,1.3770564594330024,"{""llm_generation_error"": 3, ""parse_fail"": 10, ""render_engine_error"": 127, ""success"": 372}"
focal_0414_Qwen3-1.7B,42,0,512,64,0.833984375,1.0,0.0,7.91841618054077,5.273683744199427,5.273683744199427,9.136339110070256,0.0,6.8243559718969555,0.0,0.0,0.0,0.12904056653293147,0.0,0.13332739844288352,0.71875,0.8271048823695097,0.1288056206088993,0.7918962150724133,1.68480338585302,"{""llm_generation_error"": 5, ""parse_fail"": 8, ""render_engine_error"": 77, ""success"": 422}"
focal_0414_Qwen3-1.7B,43,0,512,64,0.689453125,1.0,0.0,7.775929693535926,5.120818649319851,5.120818649319851,9.081083569405099,0.0,6.855524079320113,0.0,0.0,0.0,0.11286791255107909,0.0,0.12450739362348749,0.78125,0.8644109137828112,0.10198300283286119,1.156352546918173,1.9858458522993423,"{""llm_generation_error"": 8, ""parse_fail"": 5, ""render_engine_error"": 154, ""success"": 345}"
focal_0414_Qwen3-1.7B,44,0,512,64,0.69921875,1.0,0.0,7.868513026917217,5.24256751910574,5.24256751910574,9.10065377094972,0.0,6.754189944134078,0.0,0.0,0.0,0.12796193678924853,0.0,0.12963697536005017,0.734375,0.7997684083967883,0.14804469273743018,0.7578077257600205,1.3204129602737995,"{""llm_generation_error"": 7, ""parse_fail"": 9, ""render_engine_error"": 145, ""success"": 351}"
focal_0414_Qwen3-1.7B,45,0,512,64,0.81640625,1.0,0.0,7.859522292300996,5.017715525115272,5.017715525115272,9.13360586124402,0.0,6.779904306220096,0.0,0.0,0.0,0.12334998649056461,0.0,0.1241521346166662,0.671875,0.8069887824271489,0.1507177033492823,0.5325866456258719,1.1524938770000044,"{""llm_generation_error"": 4, ""parse_fail"": 8, ""render_engine_error"": 86, ""success"": 414}"
focal_0414_Qwen3-1.7B,46,0,512,64,0.86328125,1.0,0.0,7.945014705882349,5.333378464867803,5.333378464867803,9.15145607088989,0.0,6.787330316742081,0.0,0.0,0.0,0.13850784551166306,0.0,0.14081628997286225,0.890625,0.8380334113153092,0.15384615384615385,0.544875206250424,1.4451196447641148,"{""llm_generation_error"": 3, ""parse_fail"": 12, ""render_engine_error"": 58, ""success"": 439}"
focal_0414_Qwen3-1.7B,47,0,512,64,0.716796875,1.0,0.0,8.0002556353728,5.733273578028741,5.733273578028741,9.115818346957312,0.0,6.768392370572207,0.0,0.0,0.0,0.14292774632678165,0.0,0.14827360851808113,0.703125,0.8676366442236746,0.09536784741144415,0.7421525978668652,1.5571907272492984,"{""llm_generation_error"": 5, ""parse_fail"": 13, ""render_engine_error"": 132, ""success"": 362}"
focal_0414_Qwen3-1.7B,48,0,512,64,0.669921875,1.0,0.0,7.938722528491912,5.469709944517808,5.469709944517808,9.095383916423714,0.0,6.73469387755102,0.0,0.0,0.0,0.1547419886816885,0.0,0.1590248718995848,0.671875,0.7518446080561149,0.1457725947521866,0.8341663053288862,1.5380138793508873,"{""llm_generation_error"": 6, ""parse_fail"": 10, ""render_engine_error"": 159, ""success"": 337}"
focal_0414_Qwen3-1.7B,49,0,512,64,0.701171875,1.0,0.0,7.901922436059763,5.3946703031693675,5.3946703031693675,9.05579930362117,0.0,6.651810584958217,0.0,0.0,0.0,0.1412678849312687,0.0,0.14339804556654295,0.75,0.7745188794660478,0.1671309192200557,0.9759662194886544,1.8148595882841345,"{""llm_generation_error"": 9, ""parse_fail"": 9, ""render_engine_error"": 144, ""success"": 350}"
focal_0414_Qwen3-1.7B,50,0,512,64,0.63671875,1.0,0.0,7.936573982152818,5.374573376948425,5.374573376948425,9.138064570552144,0.0,7.012269938650307,0.0,0.0,0.0,0.12095342798025029,0.0,0.12141251916254928,0.6875,0.7628449878111133,0.12269938650306748,0.747510405754775,1.7596854301408216,"{""llm_generation_error"": 5, ""parse_fail"": 9, ""render_engine_error"": 177, ""success"": 321}"
focal_0414_Qwen3-1.7B,51,0,512,64,0.771484375,1.0,0.0,7.868034154200231,5.364816737396277,5.364816737396277,9.064729282700421,0.0,6.739240506329114,0.0,0.0,0.0,0.12880971757996865,0.0,0.13565822012129983,0.625,0.823567148036178,0.13670886075949368,0.9880576352834504,1.58013928089982,"{""llm_generation_error"": 9, ""parse_fail"": 9, ""render_engine_error"": 108, ""success"": 386}"
focal_0414_Qwen3-1.7B,52,0,512,64,0.765625,1.0,0.0,7.947551159554743,5.445039284673594,5.445039284673594,9.16404787414966,0.0,6.877551020408164,0.0,0.0,0.0,0.13083567256036882,0.0,0.1331908271252441,0.71875,0.8361531364096625,0.1377551020408163,0.46808014898753764,1.283883814348826,"{""llm_generation_error"": 2, ""parse_fail"": 13, ""render_engine_error"": 107, ""success"": 390}"
focal_0414_Qwen3-1.7B,53,0,512,64,0.74609375,1.0,0.0,7.960067253688723,5.3731709441662,5.3731709441662,9.153011605584641,0.0,6.884816753926701,0.0,0.0,0.0,0.14074644514756496,0.0,0.14367820881971757,0.65625,0.834522191944042,0.1387434554973822,0.6939224166185856,1.4534718351025404,"{""llm_generation_error"": 4, ""parse_fail"": 21, ""render_engine_error"": 109, ""success"": 378}"
focal_0414_Qwen3-1.7B,54,0,512,64,0.732421875,1.0,0.0,7.937687345454552,5.343016978043316,5.343016978043316,9.124960133333333,0.0,6.832,0.0,0.0,0.0,0.13375392457453486,0.0,0.1390360381313353,0.640625,0.8265007445626606,0.144,0.5859619968102944,1.3230010525055556,"{""llm_generation_error"": 5, ""parse_fail"": 12, ""render_engine_error"": 125, ""success"": 370}"
focal_0414_Qwen3-1.7B,55,0,512,64,0.556640625,1.0,0.0,8.102228835725679,5.613431886288159,5.613431886288159,9.226600818713452,0.0,6.996491228070176,0.0,0.0,0.0,0.1358804136374909,0.0,0.14426917382911764,0.734375,0.7580229729065847,0.16140350877192983,0.2941842576950744,1.097375999583871,"{""parse_fail"": 9, ""render_engine_error"": 218, ""success"": 285}"
focal_0414_Qwen3-1.7B,56,0,512,64,0.763671875,1.0,0.0,7.90869311787957,5.231807082912494,5.231807082912494,9.161760059676045,0.0,6.813299232736573,0.0,0.0,0.0,0.11820605756620733,0.0,0.12025388145111497,0.609375,0.7776045894124173,0.15601023017902813,0.596285158260487,1.619903833197081,"{""llm_generation_error"": 2, ""parse_fail"": 10, ""render_engine_error"": 111, ""success"": 389}"
focal_0414_Qwen3-1.7B,57,0,512,64,0.759765625,1.0,0.0,7.90442068240243,5.320287909134851,5.320287909134851,9.138481619537275,0.0,6.802056555269923,0.0,0.0,0.0,0.12625317375844453,0.0,0.1297603926411759,0.625,0.7938198268334448,0.14652956298200515,0.6103545453535466,1.377904993223199,"{""llm_generation_error"": 3, ""parse_fail"": 6, ""render_engine_error"": 117, ""success"": 386}"
focal_0414_Qwen3-1.7B-Base,1,0,512,64,0.927734375,1.0,0.0,4.927284191387559,1.9422452947755284,1.9422452947755284,7.48861750877193,0.0,4.248421052631579,0.0,0.0,0.0,0.06567968996472562,0.0,0.06637543652803102,0.8125,0.8524894606986824,0.15789473684210525,2.794285272720541,2.031986809724043,"{""llm_generation_error"": 106, ""parse_fail"": 4, ""render_engine_error"": 33, ""success"": 369}"
focal_0414_Qwen3-1.7B-Base,2,0,512,64,0.951171875,1.0,0.0,5.021452137390325,1.9352122478695613,1.9352122478695613,7.63566704312115,0.0,4.381930184804928,0.0,0.0,0.0,0.06228947397571717,0.0,0.06314908189839817,0.75,0.8759045510373241,0.16632443531827515,2.710366006379559,1.758684351263536,"{""llm_generation_error"": 97, ""parse_fail"": 4, ""render_engine_error"": 21, ""success"": 390}"
focal_0414_Qwen3-1.7B-Base,3,0,512,64,0.947265625,1.0,0.0,5.108135445173384,1.9771571581409721,1.9771571581409721,7.743780962199312,0.0,4.618556701030927,0.0,0.0,0.0,0.057833286438899206,0.0,0.058746928831454215,0.703125,0.8974937940452866,0.1711340206185567,2.5536323599783155,1.750930669276853,"{""llm_generation_error"": 92, ""parse_fail"": 4, ""render_engine_error"": 23, ""success"": 393}"
focal_0414_Qwen3-1.7B-Base,4,0,512,64,0.94140625,1.0,0.0,5.255327838551488,2.132416285241885,2.132416285241885,7.84932510373444,0.0,4.647302904564316,0.0,0.0,0.0,0.060760666974676844,0.0,0.06221319734955959,0.71875,0.866508818832192,0.16804979253112035,2.4508334874809536,1.9087284510418838,"{""llm_generation_error"": 80, ""parse_fail"": 7, ""render_engine_error"": 23, ""success"": 402}"
focal_0414_Qwen3-1.7B-Base,5,0,512,64,0.94140625,1.0,0.0,4.957039551112789,1.983147750426735,1.983147750426735,7.484344294605809,0.0,4.195020746887967,0.0,0.0,0.0,0.06770802588733194,0.0,0.06782036868119738,0.734375,0.8744249724008932,0.13278008298755187,2.8084578729853296,1.9062213553402638,"{""llm_generation_error"": 109, ""parse_fail"": 2, ""render_engine_error"": 28, ""success"": 373}"
focal_0414_Qwen3-1.7B-Base,6,0,512,64,0.955078125,1.0,0.0,5.266765383900354,2.053840037311749,2.053840037311749,7.950555896387184,0.0,4.9079754601226995,0.0,0.0,0.0,0.05411228728524023,0.0,0.054510670241097146,0.703125,0.8670801468577704,0.15337423312883436,2.256914666742793,1.6798624717924444,"{""llm_generation_error"": 75, ""parse_fail"": 5, ""render_engine_error"": 18, ""success"": 414}"
focal_0414_Qwen3-1.7B-Base,7,0,512,64,0.9375,1.0,0.0,5.192618181818185,2.051398474296269,2.051398474296269,7.81216111111111,0.0,4.458333333333333,0.0,0.0,0.0,0.06618018116832082,0.0,0.06695761698038198,0.734375,0.866033411639431,0.16666666666666666,2.429028594844201,1.7455195587853296,"{""llm_generation_error"": 84, ""parse_fail"": 4, ""render_engine_error"": 28, ""success"": 396}"
focal_0414_Qwen3-1.7B-Base,8,0,512,64,0.943359375,1.0,0.0,5.28668712591756,1.9865383283699638,1.9865383283699638,8.004716597653555,0.0,4.811594202898551,0.0,0.0,0.0,0.05580034705299924,0.0,0.058799471753803054,0.765625,0.8380723610680978,0.18219461697722567,2.0389256533075617,1.495221810391849,"{""llm_generation_error"": 64, ""parse_fail"": 5, ""render_engine_error"": 24, ""success"": 419}"
focal_0414_Qwen3-1.7B-Base,9,0,512,64,0.94921875,1.0,0.0,5.288499476243922,2.0502912256829324,2.0502912256829324,7.974217489711935,0.0,4.732510288065844,0.0,0.0,0.0,0.05897077827611748,0.0,0.05942640555797123,0.6875,0.8568973619619622,0.1748971193415638,2.03640706541424,1.5050313935088477,"{""llm_generation_error"": 65, ""parse_fail"": 3, ""render_engine_error"": 23, ""success"": 421}"
focal_0414_Qwen3-1.7B-Base,10,0,512,64,0.951171875,1.0,0.0,5.330555068135153,2.106417949125218,2.106417949125218,7.973745208761123,0.0,4.84599589322382,0.0,0.0,0.0,0.05716419098951255,0.0,0.05784257248172795,0.828125,0.8711187444329559,0.1704312114989733,2.2789262318605044,1.674849688862634,"{""llm_generation_error"": 72, ""parse_fail"": 3, ""render_engine_error"": 22, ""success"": 415}"
focal_0414_Qwen3-1.7B-Base,11,0,512,64,0.947265625,1.0,0.0,5.508448734770384,2.206664820963752,2.206664820963752,8.190403436426115,0.0,4.804123711340206,0.0,0.0,0.0,0.061952673159955604,0.0,0.06210628153860535,0.828125,0.8429523127673615,0.17525773195876287,1.8098230217593227,1.3925023957384177,"{""judge_fail"": 1, ""llm_generation_error"": 51, ""parse_fail"": 3, ""render_engine_error"": 23, ""success"": 434}"
focal_0414_Qwen3-1.7B-Base,12,0,512,64,0.962890625,1.0,0.0,5.6024534574958595,2.356024489576083,2.356024489576083,8.22028569979716,0.0,4.8438133874239355,0.0,0.0,0.0,0.064516174954739,0.0,0.06457173399340436,0.75,0.8926177872074664,0.14807302231237324,2.0424932799089133,1.7224187693675097,"{""llm_generation_error"": 58, ""parse_fail"": 2, ""render_engine_error"": 17, ""success"": 435}"
focal_0414_Qwen3-1.7B-Base,13,0,512,64,0.955078125,1.0,0.0,5.507813943112099,2.179931717847517,2.179931717847517,8.18968343558282,0.0,4.85480572597137,0.0,0.0,0.0,0.061525491073818585,0.0,0.06170407394968751,0.6875,0.8195418589481046,0.16973415132924335,1.7953893420015365,1.4672269165024479,"{""llm_generation_error"": 53, ""parse_fail"": 3, ""render_engine_error"": 20, ""success"": 436}"
focal_0414_Qwen3-1.7B-Base,14,0,512,64,0.955078125,1.0,0.0,5.6756933444878275,2.39948034542761,2.39948034542761,8.28338599182004,0.0,4.85480572597137,0.0,0.0,0.0,0.06726529327782545,0.0,0.06726529327782545,0.8125,0.8748998608545469,0.19222903885480572,1.8974174414435214,1.6422100807103128,"{""llm_generation_error"": 46, ""parse_fail"": 2, ""render_engine_error"": 21, ""success"": 443}"
focal_0414_Qwen3-1.7B-Base,15,0,512,64,0.955078125,1.0,0.0,5.735460513106528,2.4050891287060976,2.4050891287060976,8.388562406271301,0.0,5.0184049079754605,0.0,0.0,0.0,0.06264502779788221,0.0,0.06287389449962186,0.84375,0.8496334789638731,0.17791411042944785,1.7027779324256187,1.5794122339715988,"{""llm_generation_error"": 42, ""parse_fail"": 4, ""render_engine_error"": 19, ""success"": 447}"
focal_0414_Qwen3-1.7B-Base,16,0,512,64,0.947265625,1.0,0.0,5.90991559512652,2.4989880531860678,2.4989880531860678,8.572989587628866,0.0,5.138144329896908,0.0,0.0,0.0,0.0629622950196947,0.0,0.06303751162176588,0.734375,0.8342190503379344,0.15051546391752577,1.1750393413319444,1.2225983411215715,"{""llm_generation_error"": 25, ""parse_fail"": 6, ""render_engine_error"": 21, ""success"": 460}"
focal_0414_Qwen3-1.7B-Base,17,0,512,64,0.95703125,1.0,0.0,5.811158181818181,2.531826283704916,2.531826283704916,8.397497482993197,0.0,4.995918367346939,0.0,0.0,0.0,0.06597898618377215,0.0,0.06646846303872825,0.796875,0.8515693821420368,0.1673469387755102,1.5351065127154595,1.42104905131313,"{""llm_generation_error"": 39, ""parse_fail"": 5, ""render_engine_error"": 17, ""success"": 451}"
focal_0414_Qwen3-1.7B-Base,18,0,512,64,0.982421875,1.0,0.0,5.94217001626604,2.5899544591586032,2.5899544591586032,8.54838525513585,0.0,5.037773359840954,0.0,0.0,0.0,0.06820578104823916,0.0,0.06856158316829673,0.78125,0.8492388755420526,0.15705765407554673,1.192854006363088,1.3438633486746223,"{""llm_generation_error"": 27, ""parse_fail"": 3, ""render_engine_error"": 6, ""success"": 476}"
focal_0414_Qwen3-1.7B-Base,19,0,512,64,0.96484375,1.0,0.0,5.958875634891431,2.51623924765108,2.51623924765108,8.623491970310392,0.0,5.287449392712551,0.0,0.0,0.0,0.05823353035460345,0.0,0.05823353035460345,0.734375,0.8720434900813422,0.15789473684210525,1.2586309417555173,1.3199866438750771,"{""llm_generation_error"": 27, ""parse_fail"": 2, ""render_engine_error"": 16, ""success"": 467}"
focal_0414_Qwen3-1.7B-Base,20,0,512,64,0.94921875,1.0,0.0,6.146281107370004,2.786604892437636,2.786604892437636,8.686391906721537,0.0,5.1687242798353905,0.0,0.0,0.0,0.07080415298250695,0.0,0.07117909189103888,0.765625,0.8294836020717004,0.1748971193415638,1.0295058940245996,1.2554556388937568,"{""llm_generation_error"": 19, ""parse_fail"": 3, ""render_engine_error"": 23, ""success"": 467}"
focal_0414_Qwen3-1.7B-Base,21,0,512,64,0.951171875,1.0,0.0,6.180259641590445,2.8500955058811717,2.8500955058811717,8.71582850787132,0.0,5.174537987679671,0.0,0.0,0.0,0.07138345562441491,0.0,0.07138345562441491,0.765625,0.8522823330143756,0.15811088295687886,1.1034914080341762,1.4127549902452003,"{""llm_generation_error"": 18, ""parse_fail"": 2, ""render_engine_error"": 23, ""success"": 469}"
focal_0414_Qwen3-1.7B-Base,22,0,512,64,0.97265625,1.0,0.0,6.120644560058417,2.7576978615611165,2.7576978615611165,8.689387851405623,0.0,5.140562248995984,0.0,0.0,0.0,0.06765878094643639,0.0,0.06820414525200165,0.65625,0.8320202993793598,0.17269076305220885,0.9907599652206766,1.256694260747603,"{""llm_generation_error"": 20, ""parse_fail"": 4, ""render_engine_error"": 10, ""success"": 478}"
focal_0414_Qwen3-1.7B-Base,23,0,512,64,0.951171875,1.0,0.0,6.408642859809596,3.0629477329723525,3.0629477329723525,8.85201909650924,0.0,5.256673511293634,0.0,0.0,0.0,0.07931700696740374,0.0,0.0798184951367416,0.71875,0.8458540489624371,0.13141683778234087,0.7789342553137167,1.2465770675286754,"{""llm_generation_error"": 10, ""parse_fail"": 8, ""render_engine_error"": 17, ""success"": 477}"
focal_0414_Qwen3-1.7B-Base,24,0,512,64,0.96875,1.0,0.0,6.371934017595311,3.0978154618790597,3.0978154618790597,8.810239247311827,0.0,5.274193548387097,0.0,0.0,0.0,0.07673997049999151,0.0,0.07766681100071683,0.8125,0.8502393926595457,0.13306451612903225,0.901068347865933,1.4072156207012856,"{""llm_generation_error"": 12, ""parse_fail"": 5, ""render_engine_error"": 11, ""success"": 484}"
focal_0414_Qwen3-1.7B-Base,25,0,512,64,0.96875,1.0,0.0,6.411670436217012,3.114560180470035,3.114560180470035,8.83151004704301,0.0,5.32258064516129,0.0,0.0,0.0,0.07861703874718928,0.0,0.07890681794376306,0.8125,0.8427301171631629,0.1592741935483871,0.8614065392668873,1.368080623942518,"{""llm_generation_error"": 11, ""parse_fail"": 3, ""render_engine_error"": 13, ""success"": 485}"
focal_0414_Qwen3-1.7B-Base,26,0,512,64,0.970703125,1.0,0.0,6.3575358697640425,3.044773585371043,3.044773585371043,8.788111535881958,0.0,5.17907444668008,0.0,0.0,0.0,0.07789101871724334,0.0,0.07839953964110483,0.75,0.8633826721843764,0.15090543259557343,0.9764422357856843,1.4203353685963283,"{""llm_generation_error"": 16, ""parse_fail"": 2, ""render_engine_error"": 13, ""success"": 481}"
focal_0414_Qwen3-1.7B-Base,27,0,512,64,0.96484375,1.0,0.0,6.481602944424,3.1357560347885483,3.1357560347885483,8.926123616734142,0.0,5.417004048582996,0.0,0.0,0.0,0.07347350530609288,0.0,0.07361706546179785,0.734375,0.8701242184551704,0.15182186234817813,0.6731072915664607,1.1817802589870343,"{""llm_generation_error"": 8, ""parse_fail"": 2, ""render_engine_error"": 16, ""success"": 486}"
focal_0414_Qwen3-1.7B-Base,28,0,512,64,0.970703125,1.0,0.0,6.461580610938359,3.1126634939757882,3.1126634939757882,8.878591951710261,0.0,5.2917505030181085,0.0,0.0,0.0,0.07729430980680047,0.0,0.07891606534300835,0.796875,0.8832550976118256,0.13078470824949698,0.8052422288092874,1.1628672311736508,"{""llm_generation_error"": 11, ""parse_fail"": 3, ""render_engine_error"": 12, ""success"": 486}"
focal_0414_Qwen3-1.7B-Base,29,0,512,64,0.97265625,1.0,0.0,6.470873694779123,3.112401594002486,3.112401594002486,8.864774464524766,0.0,5.2730923694779115,0.0,0.0,0.0,0.08135550501304274,0.0,0.08135550501304274,0.71875,0.8411771080841908,0.15060240963855423,0.7046614447753962,1.0682720666662466,"{""llm_generation_error"": 8, ""parse_fail"": 5, ""render_engine_error"": 9, ""success"": 490}"
focal_0414_Qwen3-1.7B-Base,30,0,512,64,0.96875,1.0,0.0,6.515211088709675,3.170784788943874,3.170784788943874,8.900366834677419,0.0,5.508064516129032,0.0,0.0,0.0,0.07355418264725574,0.0,0.07440197669008972,0.703125,0.8673541566385697,0.1350806451612903,0.7844941517597147,1.3755445976022445,"{""llm_generation_error"": 8, ""parse_fail"": 3, ""render_engine_error"": 13, ""success"": 488}"
focal_0414_Qwen3-1.7B-Base,31,0,512,64,0.9921875,1.0,0.0,6.589977093772376,3.38345787241834,3.38345787241834,8.851965879265093,0.0,5.271653543307087,0.0,0.0,0.0,0.09013921637412592,0.0,0.09013921637412592,0.796875,0.8743878579126433,0.14566929133858267,0.9771919819958961,1.4915487575090782,"{""llm_generation_error"": 13, ""parse_fail"": 2, ""render_engine_error"": 2, ""success"": 495}"
focal_0414_Qwen3-1.7B-Base,32,0,512,64,0.96875,1.0,0.0,6.648698387096773,3.2850497016968854,3.2850497016968854,8.980207795698924,0.0,5.508064516129032,0.0,0.0,0.0,0.07871675194462219,0.0,0.07871675194462219,0.71875,0.850234968336747,0.12298387096774194,0.553079232937117,1.0327487138644968,"{""llm_generation_error"": 5, ""parse_fail"": 4, ""render_engine_error"": 12, ""success"": 491}"
focal_0414_Qwen3-1.7B-Base,33,0,512,64,0.982421875,1.0,0.0,6.719978998734867,3.497445999995962,3.497445999995962,8.955150364479787,0.0,5.36779324055666,0.0,0.0,0.0,0.09391014958924153,0.0,0.09391014958924153,0.796875,0.855773832872972,0.14512922465208747,0.6371515756303983,1.339872351879177,"{""llm_generation_error"": 5, ""parse_fail"": 5, ""render_engine_error"": 4, ""success"": 498}"
focal_0414_Qwen3-1.7B-Base,34,0,512,64,0.9609375,1.0,0.0,6.650312509238735,3.586593021431891,3.586593021431891,8.824624424119241,0.0,5.130081300813008,0.0,0.0,0.0,0.10420339882632389,0.0,0.10474015823029255,0.734375,0.8649867112953378,0.1483739837398374,0.8912699256113031,1.454424967350237,"{""llm_generation_error"": 11, ""parse_fail"": 8, ""render_engine_error"": 12, ""success"": 481}"
focal_0414_Qwen3-1.7B-Base,35,0,512,64,0.974609375,1.0,0.0,6.760696447440338,3.5182483466060774,3.5182483466060774,8.962813226452907,0.0,5.374749498997996,0.0,0.0,0.0,0.09283862625864643,0.0,0.09314582569636642,0.703125,0.8665356144604122,0.12424849699398798,0.8089013627455621,1.3466046883349194,"{""llm_generation_error"": 10, ""parse_fail"": 6, ""render_engine_error"": 7, ""success"": 489}"
focal_0414_Qwen3-1.7B-Base,36,0,512,64,0.9765625,1.0,0.0,6.929262272727272,3.482251206562987,3.482251206562987,9.217480833333335,0.0,5.82,0.0,0.0,0.0,0.07723244495252445,0.0,0.07723244495252445,0.796875,0.856191584962922,0.134,2.163880369806428,1.109841515683893,"{""llm_generation_error"": 1, ""parse_fail"": 7, ""render_engine_error"": 5, ""success"": 499}"
focal_0414_Qwen3-1.7B-Base,37,0,512,64,0.95703125,1.0,0.0,6.753192820037107,3.532028013676341,3.532028013676341,8.937486156462585,0.0,5.408163265306122,0.0,0.0,0.0,0.09267501006870796,0.0,0.09267501006870796,0.765625,0.870056549277787,0.11836734693877551,0.7480046966197723,1.2894036674735714,"{""llm_generation_error"": 8, ""parse_fail"": 9, ""render_engine_error"": 13, ""success"": 482}"
focal_0414_Qwen3-1.7B-Base,38,0,512,64,0.970703125,1.0,0.0,6.967841064569236,3.8459181039695634,3.8459181039695634,8.964516130114019,0.0,5.424547283702213,0.0,0.0,0.0,0.11045722175024236,0.0,0.11129856570184504,0.6875,0.8668964870364064,0.08651911468812877,0.7261764467641337,1.3509022039079397,"{""llm_generation_error"": 8, ""parse_fail"": 7, ""render_engine_error"": 8, ""success"": 489}"
focal_0414_Qwen3-1.7B-Base,39,0,512,64,0.9765625,1.0,0.0,6.960802290909086,3.9115958569377827,3.9115958569377827,8.961637533333333,0.0,5.528,0.0,0.0,0.0,0.10382745051666482,0.0,0.10400401848825162,0.859375,0.8905180904434208,0.12,0.8234531094438959,1.7047420760405874,"{""llm_generation_error"": 7, ""parse_fail"": 4, ""render_engine_error"": 8, ""success"": 493}"
focal_0414_Qwen3-1.7B-Base,40,0,512,64,0.96484375,1.0,0.0,6.869720077291125,3.7349950308606936,3.7349950308606936,8.93028302968961,0.0,5.384615384615385,0.0,0.0,0.0,0.10555664592453261,0.0,0.10555664592453261,0.78125,0.8646166597399131,0.1194331983805668,0.7001849596370979,1.22825660433864,"{""llm_generation_error"": 8, ""parse_fail"": 5, ""render_engine_error"": 13, ""success"": 486}"
focal_0414_Qwen3-1.7B-Base,41,0,512,64,0.962890625,1.0,0.0,6.98567088327494,3.854151352605057,3.854151352605057,8.974406085192697,0.0,5.468559837728194,0.0,0.0,0.0,0.10914233559745982,0.0,0.10929435105342704,0.71875,0.8495574450910124,0.11359026369168357,0.6931414899552282,1.282726777123142,"{""llm_generation_error"": 6, ""parse_fail"": 7, ""render_engine_error"": 12, ""success"": 487}"
focal_0414_Qwen3-1.7B-Base,42,0,512,64,0.96875,1.0,0.0,7.0351367668621645,3.9484248388994145,3.9484248388994145,8.98555315860215,0.0,5.508064516129032,0.0,0.0,0.0,0.11373170856748872,0.0,0.1141878822255849,0.734375,0.8636331648111389,0.1310483870967742,0.6417243870198739,1.37130147682679,"{""llm_generation_error"": 5, ""parse_fail"": 5, ""render_engine_error"": 11, ""success"": 491}"
focal_0414_Qwen3-1.7B-Base,43,0,512,64,0.955078125,1.0,0.0,6.992954991634133,3.9405542057009404,3.9405542057009404,8.958965541922291,0.0,5.47239263803681,0.0,0.0,0.0,0.11390791012963529,0.0,0.1139269728902545,0.703125,0.8836660772985591,0.10020449897750511,0.7435768093218077,1.5356929690815329,"{""llm_generation_error"": 6, ""parse_fail"": 9, ""render_engine_error"": 14, ""success"": 483}"
focal_0414_Qwen3-1.7B-Base,44,0,512,64,0.96875,1.0,0.0,7.193557148093842,4.090524384603359,4.090524384603359,9.053846706989246,0.0,5.790322580645161,0.0,0.0,0.0,0.10780517457960413,0.0,0.10780517457960413,0.8125,0.8487660402266841,0.15120967741935484,0.5469754955229398,1.3144888051684371,"{""llm_generation_error"": 3, ""parse_fail"": 6, ""render_engine_error"": 10, ""success"": 493}"
focal_0414_Qwen3-1.7B-Base,45,0,512,64,0.978515625,1.0,0.0,7.173646398112863,3.9791230179933748,3.9791230179933748,9.072510079840319,0.0,5.552894211576846,0.0,0.0,0.0,0.1213831734983272,0.0,0.1213831734983272,0.671875,0.8925116888917292,0.1317365269461078,0.49540881621154736,1.1509407305671997,"{""llm_generation_error"": 2, ""parse_fail"": 2, ""render_engine_error"": 9, ""success"": 499}"
focal_0414_Qwen3-1.7B-Base,46,0,512,64,0.919921875,1.0,0.0,7.242783922022772,4.22519996957954,4.22519996957954,9.037106687898088,0.0,5.6050955414012735,0.0,0.0,0.0,0.12636496665101485,0.0,0.12682525526580427,0.78125,0.880833234728834,0.11464968152866242,0.6293111963229611,1.3432296290439625,"{""llm_generation_error"": 5, ""parse_fail"": 10, ""render_engine_error"": 31, ""success"": 466}"
focal_0414_Qwen3-1.7B-Base,47,0,512,64,0.962890625,1.0,0.0,7.383942006269592,4.484119420791438,4.484119420791438,9.070357505070993,0.0,5.679513184584178,0.0,0.0,0.0,0.13563530449343078,0.0,0.13873885793020382,0.703125,0.8962930705427653,0.10547667342799188,0.5739889305290418,1.3952875700597136,"{""llm_generation_error"": 2, ""parse_fail"": 8, ""render_engine_error"": 11, ""success"": 491}"
focal_0414_Qwen3-1.7B-Base,48,0,512,64,0.9609375,1.0,0.0,7.406754748706573,4.561683250177679,4.561683250177679,9.066448746612467,0.0,5.6016260162601625,0.0,0.0,0.0,0.15196812683588276,0.0,0.15196812683588276,0.703125,0.8550171300206818,0.12601626016260162,0.3828451551014381,1.0341648955641731,"{""llm_generation_error"": 1, ""parse_fail"": 2, ""render_engine_error"": 18, ""success"": 491}"
focal_0414_Qwen3-1.7B-Base,49,0,512,64,0.931640625,1.0,0.0,7.308515685153425,4.289134759654926,4.289134759654926,9.04122354996506,0.0,5.530398322851153,0.0,0.0,0.0,0.13662358317823894,0.0,0.13662358317823894,0.71875,0.8875448109021054,0.11740041928721175,0.598790459281615,1.2734629705389684,"{""llm_generation_error"": 4, ""parse_fail"": 6, ""render_engine_error"": 29, ""success"": 473}"
focal_0414_Qwen3-1.7B-Base,50,0,512,64,0.958984375,1.0,0.0,7.458396167376406,4.5309244534192885,4.5309244534192885,9.102171656483367,0.0,5.845213849287169,0.0,0.0,0.0,0.13628377042535023,0.0,0.13789635282292376,0.796875,0.8806714480170922,0.1079429735234216,0.47992298377521664,1.2662075779032778,"{""llm_generation_error"": 2, ""parse_fail"": 6, ""render_engine_error"": 15, ""success"": 489}"
focal_0414_Qwen3-1.7B-Base,51,0,512,64,0.96484375,1.0,0.0,7.378153146853143,4.46272522028342,4.46272522028342,9.043314507422402,0.0,5.801619433198381,0.0,0.0,0.0,0.12681683217523396,0.0,0.12699203047496926,0.671875,0.8634164977360932,0.14979757085020243,0.6307723430125426,1.3930227363783583,"{""llm_generation_error"": 4, ""parse_fail"": 9, ""render_engine_error"": 9, ""success"": 490}"
focal_0414_Qwen3-1.7B-Base,52,0,512,64,0.9765625,1.0,0.0,7.468107927272725,4.5676906703874,4.5676906703874,9.084864533333333,0.0,5.752,0.0,0.0,0.0,0.1480837947298721,0.0,0.1480837947298721,0.65625,0.8764225913809974,0.108,0.5279325842175016,1.1574351700407308,"{""llm_generation_error"": 4, ""parse_fail"": 5, ""render_engine_error"": 7, ""success"": 496}"
focal_0414_Qwen3-1.7B-Base,53,0,512,64,0.91796875,1.0,0.0,7.531586131528042,4.628681138906239,4.628681138906239,9.144007198581559,0.0,5.85531914893617,0.0,0.0,0.0,0.15105248288206635,0.0,0.15105248288206635,0.734375,0.8767835608786552,0.125531914893617,0.31684964152993533,1.0889042698909053,"{""parse_fail"": 14, ""render_engine_error"": 28, ""success"": 470}"
focal_0414_Qwen3-1.7B-Base,54,0,512,64,0.89453125,1.0,0.0,7.497623560936881,4.528214774170674,4.528214774170674,9.067550036390102,0.0,5.746724890829694,0.0,0.0,0.0,0.1490734889468563,0.0,0.1490734889468563,0.765625,0.8477758426668718,0.13537117903930132,0.5047453118769754,1.1467666875919,"{""llm_generation_error"": 3, ""parse_fail"": 9, ""render_engine_error"": 45, ""success"": 455}"
focal_0414_Qwen3-1.7B-Base,55,0,512,64,0.9375,1.0,0.0,7.593655624999999,4.7704356360994105,4.7704356360994105,9.128993645833333,0.0,6.008333333333334,0.0,0.0,0.0,0.14178343745185767,0.0,0.14189238888039807,0.734375,0.859322070958569,0.11875,0.46797600291655045,1.1391408118038842,"{""llm_generation_error"": 2, ""parse_fail"": 12, ""render_engine_error"": 20, ""success"": 478}"
focal_0414_Qwen3-1.7B-Base,56,0,512,64,0.923828125,1.0,0.0,7.53965423793965,4.382282397169433,4.382282397169433,9.14810465116279,0.0,5.87737843551797,0.0,0.0,0.0,0.13234320323225723,0.0,0.13234320323225723,0.671875,0.8276205964025739,0.15856236786469344,0.359532255622317,1.1334280650196578,"{""parse_fail"": 7, ""render_engine_error"": 32, ""success"": 473}"
focal_0414_Qwen3-1.7B-Base,57,0,512,64,0.853515625,1.0,0.0,7.599576242978984,4.682403613529486,4.682403613529486,9.127827231121282,0.0,6.054919908466819,0.0,0.0,0.0,0.13387072417032952,0.0,0.13395745696021907,0.78125,0.8413330315121419,0.14187643020594964,0.5003300989756989,1.1975571258518802,"{""llm_generation_error"": 2, ""parse_fail"": 8, ""render_engine_error"": 67, ""success"": 435}"
focal_0414_Qwen3-1.7B-Base,58,0,512,64,0.88671875,1.0,0.0,7.46258356027233,4.328188389750001,4.328188389750001,9.125970007342142,0.0,5.995594713656388,0.0,0.0,0.0,0.11785999205843646,0.0,0.11785999205843646,0.671875,0.8586476600377007,0.1277533039647577,0.5663892429497147,1.2814244194489341,"{""llm_generation_error"": 4, ""parse_fail"": 8, ""render_engine_error"": 50, ""success"": 450}"
focal_0414_Qwen3-1.7B-Base,59,0,512,64,0.93359375,1.0,0.0,7.789661525294793,5.090549033520526,5.090549033520526,9.197364121338913,0.0,6.092050209205021,0.0,0.0,0.0,0.16846639413235073,0.0,0.16850682128585723,0.828125,0.8603936236112951,0.13807531380753138,0.6535591493969083,1.2658862311894092,"{""llm_generation_error"": 2, ""parse_fail"": 10, ""render_engine_error"": 24, ""success"": 476}"
focal_0414_Qwen3-1.7B-Base,60,0,512,64,0.9296875,1.0,0.0,7.673927960275025,4.939590423955846,4.939590423955846,9.10825868347339,0.0,6.084033613445378,0.0,0.0,0.0,0.14833822647523523,0.0,0.14872466088488012,0.671875,0.8059950169693675,0.17857142857142858,0.5381756296671794,1.3713217273387044,"{""llm_generation_error"": 2, ""parse_fail"": 6, ""render_engine_error"": 30, ""success"": 474}"
focal_0414_Qwen3-1.7B-Base,61,0,512,64,0.935546875,1.0,0.0,7.686451186183337,4.828639832611939,4.828639832611939,9.17575201809325,0.0,6.15866388308977,0.0,0.0,0.0,0.13330605684459998,0.0,0.13330605684459998,0.6875,0.8038404429309322,0.15657620041753653,0.3695811442359626,0.9761773593775046,"{""llm_generation_error"": 2, ""parse_fail"": 7, ""render_engine_error"": 26, ""success"": 477}"
focal_0414_Qwen3-1.7B-Base,62,0,512,64,0.8984375,1.0,0.0,7.654206660079044,4.8415906108954765,4.8415906108954765,9.161516557971014,0.0,6.1695652173913045,0.0,0.0,0.0,0.1432772015250512,0.0,0.1432772015250512,0.703125,0.8269044304165044,0.1282608695652174,0.47712604389072144,1.2939348885008597,"{""llm_generation_error"": 1, ""parse_fail"": 9, ""render_engine_error"": 43, ""success"": 459}"
focal_0414_Qwen3-1.7B-Base,63,0,512,64,0.9296875,1.0,0.0,7.772651241405656,4.9884514273886005,4.9884514273886005,9.202906827731093,0.0,6.19327731092437,0.0,0.0,0.0,0.1522004509877558,0.0,0.1522004509877558,0.71875,0.8589343032590958,0.11974789915966387,0.365664468959047,1.2259789370306629,"{""parse_fail"": 6, ""render_engine_error"": 30, ""success"": 476}"
focal_0414_Qwen3-1.7B-Base,64,0,512,64,0.9140625,1.0,0.0,7.750192016317017,5.015535294162658,5.015535294162658,9.16748165954416,0.0,6.038461538461538,0.0,0.0,0.0,0.1636236935985818,0.0,0.1636236935985818,0.640625,0.8451239697934619,0.1452991452991453,0.4058548479072787,1.3602147704298326,"{""parse_fail"": 5, ""render_engine_error"": 39, ""success"": 468}"
focal_0414_Qwen3-1.7B-Base,65,0,512,64,0.94140625,1.0,0.0,7.659386024141836,4.805802862701478,4.805802862701478,9.082076313969571,0.0,5.983402489626556,0.0,0.0,0.0,0.15550820166594928,0.0,0.15550820166594928,0.6875,0.8145105584422672,0.12863070539419086,0.6213109664529364,1.3494067032804409,"{""llm_generation_error"": 4, ""parse_fail"": 5, ""render_engine_error"": 25, ""success"": 478}"
focal_0414_Qwen3-1.7B-Base,66,0,512,64,0.919921875,1.0,0.0,7.672796255549116,4.664063836796263,4.664063836796263,9.171180962491153,0.0,6.148619957537155,0.0,0.0,0.0,0.1298051566260868,0.0,0.131349014911251,0.671875,0.7925136187092934,0.15498938428874734,0.27580250748886775,0.9394039467343114,"{""parse_fail"": 6, ""render_engine_error"": 35, ""success"": 471}"
focal_0414_Qwen3-1.7B-Base,67,0,512,64,0.880859375,1.0,0.0,7.785753255392062,4.977591028883103,4.977591028883103,9.188071655580192,0.0,6.203991130820399,0.0,0.0,0.0,0.1469037274742192,0.0,0.14780246097028074,0.578125,0.8236660298871143,0.1197339246119734,0.3468474233125067,1.090044236504954,"{""parse_fail"": 16, ""render_engine_error"": 45, ""success"": 451}"
focal_0414_Qwen3-1.7B-Base,68,0,512,64,0.927734375,1.0,0.0,7.760722258373211,4.926479312467139,4.926479312467139,9.164587298245614,0.0,6.168421052631579,0.0,0.0,0.0,0.14984125969784734,0.0,0.14984125969784734,0.71875,0.8252629159997712,0.15789473684210525,0.4711915865854861,1.346655154036695,"{""llm_generation_error"": 1, ""parse_fail"": 5, ""render_engine_error"": 32, ""success"": 474}"
focal_0414_Qwen3-1.7B-Base,69,0,512,64,0.80859375,1.0,0.0,7.734084167764602,4.951896961085948,4.951896961085948,9.179275080515298,0.0,6.183574879227053,0.0,0.0,0.0,0.1442613582299369,0.0,0.1442613582299369,0.625,0.8122879138811081,0.12560386473429952,0.47743648507035014,1.4485310361114176,"{""llm_generation_error"": 1, ""parse_fail"": 8, ""render_engine_error"": 90, ""success"": 413}"
focal_0414_Qwen3-1.7B-Base,70,0,512,64,0.783203125,1.0,0.0,7.779348107005202,4.986189857180691,4.986189857180691,9.142312759767245,0.0,6.159600997506234,0.0,0.0,0.0,0.15930081584744984,0.0,0.15930081584744984,0.65625,0.7832092229999741,0.15211970074812967,0.4291040458405844,1.2050462818440224,"{""llm_generation_error"": 1, ""parse_fail"": 3, ""render_engine_error"": 108, ""success"": 400}"
focal_0414_Qwen3-1.7B-Base,71,0,512,64,0.921875,1.0,0.0,7.844348093220336,5.191577040339357,5.191577040339357,9.181304837570622,0.0,6.1440677966101696,0.0,0.0,0.0,0.17262213310301533,0.0,0.17262213310301533,0.703125,0.8570321522874247,0.10805084745762712,0.4006960399788402,1.2718546137188946,"{""parse_fail"": 10, ""render_engine_error"": 30, ""success"": 472}"
focal_0414_Qwen3-1.7B-Base,72,0,512,64,0.921875,1.0,0.0,7.876430123266564,5.198218116208854,5.198218116208854,9.174655790960452,0.0,6.271186440677966,0.0,0.0,0.0,0.1596333440921902,0.0,0.1596333440921902,0.65625,0.8218016688306974,0.13559322033898305,0.35974554747476395,1.047476329357504,"{""llm_generation_error"": 1, ""parse_fail"": 10, ""render_engine_error"": 30, ""success"": 471}"
focal_0414_Qwen3-1.7B-Base,73,0,512,64,0.677734375,1.0,0.0,7.947010427036937,5.427581803540233,5.427581803540233,9.12547492795389,0.0,6.207492795389049,0.0,0.0,0.0,0.18475825877384391,0.0,0.1857359437857139,0.859375,0.800041526825656,0.16138328530259366,0.44183389715244814,1.1005984707597514,"{""llm_generation_error"": 2, ""parse_fail"": 7, ""render_engine_error"": 158, ""success"": 345}"
focal_0414_Qwen3-1.7B-Base,74,0,512,64,0.861328125,1.0,0.0,7.921448423005573,5.311398633419461,5.311398633419461,9.198959297052156,0.0,6.390022675736962,0.0,0.0,0.0,0.1600130362035005,0.0,0.1600130362035005,0.765625,0.8081103725628377,0.1564625850340136,0.42254111607671097,1.2443850620557382,"{""llm_generation_error"": 1, ""parse_fail"": 8, ""render_engine_error"": 63, ""success"": 440}"
focal_0414_Qwen3-1.7B-Base,75,0,512,64,0.873046875,1.0,0.0,7.898276713443157,5.137518917972191,5.137518917972191,9.195945786726321,0.0,6.407158836689038,0.0,0.0,0.0,0.14840710493133963,0.0,0.14840710493133963,0.5625,0.7935236669381305,0.14988814317673377,0.4412569806529924,1.144797632038482,"{""llm_generation_error"": 2, ""parse_fail"": 5, ""render_engine_error"": 60, ""success"": 445}"
focal_0414_Qwen3-4B,1,0,512,64,0.943359375,1.0,0.0,6.684691586674205,3.933374382520894,3.933374382520894,8.353093995859215,0.0,5.614906832298137,0.0,0.0,0.0,0.10448126105348526,0.0,0.11328947641816321,0.859375,0.8778956238965119,0.12215320910973085,3.2097636985357734,3.15628445789046,"{""llm_generation_error"": 67, ""parse_fail"": 6, ""render_engine_error"": 23, ""success"": 416}"
focal_3_Qwen3-4B,1,0,512,64,0.97265625,1.0,0.0,5.947905074844831,3.6059521351916404,3.6059521351916404,7.515269076305223,0.0,5.068273092369478,0.0,0.0,0.0,nan,nan,nan,0.765625,0.8997792620410058,0.05823293172690763,4.374210124290584,4.126350219299929,"{""llm_generation_error"": 119, ""parse_fail"": 8, ""render_engine_error"": 6, ""success"": 379}"
focal_3_Qwen3-4B,2,0,512,64,0.974609375,1.0,0.0,6.122630898159963,3.762885558791263,3.762885558791263,7.6448299933199735,0.0,5.130260521042084,0.0,0.0,0.0,nan,nan,nan,0.828125,0.9351846056036346,0.08216432865731463,4.347669786493463,4.545336453393085,"{""llm_generation_error"": 112, ""parse_fail"": 5, ""render_engine_error"": 8, ""success"": 387}"
focal_3_Qwen3-4B,3,0,512,64,0.962890625,1.0,0.0,6.414422423013091,3.893240361122282,3.893240361122282,7.930835970250169,0.0,5.626774847870182,0.0,0.0,0.0,nan,nan,nan,0.734375,0.9125049729544432,0.10344827586206896,3.451000765802605,3.5148168940166995,"{""llm_generation_error"": 86, ""parse_fail"": 5, ""render_engine_error"": 14, ""success"": 407}"
focal_3_Qwen3-4B,4,0,512,64,0.9609375,1.0,0.0,6.478626348854399,4.01329744946633,4.01329744946633,7.98652635501355,0.0,5.512195121951219,0.0,0.0,0.0,nan,nan,nan,0.8125,0.913284910940037,0.09146341463414634,3.6216655627595453,3.5436710337227084,"{""llm_generation_error"": 80, ""parse_fail"": 9, ""render_engine_error"": 11, ""success"": 412}"
focal_3_Qwen3-4B,5,0,512,64,0.947265625,1.0,0.0,6.825192783505158,4.213501527548802,4.213501527548802,8.33639295532646,0.0,6.272164948453608,0.0,0.0,0.0,nan,nan,nan,0.703125,0.8856526074696545,0.1134020618556701,2.5852148249055555,2.9790182964766503,"{""llm_generation_error"": 45, ""parse_fail"": 11, ""render_engine_error"": 16, ""success"": 440}"
focal_3_Qwen3-4B,6,0,512,64,0.96484375,1.0,0.0,6.920465715863092,4.218357935229008,4.218357935229008,8.4420076585695,0.0,6.17004048582996,0.0,0.0,0.0,nan,nan,nan,0.671875,0.8776708860451403,0.11336032388663968,1.910547298049137,2.2466917187941142,"{""llm_generation_error"": 32, ""parse_fail"": 13, ""render_engine_error"": 5, ""success"": 462}"
focal_3_Qwen3-4B,7,0,512,64,0.958984375,1.0,0.0,7.09416626550639,4.353479858079368,4.353479858079368,8.619684996605566,0.0,6.35030549898167,0.0,0.0,0.0,nan,nan,nan,0.8125,0.8847623732062742,0.12219959266802444,1.5172281644549461,1.8748544526441733,"{""llm_generation_error"": 26, ""parse_fail"": 6, ""render_engine_error"": 15, ""success"": 465}"
focal_3_Qwen3-4B,8,0,512,64,0.9765625,1.0,0.0,7.15695165454546,4.355529705772378,4.355529705772378,8.6256447,0.0,6.532,0.0,0.0,0.0,nan,nan,nan,0.59375,0.870359795299914,0.146,1.2741064477334367,1.8551098230772416,"{""llm_generation_error"": 18, ""parse_fail"": 5, ""render_engine_error"": 7, ""success"": 482}"
focal_3_Qwen3-4B,9,0,512,64,0.953125,1.0,0.0,7.138649683308493,4.184663331546366,4.184663331546366,8.722258025956284,0.0,6.467213114754099,0.0,0.0,0.0,nan,nan,nan,0.734375,0.8559615868031899,0.13524590163934427,0.7933585577314816,1.4631175970365287,"{""llm_generation_error"": 9, ""parse_fail"": 7, ""render_engine_error"": 17, ""success"": 479}"
focal_3_Qwen3-4B,10,0,512,64,0.970703125,1.0,0.0,7.206038028169017,4.229732132588519,4.229732132588519,8.707380918846413,0.0,6.676056338028169,0.0,0.0,0.0,nan,nan,nan,0.640625,0.8646418278358652,0.13883299798792756,0.7227228550530844,1.1463740738673631,"{""llm_generation_error"": 9, ""parse_fail"": 6, ""render_engine_error"": 9, ""success"": 488}"
focal_3_Qwen3-4B,11,0,512,64,0.95703125,1.0,0.0,7.25318239332097,4.3984209758862445,4.3984209758862445,8.708215340136055,0.0,6.616326530612245,0.0,0.0,0.0,nan,nan,nan,0.6875,0.8614264196213147,0.12244897959183673,0.9072646654383519,1.6286872204823042,"{""llm_generation_error"": 9, ""parse_fail"": 8, ""render_engine_error"": 14, ""success"": 481}"
focal_3_Qwen3-4B,12,0,512,64,0.84765625,1.0,0.0,7.514625953079185,4.910746675735921,4.910746675735921,8.797167549923197,0.0,6.7050691244239635,0.0,0.0,0.0,nan,nan,nan,0.734375,0.8670879231838025,0.11290322580645161,0.5267284602411814,1.4054223521168694,"{""llm_generation_error"": 2, ""parse_fail"": 14, ""render_engine_error"": 64, ""success"": 432}"
focal_3_Qwen3-4B,13,0,512,64,0.93359375,1.0,0.0,7.338201559528342,4.444602493251143,4.444602493251143,8.769443444909346,0.0,6.635983263598327,0.0,0.0,0.0,nan,nan,nan,0.71875,0.83701111444783,0.14435146443514643,0.5162495655802475,1.337748113258459,"{""llm_generation_error"": 1, ""parse_fail"": 9, ""render_engine_error"": 25, ""success"": 477}"
focal_3_Qwen3-4B,14,0,512,64,0.947265625,1.0,0.0,7.471202230552946,4.741904723185896,4.741904723185896,8.751843264604812,0.0,6.820618556701031,0.0,0.0,0.0,nan,nan,nan,0.734375,0.8895922735770362,0.16494845360824742,0.8012117187117205,1.5077323268294396,"{""llm_generation_error"": 7, ""parse_fail"": 10, ""render_engine_error"": 17, ""success"": 478}"
focal_3_Qwen3-4B,15,0,512,64,0.935546875,1.0,0.0,7.678138830897698,5.095902166976432,5.095902166976432,8.815279575504524,0.0,6.847599164926931,0.0,0.0,0.0,nan,nan,nan,0.65625,0.8446973278877257,0.13987473903966596,0.40552775887171927,1.1702719915157076,"{""llm_generation_error"": 1, ""parse_fail"": 10, ""render_engine_error"": 23, ""success"": 478}"
focal_3_Qwen3-4B,16,0,512,64,0.91015625,1.0,0.0,7.516832657042541,4.828583146405511,4.828583146405511,8.743663876967098,0.0,6.669527896995708,0.0,0.0,0.0,nan,nan,nan,0.640625,0.8131982458188401,0.14377682403433475,0.6689923183121818,1.3804508640833153,"{""llm_generation_error"": 5, ""parse_fail"": 8, ""render_engine_error"": 38, ""success"": 461}"
focal_3_Qwen3-4B,17,0,512,64,0.92578125,1.0,0.0,7.663371346375145,5.198470575334101,5.198470575334101,8.772615400843883,0.0,6.919831223628692,0.0,0.0,0.0,nan,nan,nan,0.671875,0.7990795280397806,0.15822784810126583,0.5097817276687552,1.1780180972094718,"{""llm_generation_error"": 4, ""parse_fail"": 11, ""render_engine_error"": 27, ""success"": 470}"
focal_3_Qwen3-4B,18,0,512,64,0.9453125,1.0,0.0,7.572392392937639,4.96954797425645,4.96954797425645,8.775625723140495,0.0,6.979338842975206,0.0,0.0,0.0,nan,nan,nan,0.734375,0.8506281204319416,0.1921487603305785,0.7219728366732052,1.559000277996982,"{""llm_generation_error"": 5, ""parse_fail"": 10, ""render_engine_error"": 18, ""success"": 479}"
focal_3_Qwen3-4B,19,0,512,64,0.955078125,1.0,0.0,7.594449284253574,4.847171179146915,4.847171179146915,8.807103851397411,0.0,6.899795501022495,0.0,0.0,0.0,nan,nan,nan,0.640625,0.83394771413131,0.147239263803681,0.6169976293198535,1.3268878152875998,"{""llm_generation_error"": 6, ""parse_fail"": 8, ""render_engine_error"": 15, ""success"": 483}"
focal_3_Qwen3-4B,20,0,512,64,0.830078125,1.0,0.0,7.760503315508021,5.17916535034465,5.17916535034465,8.824256078431373,0.0,7.054117647058823,0.0,0.0,0.0,nan,nan,nan,0.625,0.7708792960102259,0.17882352941176471,0.5173597841826927,1.1830399619623155,"{""llm_generation_error"": 3, ""parse_fail"": 13, ""render_engine_error"": 74, ""success"": 422}"
focal_3_Qwen3-4B,21,0,512,64,0.845703125,1.0,0.0,7.712407096367834,5.208355966081318,5.208355966081318,8.802230561970747,0.0,6.868360277136259,0.0,0.0,0.0,nan,nan,nan,0.65625,0.8557650513828708,0.11316397228637413,0.5415534296405418,1.105549675771813,"{""llm_generation_error"": 4, ""parse_fail"": 12, ""render_engine_error"": 67, ""success"": 429}"
focal_3_Qwen3-4B,22,0,512,64,0.78125,1.0,0.0,7.645553545454556,5.049622420226717,5.049622420226717,8.791014833333334,0.0,6.9,0.0,0.0,0.0,nan,nan,nan,0.6875,0.8066354561256499,0.135,0.4373943058208501,1.132839491716315,"{""llm_generation_error"": 1, ""parse_fail"": 6, ""render_engine_error"": 106, ""success"": 399}"
focal_3_Qwen3-4B,23,0,512,64,0.919921875,1.0,0.0,7.7522241652190775,5.440397664452743,5.440397664452743,8.753281457891012,0.0,7.0615711252653925,0.0,0.0,0.0,nan,nan,nan,0.796875,0.8534590410607941,0.1464968152866242,0.7807135107279818,1.5694572416401753,"{""llm_generation_error"": 6, ""parse_fail"": 16, ""render_engine_error"": 25, ""success"": 465}"
focal_3_Qwen3-4B,24,0,512,64,0.73828125,1.0,0.0,7.850963732563733,5.619881466261213,5.619881466261213,8.839421164021164,0.0,7.105820105820106,0.0,0.0,0.0,nan,nan,nan,0.6875,0.8507254214387899,0.13756613756613756,0.33545665286056797,1.0573192589028355,"{""parse_fail"": 9, ""render_engine_error"": 125, ""success"": 378}"
focal_3_Qwen3-4B,25,0,512,64,0.8359375,1.0,0.0,7.730740059473247,5.287652085382225,5.287652085382225,8.8081480529595,0.0,7.107476635514018,0.0,0.0,0.0,nan,nan,nan,0.65625,0.8480680552841939,0.13317757009345793,0.6228593413499597,1.464767229460549,"{""llm_generation_error"": 2, ""parse_fail"": 17, ""render_engine_error"": 67, ""success"": 426}"
focal_3_Qwen3-4B,26,0,512,64,0.876953125,1.0,0.0,7.726397469123308,5.522365293761679,5.522365293761679,8.679724239049742,0.0,6.806236080178174,0.0,0.0,0.0,nan,nan,nan,0.734375,0.8310443058833559,0.133630289532294,0.7048131047074996,1.4074199005922448,"{""llm_generation_error"": 6, ""parse_fail"": 10, ""render_engine_error"": 53, ""success"": 443}"
focal_3_Qwen3-4B,27,0,512,64,0.767578125,1.0,0.0,7.778822669442518,5.512283756594135,5.512283756594135,8.769656658184903,0.0,7.017811704834606,0.0,0.0,0.0,nan,nan,nan,0.734375,0.8895227690839007,0.10941475826972011,0.6951321600944923,1.585205427227127,"{""llm_generation_error"": 3, ""parse_fail"": 11, ""render_engine_error"": 108, ""success"": 390}"
focal_3_Qwen3-4B,28,0,512,64,0.798828125,1.0,0.0,7.8488826405868055,5.604861478065254,5.604861478065254,8.752291361043195,0.0,7.002444987775061,0.0,0.0,0.0,nan,nan,nan,0.7936507936507936,0.8209731920098844,0.13970588235294118,0.6630265729710477,1.3756189137072767,"{""llm_generation_error"": 5, ""parse_fail"": 13, ""render_engine_error"": 90, ""success"": 404}"
focal_3_Qwen3-4B,29,0,512,64,0.681640625,1.0,0.0,7.679358478770517,5.38692400265383,5.38692400265383,8.697639541547277,0.0,6.916905444126074,0.0,0.0,0.0,nan,nan,nan,0.859375,0.8498633995912496,0.14613180515759314,0.8876286710004552,1.4556973313371808,"{""llm_generation_error"": 7, ""parse_fail"": 13, ""render_engine_error"": 150, ""success"": 342}"
focal_3_Qwen3-4B,30,0,512,64,0.7578125,0.984375,0.0,7.842077999062794,5.585741554144888,5.585741554144888,8.76124952749141,0.0,7.118556701030927,0.0,0.0,0.0,nan,nan,nan,0.7580645161290323,0.849400863493254,0.13695090439276486,0.43591471652084474,1.2842119858612824,"{""llm_generation_error"": 1, ""parse_fail"": 13, ""render_engine_error"": 111, ""success"": 387}"
focal_3_Qwen3-4B,31,0,512,64,0.802734375,1.0,0.0,7.827930988719308,5.553579959577774,5.553579959577774,8.776957015409572,0.0,7.031630170316301,0.0,0.0,0.0,nan,nan,nan,0.765625,0.8166639498692921,0.1630170316301703,0.6187845991735705,1.465341094993625,"{""llm_generation_error"": 3, ""parse_fail"": 17, ""render_engine_error"": 84, ""success"": 408}"
focal_3_Qwen3-4B,32,0,512,64,0.81640625,1.0,0.0,7.877037712048717,5.570856959008839,5.570856959008839,8.822894497607656,0.0,7.028708133971292,0.0,0.0,0.0,nan,nan,nan,0.6875,0.8082077628796688,0.14832535885167464,0.43782061594274874,1.2965969641076132,"{""llm_generation_error"": 1, ""parse_fail"": 9, ""render_engine_error"": 85, ""success"": 417}"
focal_3_Qwen3-4B,33,0,512,64,0.697265625,1.0,0.0,7.869715100585696,5.787817571739036,5.787817571739036,8.729631746031748,0.0,6.980392156862745,0.0,0.0,0.0,nan,nan,nan,0.734375,0.8122977733224135,0.13445378151260504,0.8796042417128094,1.492623304649401,"{""llm_generation_error"": 7, ""parse_fail"": 10, ""render_engine_error"": 145, ""success"": 350}"
focal_3_Qwen3-4B,34,0,512,64,0.83203125,1.0,0.0,7.901838369611608,5.9682508368142875,5.9682508368142875,8.767493974960876,0.0,7.103286384976526,0.0,0.0,0.0,nan,nan,nan,0.796875,0.8595060006617851,0.11737089201877934,0.8226241285201381,1.7981785877203191,"{""llm_generation_error"": 4, ""parse_fail"": 18, ""render_engine_error"": 68, ""success"": 422}"
focal_3_Qwen3-4B,35,0,512,64,0.673828125,1.0,0.0,7.88375818181818,5.815720191590667,5.815720191590667,8.795392415458938,0.0,7.2,0.0,0.0,0.0,nan,nan,nan,0.734375,0.8100119439911442,0.1072463768115942,0.7279103329753598,1.5111272397948095,"{""llm_generation_error"": 4, ""parse_fail"": 12, ""render_engine_error"": 155, ""success"": 341}"
focal_3_Qwen3-4B,36,0,512,64,0.67578125,1.0,0.0,7.8028967682606405,5.471810310913905,5.471810310913905,8.801457177263968,0.0,7.161849710982659,0.0,0.0,0.0,nan,nan,nan,0.7619047619047619,0.8781059987454862,0.11304347826086956,0.659639950723121,1.6193047469946258,"{""llm_generation_error"": 3, ""parse_fail"": 14, ""render_engine_error"": 152, ""success"": 343}"
focal_3_Qwen3-4B,37,0,512,64,0.798828125,1.0,0.0,7.8273440986886,5.624820697716709,5.624820697716709,8.823847229013854,0.0,7.168704156479218,0.0,0.0,0.0,nan,nan,nan,0.71875,0.8282044450527033,0.11491442542787286,0.5878355127921987,1.3576886442145724,"{""llm_generation_error"": 3, ""parse_fail"": 17, ""render_engine_error"": 86, ""success"": 406}"
focal_3_Qwen3-4B,38,0,512,64,0.650390625,0.984375,0.0,8.048317308217305,6.120420331774939,6.120420331774939,8.879622772772773,0.0,7.315315315315315,0.0,0.0,0.0,nan,nan,nan,0.746031746031746,0.8643411769866481,0.11411411411411411,0.42389202308897045,1.345883582813145,"{""parse_fail"": 9, ""render_engine_error"": 170, ""success"": 333}"
focal_3_Qwen3-4B,39,0,512,64,0.740234375,1.0,0.0,7.921390261453582,5.873882694807935,5.873882694807935,8.81230255057168,0.0,7.129287598944591,0.0,0.0,0.0,nan,nan,nan,0.734375,0.8533598338207866,0.12928759894459102,0.8403587626837293,1.7578175409676884,"{""llm_generation_error"": 6, ""parse_fail"": 11, ""render_engine_error"": 122, ""success"": 373}"
focal_3_Qwen3-4B,40,0,512,64,0.560546875,0.984375,0.0,7.749820177383588,5.702340102207854,5.702340102207854,8.702602961672476,0.0,6.989547038327526,0.0,0.0,0.0,nan,nan,nan,0.7833333333333333,0.7983064898066501,0.14788732394366197,1.2019534462210215,1.8789660887283792,"{""llm_generation_error"": 9, ""parse_fail"": 12, ""render_engine_error"": 213, ""success"": 278}"
focal_3_Qwen3-4B,41,0,512,64,0.68359375,1.0,0.0,7.97997768831168,5.968418327169025,5.968418327169025,8.816387666666666,0.0,7.348571428571429,0.0,0.0,0.0,nan,nan,nan,0.7777777777777778,0.8280029457589647,0.12034383954154727,0.8080774433875293,1.6523145998096784,"{""llm_generation_error"": 5, ""parse_fail"": 13, ""render_engine_error"": 149, ""success"": 345}"
focal_3_Qwen3-4B,42,0,512,64,0.796875,1.0,0.0,7.906743471479502,6.010454087061373,6.010454087061373,8.743653880718954,0.0,7.019607843137255,0.0,0.0,0.0,nan,nan,nan,0.75,0.8585931856654849,0.14460784313725492,1.051232493322512,1.5786430182618774,"{""llm_generation_error"": 10, ""parse_fail"": 23, ""render_engine_error"": 81, ""success"": 398}"
focal_3_Qwen3-4B,43,0,512,64,0.6640625,1.0,0.0,7.978713128342239,5.9725825710926195,5.9725825710926195,8.836954460784314,0.0,7.252941176470588,0.0,0.0,0.0,nan,nan,nan,0.7301587301587301,0.798469045679998,0.12684365781710916,0.5215012402856866,1.2422565676667343,"{""llm_generation_error"": 3, ""parse_fail"": 24, ""render_engine_error"": 148, ""success"": 337}"
focal_3_Qwen3-4B,44,0,512,64,0.62109375,1.0,0.0,7.97589822755861,5.995249204107284,5.995249204107284,8.829398322851153,0.0,7.320754716981132,0.0,0.0,0.0,nan,nan,nan,0.8253968253968254,0.8198046935943907,0.14826498422712933,0.8708161473686498,1.8595297550457979,"{""llm_generation_error"": 4, ""parse_fail"": 13, ""render_engine_error"": 181, ""success"": 314}"
focal_3_Qwen3-4B,45,0,512,64,0.703125,1.0,0.0,7.956016186868687,5.736527781324023,5.736527781324023,8.861446342592592,0.0,7.211111111111111,0.0,0.0,0.0,nan,nan,nan,0.640625,0.8308130531426668,0.11666666666666667,0.725869041664614,1.5707348142277073,"{""llm_generation_error"": 4, ""parse_fail"": 25, ""render_engine_error"": 127, ""success"": 356}"
focal_3_Qwen3-4B,46,0,512,64,0.697265625,1.0,0.0,8.002977692895346,6.1883393408620675,6.1883393408620675,8.839492717086836,0.0,7.288515406162465,0.0,0.0,0.0,nan,nan,nan,0.859375,0.8709269402624128,0.1400560224089636,0.7029431247804738,1.526356673473648,"{""llm_generation_error"": 4, ""parse_fail"": 23, ""render_engine_error"": 132, ""success"": 353}"
focal_3_Qwen3-4B,47,0,512,64,0.005859375,0.046875,0.0,4.0671,2.217963066298627,2.217963066298627,5.20635,0.0,3.3333333333333335,0.0,0.0,0.0,nan,nan,nan,nan,nan,nan,nan,nan,"{""judge_fail"": 395, ""llm_generation_error"": 2, ""render_engine_error"": 114, ""success"": 1}"
focal_3_Qwen3-4B,48,0,512,64,0.001953125,0.015625,0.0,1.8181818181818183,0.00023994913078427373,0.00023994913078427373,3.3333333333333335,0.0,0.0,0.0,0.0,0.0,nan,nan,nan,nan,nan,nan,nan,nan,"{""judge_fail"": 360, ""llm_generation_error"": 1, ""render_engine_error"": 151}"
focal_3_Qwen3-4B,49,0,512,64,0.009765625,0.078125,0.0,1.8181818181818183,0.0002399491307842737,0.0002399491307842737,3.3333333333333335,0.0,0.0,0.0,0.0,0.0,nan,nan,nan,nan,nan,nan,nan,nan,"{""judge_fail"": 315, ""llm_generation_error"": 5, ""render_engine_error"": 192}"
focal_3_Qwen3-4B,50,0,512,64,0.013671875,0.09375,0.0,1.8181818181818183,0.00023994913078427373,0.00023994913078427373,3.3333333333333335,0.0,0.0,0.0,0.0,0.0,nan,nan,nan,1.0,nan,nan,0.0,0.0,"{""judge_fail"": 429, ""llm_generation_error"": 7, ""render_engine_error"": 76}"
focal_3_Qwen3-4B,51,0,512,64,0.00390625,0.03125,0.0,1.8181818181818183,0.00023994913078427373,0.00023994913078427373,3.3333333333333335,0.0,0.0,0.0,0.0,0.0,nan,nan,nan,nan,nan,nan,nan,nan,"{""judge_fail"": 359, ""llm_generation_error"": 2, ""render_engine_error"": 151}"
focal_3_Qwen3-4B,52,0,512,64,0.0078125,0.0625,0.0,1.8181818181818183,0.00023994913078427373,0.00023994913078427373,3.3333333333333335,0.0,0.0,0.0,0.0,0.0,nan,nan,nan,nan,nan,nan,nan,nan,"{""judge_fail"": 315, ""llm_generation_error"": 4, ""render_engine_error"": 193}"
focal_3_Qwen3-4B,53,0,512,64,0.0078125,0.0625,0.0,1.8181818181818183,0.00023994913078427373,0.00023994913078427373,3.3333333333333335,0.0,0.0,0.0,0.0,0.0,nan,nan,nan,nan,nan,nan,nan,nan,"{""judge_fail"": 388, ""llm_generation_error"": 4, ""render_engine_error"": 120}"
focal_3_Qwen3-4B,54,0,512,64,0.001953125,0.015625,0.0,1.8181818181818183,0.00023994913078427373,0.00023994913078427373,3.3333333333333335,0.0,0.0,0.0,0.0,0.0,nan,nan,nan,nan,nan,nan,nan,nan,"{""judge_fail"": 358, ""llm_generation_error"": 1, ""render_engine_error"": 153}"
focal_3_Qwen3-4B,55,0,512,64,0.00390625,0.03125,0.0,1.8181818181818183,0.00023994913078427373,0.00023994913078427373,3.3333333333333335,0.0,0.0,0.0,0.0,0.0,nan,nan,nan,nan,nan,nan,nan,nan,"{""judge_fail"": 404, ""llm_generation_error"": 2, ""render_engine_error"": 106}"
focal_4_Qwen3-4B,1,0,512,64,0.9765625,1.0,0.0,6.165718781818181,3.6700397802357867,3.6700397802357867,7.730651099999999,0.0,5.388,0.0,0.0,0.0,nan,nan,nan,0.859375,0.9123164487491817,0.102,3.6379105475789615,3.5306319359434006,"{""llm_generation_error"": 98, ""parse_fail"": 7, ""render_engine_error"": 5, ""success"": 402}"
focal_4_Qwen3-4B,2,0,512,64,0.9765625,1.0,0.0,6.142302709090905,3.7088524793100337,3.7088524793100337,7.6719216333333335,0.0,5.132,0.0,0.0,0.0,nan,nan,nan,0.78125,0.9275659330407819,0.09,4.193393559164859,4.057551913405205,"{""llm_generation_error"": 107, ""parse_fail"": 3, ""render_engine_error"": 9, ""success"": 393}"
focal_4_Qwen3-4B,3,0,512,64,0.9765625,1.0,0.0,6.5843004363636455,3.954144284183916,3.954144284183916,8.113884133333334,0.0,5.88,0.0,0.0,0.0,nan,nan,nan,0.703125,0.8891970345193357,0.116,3.5271583848017194,3.5290595627995294,"{""llm_generation_error"": 72, ""parse_fail"": 9, ""render_engine_error"": 3, ""success"": 428}"
focal_4_Qwen3-4B,4,0,512,64,0.955078125,1.0,0.0,6.585610708310094,4.056352599882475,4.056352599882475,8.100034083162916,0.0,5.58282208588957,0.0,0.0,0.0,nan,nan,nan,0.796875,0.9083200235820069,0.11451942740286299,3.411517625339091,3.262996076186181,"{""llm_generation_error"": 70, ""parse_fail"": 8, ""render_engine_error"": 15, ""success"": 419}"
focal_4_Qwen3-4B,5,0,512,64,0.951171875,1.0,0.0,6.779316669777866,4.307817647996365,4.307817647996365,8.258829363449692,0.0,6.049281314168378,0.0,0.0,0.0,nan,nan,nan,0.796875,0.8896579865046399,0.08829568788501027,2.857302335527537,3.173231605246326,"{""llm_generation_error"": 51, ""parse_fail"": 7, ""render_engine_error"": 18, ""success"": 436}"
focal_4_Qwen3-4B,6,0,512,64,0.978515625,1.0,0.0,7.135827581201234,4.375752660250757,4.375752660250757,8.600713838988689,0.0,6.343313373253493,0.0,0.0,0.0,nan,nan,nan,0.65625,0.8569037264553602,0.1277445109780439,1.38341789185738,1.7099119035740904,"{""llm_generation_error"": 21, ""parse_fail"": 7, ""render_engine_error"": 4, ""success"": 480}"
focal_4_Qwen3-4B,7,0,512,64,0.96484375,1.0,0.0,7.101557103422899,4.293210699468313,4.293210699468313,8.6558911268556,0.0,6.433198380566802,0.0,0.0,0.0,nan,nan,nan,0.6875,0.8791828984714225,0.1214574898785425,1.4652288889919356,1.7699332324490376,"{""llm_generation_error"": 22, ""parse_fail"": 10, ""render_engine_error"": 8, ""success"": 472}"
focal_4_Qwen3-4B,8,0,512,64,0.943359375,1.0,0.0,7.213970468661783,4.339489339279674,4.339489339279674,8.675405486542443,0.0,6.525879917184265,0.0,0.0,0.0,nan,nan,nan,0.65625,0.8600380514155771,0.14078674948240166,1.1256320180469883,1.6734703920162937,"{""llm_generation_error"": 15, ""parse_fail"": 11, ""render_engine_error"": 18, ""success"": 468}"
focal_4_Qwen3-4B,9,0,512,64,0.95703125,1.0,0.0,7.051257346938778,4.174592647610466,4.174592647610466,8.636999013605443,0.0,6.363265306122449,0.0,0.0,0.0,nan,nan,nan,0.765625,0.8864026760818977,0.11836734693877551,1.249286017724841,1.8635588283714968,"{""llm_generation_error"": 17, ""parse_fail"": 10, ""render_engine_error"": 12, ""success"": 473}"
focal_4_Qwen3-4B,10,0,512,64,0.974609375,1.0,0.0,7.222228201858265,4.174643185969813,4.174643185969813,8.769041616566467,0.0,6.709418837675351,0.0,0.0,0.0,nan,nan,nan,0.671875,0.8584075998149917,0.15831663326653306,0.7228848282321645,1.3206557346799488,"{""llm_generation_error"": 8, ""parse_fail"": 8, ""render_engine_error"": 5, ""success"": 491}"
focal_4_Qwen3-4B,11,0,512,64,0.962890625,1.0,0.0,7.319579052185138,4.573308850817934,4.573308850817934,8.700668424611225,0.0,6.547667342799189,0.0,0.0,0.0,nan,nan,nan,0.796875,0.8924067912777838,0.12778904665314403,0.8903695857082983,1.4226015521759097,"{""llm_generation_error"": 10, ""parse_fail"": 11, ""render_engine_error"": 8, ""success"": 483}"
focal_4_Qwen3-4B,12,0,512,64,0.927734375,1.0,0.0,7.493348229665079,4.779903553862408,4.779903553862408,8.783664736842107,0.0,6.728421052631579,0.0,0.0,0.0,nan,nan,nan,0.75,0.8648770584844436,0.1368421052631579,0.4668278987183486,1.1263051883121082,"{""llm_generation_error"": 3, ""parse_fail"": 9, ""render_engine_error"": 28, ""success"": 472}"
focal_4_Qwen3-4B,13,0,512,64,0.95703125,1.0,0.0,7.384385194805196,4.54030303788866,4.54030303788866,8.7707606122449,0.0,6.63265306122449,0.0,0.0,0.0,nan,nan,nan,0.609375,0.8354082847798204,0.1469387755102041,0.5390702454387675,1.1473467403710857,"{""llm_generation_error"": 4, ""parse_fail"": 8, ""render_engine_error"": 14, ""success"": 486}"
focal_4_Qwen3-4B,14,0,512,64,0.900390625,1.0,0.0,7.441519542496544,4.678924544821525,4.678924544821525,8.823660737527115,0.0,6.854663774403471,0.0,0.0,0.0,nan,nan,nan,0.609375,0.8572561669903642,0.11279826464208242,0.6216957491983625,1.5915235384030226,"{""llm_generation_error"": 2, ""parse_fail"": 7, ""render_engine_error"": 44, ""success"": 459}"
focal_4_Qwen3-4B,15,0,512,64,0.943359375,1.0,0.0,7.633946452098625,5.091287425999175,5.091287425999175,8.798363526570048,0.0,6.811594202898551,0.0,0.0,0.0,nan,nan,nan,0.703125,0.8225147631126037,0.14285714285714285,0.4838946321531365,1.202366572616245,"{""llm_generation_error"": 2, ""parse_fail"": 8, ""render_engine_error"": 21, ""success"": 481}"
focal_4_Qwen3-4B,16,0,512,64,0.880859375,1.0,0.0,7.518623080024189,4.831560033417341,4.831560033417341,8.777305654101996,0.0,6.851441241685144,0.0,0.0,0.0,nan,nan,nan,0.75,0.8361404953313865,0.15077605321507762,0.738643637165599,1.4763248999843528,"{""llm_generation_error"": 6, ""parse_fail"": 11, ""render_engine_error"": 50, ""success"": 445}"
focal_4_Qwen3-4B,17,0,512,64,0.90625,1.0,0.0,7.655403252351105,5.073890303541278,5.073890303541278,8.824237859195403,0.0,6.918103448275862,0.0,0.0,0.0,nan,nan,nan,0.59375,0.8102654244537331,0.14224137931034483,0.6253344492800946,1.5614605259382792,"{""llm_generation_error"": 4, ""parse_fail"": 11, ""render_engine_error"": 37, ""success"": 460}"
focal_4_Qwen3-4B,18,0,512,64,0.8515625,1.0,0.0,7.569355400333616,5.060012209597438,5.060012209597438,8.803260129969418,0.0,6.963302752293578,0.0,0.0,0.0,nan,nan,nan,0.734375,0.8719164013770765,0.13302752293577982,0.8422374110510752,1.7272042614345307,"{""llm_generation_error"": 6, ""parse_fail"": 10, ""render_engine_error"": 66, ""success"": 430}"
focal_4_Qwen3-4B,19,0,512,64,0.857421875,1.0,0.0,7.537066162766629,4.754012662809663,4.754012662809663,8.829723804100228,0.0,6.89749430523918,0.0,0.0,0.0,nan,nan,nan,0.6875,0.8169905121942889,0.11161731207289294,0.6361109117399377,1.3303778263238193,"{""llm_generation_error"": 5, ""parse_fail"": 10, ""render_engine_error"": 63, ""success"": 434}"
focal_4_Qwen3-4B,20,0,512,64,0.921875,1.0,0.0,7.779639021571644,5.275822799935179,5.275822799935179,8.874853742937853,0.0,7.1059322033898304,0.0,0.0,0.0,nan,nan,nan,0.703125,0.7969890388811408,0.1843220338983051,0.5361762286153229,1.333034141963887,"{""llm_generation_error"": 2, ""parse_fail"": 10, ""render_engine_error"": 30, ""success"": 470}"
focal_4_Qwen3-4B,21,0,512,64,0.873046875,1.0,0.0,7.683541468375033,5.082624454561247,5.082624454561247,8.840855108128263,0.0,6.845637583892618,0.0,0.0,0.0,nan,nan,nan,0.8125,0.8542868921852234,0.14317673378076062,0.6103805032957887,1.4751603847791448,"{""llm_generation_error"": 3, ""parse_fail"": 8, ""render_engine_error"": 57, ""success"": 444}"
focal_4_Qwen3-4B,22,0,512,64,0.880859375,1.0,0.0,7.707608586978433,5.01354393759065,5.01354393759065,8.846986770140427,0.0,7.03769401330377,0.0,0.0,0.0,nan,nan,nan,0.71875,0.8423167568240433,0.13303769401330376,0.45055419171172256,1.3444114219062835,"{""llm_generation_error"": 2, ""parse_fail"": 4, ""render_engine_error"": 57, ""success"": 449}"
focal_4_Qwen3-4B,23,0,512,64,0.884765625,1.0,0.0,7.843432992173384,5.4519722762541765,5.4519722762541765,8.846073068432672,0.0,7.108167770419426,0.0,0.0,0.0,nan,nan,nan,0.671875,0.8244860236585012,0.16556291390728478,0.4333863069757194,1.3228399160328213,"{""llm_generation_error"": 1, ""parse_fail"": 17, ""render_engine_error"": 42, ""success"": 452}"
focal_4_Qwen3-4B,24,0,512,64,0.841796875,1.0,0.0,7.7744899810166554,5.372341815027192,5.372341815027192,8.816495359628771,0.0,6.941995359628771,0.0,0.0,0.0,nan,nan,nan,0.71875,0.8077510737250055,0.1531322505800464,0.5908365655016604,1.3782183293610646,"{""llm_generation_error"": 3, ""parse_fail"": 8, ""render_engine_error"": 73, ""success"": 428}"
focal_a11y_Qwen3-1.7B-Base,1,0,512,64,0.953125,1.0,0.0,4.772154359165426,1.792906091563329,1.792906091563329,7.3761696038251365,0.0,4.163934426229511,0.0,0.0,0.0,0.06368221123776915,0.0,0.0664758656360169,0.8125,0.886823778342544,0.16188524590163936,2.5416687995691944,1.7575941969198938,"{""llm_generation_error"": 109, ""parse_fail"": 8, ""render_engine_error"": 16, ""success"": 379}"
focal_a11y_Qwen3-1.7B-Base,2,0,512,64,0.955078125,1.0,0.0,4.788468711656441,1.7265726539568533,1.7265726539568533,7.438538922972055,0.0,4.359918200409002,0.0,0.0,0.0,0.056499598030887346,0.0,0.0583947140724504,0.796875,0.8819644647784245,0.16155419222903886,2.41936787608654,1.5919668768194262,"{""llm_generation_error"": 109, ""parse_fail"": 4, ""render_engine_error"": 19, ""success"": 380}"
focal_a11y_Qwen3-1.7B-Base,3,0,512,64,0.9375,1.0,0.0,4.837832746212119,1.7472946952065014,1.7472946952065014,7.504603090277779,0.0,4.3833333333333355,0.0,0.0,0.0,0.0583023880945959,0.0,0.059330868968416654,0.828125,0.8660450168391899,0.15416666666666667,2.448364986506035,1.6121428711450003,"{""llm_generation_error"": 99, ""parse_fail"": 6, ""render_engine_error"": 26, ""success"": 381}"
focal_a11y_Qwen3-1.7B-Base,4,0,512,64,0.919921875,1.0,0.0,4.9961350318471345,1.834259850134613,1.834259850134613,7.683997027600853,0.0,4.530785562632694,0.0,0.0,0.0,0.05879016765880253,0.0,0.060446004801243174,0.6875,0.8568716084762081,0.1762208067940552,2.298476229678996,1.7086832013770425,"{""llm_generation_error"": 86, ""parse_fail"": 7, ""render_engine_error"": 34, ""success"": 385}"
focal_a11y_Qwen3-1.7B-Base,5,0,512,64,0.9375,1.0,0.0,4.91101481060606,1.82784987019052,1.82784987019052,7.560124375000001,0.0,4.475000000000002,0.0,0.0,0.0,0.05742790245843869,0.0,0.0608841180406829,0.828125,0.8614455450924747,0.13125,2.371570646695135,1.7354723346694432,"{""llm_generation_error"": 96, ""parse_fail"": 5, ""render_engine_error"": 27, ""success"": 384}"
focal_a11y_Qwen3-1.7B-Base,6,0,512,64,0.943359375,1.0,0.0,4.954020534537928,1.828908509964012,1.828908509964012,7.63499347826087,0.0,4.604554865424431,0.0,0.0,0.0,0.0549058360823203,0.0,0.05674672122868069,0.78125,0.8802847148002261,0.19461697722567287,2.1671005439205016,1.5168634846661522,"{""llm_generation_error"": 90, ""parse_fail"": 3, ""render_engine_error"": 26, ""success"": 393}"
focal_a11y_Qwen3-1.7B-Base,7,0,512,64,0.93359375,1.0,0.0,4.864603347280334,1.8438309863180253,1.8438309863180253,7.467602649930267,0.0,4.251046025104604,0.0,0.0,0.0,0.0625836541737097,0.0,0.0649662471622935,0.78125,0.8562562033171501,0.1694560669456067,2.6986143317473594,1.778118651432256,"{""llm_generation_error"": 106, ""parse_fail"": 4, ""render_engine_error"": 30, ""success"": 372}"
focal_a11y_Qwen3-1.7B-Base,8,0,512,64,0.955078125,1.0,0.0,5.102601989217327,1.8884059778705296,1.8884059778705296,7.825458793456035,0.0,4.719836400817998,0.0,0.0,0.0,0.053049411643008526,0.0,0.054503689651434206,0.703125,0.8689647052415156,0.1983640081799591,2.1263729118271377,1.4972105820574533,"{""llm_generation_error"": 79, ""render_engine_error"": 23, ""success"": 410}"
focal_a11y_Qwen3-1.7B-Base,9,0,512,64,0.939453125,1.0,0.0,4.857722925722924,1.8219035807404944,1.8219035807404944,7.477135135135135,0.0,4.2827442827442805,0.0,0.0,0.0,0.06044985791265956,0.0,0.061342108700169616,0.796875,0.8964719826195952,0.1392931392931393,2.50965387819326,1.6685209288032747,"{""judge_fail"": 1, ""llm_generation_error"": 104, ""parse_fail"": 7, ""render_engine_error"": 23, ""success"": 377}"
focal_a11y_Qwen3-1.7B-Base,10,0,512,64,0.955078125,1.0,0.0,5.016514649563117,1.8951129661440693,1.8951129661440693,7.659792876618952,0.0,4.531697341513293,0.0,0.0,0.0,0.059120638097190856,0.0,0.060418395005925773,0.71875,0.8749375246921998,0.16768916155419222,2.338287619311249,1.5733484828644355,"{""llm_generation_error"": 94, ""parse_fail"": 7, ""render_engine_error"": 16, ""success"": 395}"
focal_a11y_Qwen3-1.7B-Base,11,0,512,64,0.943359375,1.0,0.0,5.047730020703934,1.8579831376504499,1.8579831376504499,7.757277294685992,0.0,4.625258799171846,0.0,0.0,0.0,0.05419817663138682,0.0,0.0560487996102891,0.65625,0.8331184066244574,0.19875776397515527,2.0557044808081266,1.3452828545745954,"{""llm_generation_error"": 77, ""parse_fail"": 6, ""render_engine_error"": 23, ""success"": 406}"
focal_a11y_Qwen3-1.7B-Base,12,0,512,64,0.943359375,1.0,0.0,5.25536265763222,2.0986407558311844,2.0986407558311844,7.884141407867499,0.0,4.703933747412014,0.0,0.0,0.0,0.0614062181391207,0.0,0.06321344549324148,0.71875,0.841858472690513,0.14285714285714285,2.0919059398978277,1.701856660243855,"{""llm_generation_error"": 69, ""parse_fail"": 9, ""render_engine_error"": 20, ""success"": 414}"
focal_a11y_Qwen3-1.7B-Base,13,0,512,64,0.94140625,1.0,0.0,5.348295416823846,2.0083769613412157,2.0083769613412157,8.104136341632088,0.0,4.975103734439832,0.0,0.0,0.0,0.05077232034879692,0.0,0.05310548415538595,0.734375,0.8596628405118351,0.17634854771784234,1.9783972736624382,1.5469343040680072,"{""judge_fail"": 1, ""llm_generation_error"": 59, ""parse_fail"": 6, ""render_engine_error"": 23, ""success"": 423}"
focal_a11y_Qwen3-1.7B-Base,14,0,512,64,0.94140625,1.0,0.0,5.165541229724635,1.9997667561319254,1.9997667561319254,7.811894744121715,0.0,4.626556016597512,0.0,0.0,0.0,0.05767161469925226,0.0,0.05845567697803153,0.71875,0.843010463275278,0.18049792531120332,2.200857190077714,1.6080124177838304,"{""llm_generation_error"": 76, ""parse_fail"": 4, ""render_engine_error"": 26, ""success"": 406}"
focal_a11y_Qwen3-1.7B-Base,15,0,512,64,0.93359375,1.0,0.0,5.353635374667175,2.2250114766143563,2.2250114766143563,7.936162761506281,0.0,4.585774058577407,0.0,0.0,0.0,0.06688205720590393,0.0,0.06691895134291702,0.78125,0.8615819443649855,0.17782426778242677,2.2693592546478567,1.796697792107786,"{""llm_generation_error"": 69, ""parse_fail"": 11, ""render_engine_error"": 23, ""success"": 409}"
focal_a11y_Qwen3-1.7B-Base,16,0,512,64,0.94921875,1.0,0.0,5.445488664421999,2.2043784492851803,2.2043784492851803,8.096736076817557,0.0,4.967078189300412,0.0,0.0,0.0,0.05717634591541922,0.0,0.057583326303381484,0.78125,0.8596738092869999,0.15843621399176955,1.98482634482385,1.764956057889545,"{""llm_generation_error"": 54, ""parse_fail"": 10, ""render_engine_error"": 16, ""success"": 432}"
focal_a11y_Qwen3-1.7B-Base,17,0,512,64,0.958984375,1.0,0.0,5.539892371783007,2.2582422269742484,2.2582422269742484,8.219945247793621,0.0,4.7698574338085535,0.0,0.0,0.0,0.06499741402392635,0.0,0.06562658101617119,0.71875,0.8466633983364856,0.1446028513238289,1.570286250162115,1.5342626654105769,"{""llm_generation_error"": 46, ""parse_fail"": 4, ""render_engine_error"": 17, ""success"": 445}"
focal_a11y_Qwen3-1.7B-Base,18,0,512,64,0.953125,1.0,0.0,5.665201937406852,2.391008156780389,2.391008156780389,8.314413934426229,0.0,5.077868852459017,0.0,0.0,0.0,0.05889814405287742,0.0,0.059737122020884624,0.734375,0.8480025545404076,0.17008196721311475,1.568776530985209,1.5557473493421585,"{""llm_generation_error"": 40, ""parse_fail"": 4, ""render_engine_error"": 20, ""success"": 448}"
focal_a11y_Qwen3-1.7B-Base,19,0,512,64,0.95703125,1.0,0.0,5.622584712430431,2.3034461292324733,2.3034461292324733,8.27882027210884,0.0,5.040816326530612,0.0,0.0,0.0,0.059868083033058773,0.0,0.06021229479903605,0.8125,0.877190314645709,0.1816326530612245,1.695343717711895,1.530743990706197,"{""llm_generation_error"": 45, ""parse_fail"": 2, ""render_engine_error"": 20, ""success"": 445}"
focal_a11y_Qwen3-1.7B-Base,20,0,512,64,0.96484375,1.0,0.0,5.814592270887012,2.545134333199588,2.545134333199588,8.393216734143051,0.0,5.016194331983809,0.0,0.0,0.0,0.06401910062885188,0.0,0.0647055073334861,0.6875,0.8285696080374828,0.14979757085020243,1.4709311735885036,1.4554776200590096,"{""llm_generation_error"": 38, ""parse_fail"": 4, ""render_engine_error"": 14, ""success"": 456}"
focal_a11y_Qwen3-1.7B-Base,21,0,512,64,0.953125,1.0,0.0,5.81524172876304,2.5147937873232475,2.5147937873232475,8.431085245901638,0.0,5.1844262295081975,0.0,0.0,0.0,0.05837815272491248,0.0,0.058606542996976464,0.828125,0.83067757777447,0.19467213114754098,1.411139116988824,1.5295900335049972,"{""llm_generation_error"": 30, ""parse_fail"": 1, ""render_engine_error"": 23, ""success"": 458}"
focal_a11y_Qwen3-1.7B-Base,22,0,512,64,0.958984375,1.0,0.0,5.898455026846887,2.6143221471419924,2.6143221471419924,8.447914324507808,0.0,5.095723014256612,0.0,0.0,0.0,0.06646691224587259,0.0,0.06678825819916673,0.828125,0.8200693659277847,0.1629327902240326,1.434321920348144,1.3968953533713258,"{""llm_generation_error"": 34, ""parse_fail"": 3, ""render_engine_error"": 18, ""success"": 457}"
focal_a11y_Qwen3-1.7B-Base,23,0,512,64,0.96875,1.0,0.0,6.080306836510271,2.764796796699029,2.764796796699029,8.617995329301078,0.0,5.262096774193547,0.0,0.0,0.0,0.06478610218903763,0.0,0.06510372016662999,0.78125,0.856895758603001,0.16532258064516128,1.1386997313711416,1.4762706634003633,"{""llm_generation_error"": 20, ""parse_fail"": 3, ""render_engine_error"": 13, ""success"": 476}"
focal_a11y_Qwen3-1.7B-Base,24,0,512,64,0.953125,1.0,0.0,6.017856333830102,2.742001010480329,2.742001010480329,8.572012568306008,0.0,5.045081967213116,0.0,0.0,0.0,0.07309625525238982,0.0,0.07351843227806922,0.796875,0.833489841218574,0.16393442622950818,1.273460117145175,1.5075717060585077,"{""llm_generation_error"": 25, ""parse_fail"": 2, ""render_engine_error"": 22, ""success"": 463}"
focal_v3_Qwen3-1.7B-Base,1,0,512,64,0.9453125,1.0,0.0,5.983881496786044,2.5074694436756615,2.5074694436756615,7.872860812672173,0.0,4.4793388429752055,0.0,0.0,0.0,0.10208222353978495,0.2803057537593408,0.3408874571947765,0.84375,0.8664548069322342,0.1590909090909091,2.3394336058290146,3.0869293995397404,"{""llm_generation_error"": 112, ""parse_fail"": 2, ""render_engine_error"": 26, ""success"": 372}"
focal_v3_Qwen3-1.7B-Base,2,0,512,64,0.9453125,1.0,0.0,6.039529407713503,2.5872547707678786,2.5872547707678786,7.902441494490358,0.0,4.363636363636364,0.0,0.0,0.0,0.11757146311040992,0.2745384288637113,0.3298931371581863,0.90625,0.8892838779012562,0.15702479338842976,2.2055240919798975,3.327125687672184,"{""llm_generation_error"": 106, ""parse_fail"": 6, ""render_engine_error"": 22, ""success"": 378}"
focal_v3_Qwen3-1.7B-Base,3,0,512,64,0.927734375,1.0,0.0,6.084811719298258,2.7167590439622358,2.7167590439622358,7.912305298245616,0.0,4.349473684210524,0.0,0.0,0.0,0.11990897247128236,0.2738713194959541,0.3236509396700721,0.78125,0.9102507025459451,0.12842105263157894,2.3679561847199704,3.4360744914746175,"{""llm_generation_error"": 108, ""parse_fail"": 5, ""render_engine_error"": 32, ""success"": 367}"
focal_v3_Qwen3-1.7B-Base,4,0,512,64,0.96484375,1.0,0.0,6.268154183535762,2.7486700065634984,2.7486700065634984,8.145821018893388,0.0,4.8299595141700395,0.0,0.0,0.0,0.10251136396491067,0.2838918000351091,0.35318453755320584,0.875,0.850608642820859,0.15182186234817813,1.8860271223179208,2.9503499639643227,"{""llm_generation_error"": 82, ""parse_fail"": 4, ""render_engine_error"": 14, ""success"": 412}"
focal_v3_Qwen3-1.7B-Base,5,0,512,64,0.9453125,1.0,0.0,6.196670913682282,2.81310080470088,2.81310080470088,8.017630337465567,0.0,4.549586776859507,0.0,0.0,0.0,0.11791103664252009,0.27599834486180846,0.3332845993841289,0.765625,0.8760341319313047,0.11983471074380166,2.1642028076873774,3.5204042038204286,"{""llm_generation_error"": 100, ""parse_fail"": 3, ""render_engine_error"": 25, ""success"": 384}"
focal_v3_Qwen3-1.7B-Base,6,0,512,64,0.951171875,1.0,0.0,6.27136751083733,2.775691256603091,2.775691256603091,8.138741889117043,0.0,4.726899383983575,0.0,0.0,0.0,0.1058599959108474,0.2844678430077432,0.3500818912899744,0.828125,0.8797217099307983,0.12320328542094455,2.017997915302618,2.8532302103755867,"{""llm_generation_error"": 86, ""parse_fail"": 4, ""render_engine_error"": 21, ""success"": 401}"
focal_v3_Qwen3-1.7B-Base,7,0,512,64,0.939453125,1.0,0.0,6.313899561099562,2.908079463282498,2.908079463282498,8.134224255024252,0.0,4.64033264033264,0.0,0.0,0.0,0.11896475547993388,0.278678400096175,0.3411541824129814,0.765625,0.868547986817854,0.158004158004158,2.0183314715973713,3.115451225729311,"{""llm_generation_error"": 84, ""parse_fail"": 2, ""render_engine_error"": 29, ""success"": 397}"
focal_v3_Qwen3-1.7B-Base,8,0,512,64,0.958984375,1.0,0.0,6.344778501923523,2.9304727193360525,2.9304727193360525,8.16126143923965,0.0,4.887983706720979,0.0,0.0,0.0,0.10552000998603105,0.28195544759906105,0.3586751929398603,0.703125,0.8574485228675057,0.17311608961303462,1.8360618653379401,2.9583570849275,"{""llm_generation_error"": 72, ""parse_fail"": 3, ""render_engine_error"": 18, ""success"": 419}"
focal_v3_Qwen3-1.7B-Base,9,0,512,64,0.9453125,1.0,0.0,6.351266023875113,2.925348454862111,2.925348454862111,8.185645592286503,0.0,4.892561983471078,0.0,0.0,0.0,0.10542884509094837,0.28240003714418854,0.3456180365737097,0.875,0.8756524855634034,0.15702479338842976,1.7169086879194146,2.7057930133041,"{""llm_generation_error"": 69, ""parse_fail"": 5, ""render_engine_error"": 23, ""success"": 415}"
focal_v3_Qwen3-1.7B-Base,10,0,512,64,0.94140625,1.0,0.0,6.513888243430157,3.0223767758091453,3.0223767758091453,8.362533609958506,0.0,4.86721991701245,0.0,0.0,0.0,0.11384720169666201,0.28654502247895636,0.35194235814608854,0.671875,0.8456961844723847,0.16390041493775934,1.7543144290598687,2.765306374568561,"{""llm_generation_error"": 62, ""parse_fail"": 5, ""render_engine_error"": 25, ""success"": 420}"
focal_v3_Qwen3-1.7B-Base,11,0,512,64,0.947265625,1.0,0.0,6.6252428178694185,3.1440801105871103,3.1440801105871103,8.450338453608248,0.0,5.076288659793815,0.0,0.0,0.0,0.11415097453461676,0.28556174340193946,0.3574652825101843,0.828125,0.8413823776442965,0.18969072164948453,1.343846068033918,2.441447690537238,"{""llm_generation_error"": 44, ""parse_fail"": 2, ""render_engine_error"": 25, ""success"": 441}"
focal_v3_Qwen3-1.7B-Base,12,0,512,64,0.951171875,1.0,0.0,6.60672717316906,3.23259017852652,3.23259017852652,8.39212361396304,0.0,5.117043121149899,0.0,0.0,0.0,0.1140486556789741,0.28416470519797454,0.3496924941006464,0.71875,0.8537374101921688,0.15811088295687886,1.5200144581143238,2.8327035169271277,"{""llm_generation_error"": 53, ""parse_fail"": 8, ""render_engine_error"": 17, ""success"": 434}"
focal_v3_Qwen3-1.7B-Base,13,0,512,64,0.95703125,1.0,0.0,6.635878730158737,3.2311333392911763,3.2311333392911763,8.415042585034014,0.0,5.02857142857143,0.0,0.0,0.0,0.11795899575971916,0.2830253073212572,0.36218299742744525,0.75,0.8866769550431877,0.1326530612244898,1.5502041357597407,2.6129698909330714,"{""llm_generation_error"": 52, ""parse_fail"": 4, ""render_engine_error"": 18, ""success"": 438}"
focal_v3_Qwen3-1.7B-Base,14,0,512,64,0.935546875,1.0,0.0,6.782308814660176,3.418859228692334,3.418859228692334,8.539051252609603,0.0,5.181628392484338,0.0,0.0,0.0,0.1191140102561087,0.28546013195373005,0.36214178772809136,0.703125,0.8551120403163143,0.1649269311064718,1.2819283662491645,2.354567474251631,"{""llm_generation_error"": 37, ""parse_fail"": 6, ""render_engine_error"": 27, ""success"": 442}"
focal_v3_Qwen3-1.7B-Base,15,0,512,64,0.966796875,1.0,0.0,6.88478805836139,3.621759993738938,3.621759993738938,8.577182087542088,0.0,5.204040404040404,0.0,0.0,0.0,0.12855300255090452,0.2830098031433113,0.3606941331142213,0.796875,0.845420397500344,0.1797979797979798,1.4526628555799899,2.721294812842499,"{""llm_generation_error"": 41, ""parse_fail"": 1, ""render_engine_error"": 16, ""success"": 454}"
focal_v3_Qwen3-1.7B-Base,16,0,512,64,0.94921875,1.0,0.0,6.915029149519889,3.6990660751321047,3.6990660751321047,8.583620541838135,0.0,5.106995884773661,0.0,0.0,0.0,0.13627816802360151,0.2791139785241013,0.35900421691115436,0.90625,0.8642707978630421,0.16049382716049382,1.4124837074360441,2.870961162905186,"{""llm_generation_error"": 39, ""parse_fail"": 2, ""render_engine_error"": 24, ""success"": 447}"
focal_v3_Qwen3-1.7B-Base,17,0,512,64,0.951171875,1.0,0.0,6.9161127081907425,3.5927470781403383,3.5927470781403383,8.635804928131417,0.0,5.248459958932238,0.0,0.0,0.0,0.12417149015006122,0.28484555167362663,0.3690159168437659,0.8125,0.8635535631144254,0.1601642710472279,1.470679331860103,2.7194884089485156,"{""llm_generation_error"": 38, ""parse_fail"": 2, ""render_engine_error"": 23, ""success"": 449}"
focal_v3_Qwen3-1.7B-Base,18,0,512,64,0.95703125,1.0,0.0,7.049211201814056,3.815109865507827,3.815109865507827,8.71803448979592,0.0,5.363265306122455,0.0,0.0,0.0,0.1303947185520176,0.2835126239311478,0.36660941981511497,0.796875,0.8181187258319828,0.18775510204081633,1.0294394339558406,2.386928162148198,"{""llm_generation_error"": 23, ""parse_fail"": 2, ""render_engine_error"": 20, ""success"": 467}"
focal_v3_Qwen3-1.7B-Base,19,0,512,64,0.978515625,1.0,0.0,7.072241694389005,3.8042213340779196,3.8042213340779196,8.727524218230208,0.0,5.2934131736526915,0.0,0.0,0.0,0.14378225801658445,0.27952186388662853,0.36623231852815624,0.78125,0.8270650897395302,0.15568862275449102,0.9725503790574018,2.0125196338933145,"{""llm_generation_error"": 21, ""parse_fail"": 2, ""render_engine_error"": 9, ""success"": 480}"
focal_v3_Qwen3-1.7B-Base,20,0,512,64,0.974609375,1.0,0.0,7.180628790915165,4.06585614579235,4.06585614579235,8.778291215764865,0.0,5.426853707414829,0.0,0.0,0.0,0.14111606286283299,0.28016521199285555,0.36353565177179337,0.703125,0.8481635498310824,0.15831663326653306,0.9650389765636033,2.3037935363395987,"{""llm_generation_error"": 20, ""parse_fail"": 1, ""render_engine_error"": 12, ""success"": 479}"
focal_v3_Qwen3-1.7B-Base,21,0,512,64,0.955078125,1.0,0.0,7.219145694160417,3.976820694457173,3.976820694457173,8.866346353101571,0.0,5.582822085889574,0.0,0.0,0.0,0.13389988126827668,0.2838058465018486,0.3694351924136122,0.796875,0.8604688789855577,0.15950920245398773,0.8250841620126312,2.17988153767963,"{""llm_generation_error"": 14, ""parse_fail"": 2, ""render_engine_error"": 21, ""success"": 475}"
focal_v3_Qwen3-1.7B-Base,22,0,512,64,0.962890625,1.0,0.0,7.192157290962359,4.025545263545009,4.025545263545009,8.808418492224478,0.0,5.427991886409735,0.0,0.0,0.0,0.14202778581850986,0.280328652820423,0.36023860135387525,0.734375,0.8571852767259267,0.15415821501014199,1.0715167495692737,2.470826305055109,"{""llm_generation_error"": 24, ""parse_fail"": 1, ""render_engine_error"": 18, ""success"": 469}"
focal_v3_Qwen3-1.7B-Base,23,0,512,64,0.9765625,1.0,0.0,7.42091371111111,4.3536794846856,4.3536794846856,8.963203900000002,0.0,5.692000000000001,0.0,0.0,0.0,0.14847107787911373,0.27995772391571516,0.36897284904473104,0.765625,0.8617913806757719,0.142,0.6301607197926747,2.0218963609136953,"{""llm_generation_error"": 8, ""parse_fail"": 3, ""render_engine_error"": 9, ""success"": 492}"
focal_v3_Qwen3-1.7B-Base,24,0,512,64,0.970703125,1.0,0.0,7.394501184887101,4.330635168424902,4.330635168424902,8.922033467471495,0.0,5.5090543259557325,0.0,0.0,0.0,0.16558057418069644,0.27291325995771193,0.3686896967358488,0.828125,0.8227077651499535,0.158953722334004,0.6602016871492495,1.9490604406224483,"{""llm_generation_error"": 10, ""parse_fail"": 2, ""render_engine_error"": 13, ""success"": 487}"
focal_v3_Qwen3-1.7B-Base,25,0,512,64,0.958984375,1.0,0.0,7.427879293957901,4.397044009523834,4.397044009523834,8.936286014935508,0.0,5.6659877800407354,0.0,0.0,0.0,0.16337406920064676,0.2739601821847379,0.3705773819296955,0.765625,0.8497803197121678,0.1446028513238289,0.7216374360962812,1.9198877642285643,"{""llm_generation_error"": 11, ""render_engine_error"": 21, ""success"": 480}"
focal_v3_Qwen3-1.7B-Base,26,0,512,64,0.974609375,1.0,0.0,7.479578712981527,4.48146618519985,4.48146618519985,8.978452905811622,0.0,5.663326653306614,0.0,0.0,0.0,0.16071416021613238,0.275734639759115,0.36629978291963355,0.8125,0.8631062112685994,0.1342685370741483,0.6881758491615306,2.128744266606219,"{""llm_generation_error"": 9, ""parse_fail"": 2, ""render_engine_error"": 11, ""success"": 490}"
focal_v3_Qwen3-1.7B-Base,27,0,512,64,0.970703125,1.0,0.0,7.493112653699983,4.570697102914387,4.570697102914387,8.93229138162307,0.0,5.468812877263581,0.0,0.0,0.0,0.18676175905171385,0.26645738881525904,0.36882213814924386,0.765625,0.8961556930228873,0.1488933601609658,0.7888289626405652,2.1764817027508823,"{""llm_generation_error"": 13, ""parse_fail"": 4, ""render_engine_error"": 11, ""success"": 484}"
focal_v3_Qwen3-1.7B-Base,28,0,512,64,0.9765625,1.0,0.0,7.4344250888888945,4.491216131861517,4.491216131861517,8.885870966666666,0.0,5.495999999999997,0.0,0.0,0.0,0.17707550086331583,0.26803869982714906,0.37326647309239075,0.78125,0.8544011234652323,0.148,0.8399061888926707,2.1390736145167883,"{""llm_generation_error"": 13, ""parse_fail"": 3, ""render_engine_error"": 9, ""success"": 487}"
focal_v3_Qwen3-1.7B-Base,29,0,512,64,0.958984375,1.0,0.0,7.5105924869880045,4.492271224799624,4.492271224799624,8.99569185336049,0.0,5.527494908350305,0.0,0.0,0.0,0.17607259241302553,0.2699136750698556,0.3679623792549845,0.765625,0.8547174836906003,0.1690427698574338,0.5291011973719417,1.7702404839013584,"{""llm_generation_error"": 6, ""parse_fail"": 6, ""render_engine_error"": 15, ""success"": 485}"
focal_v3_Qwen3-1.7B-Base,30,0,512,64,0.96484375,1.0,0.0,7.618496693657228,4.83780224800041,4.83780224800041,8.96856825236167,0.0,5.773279352226719,0.0,0.0,0.0,0.17933543255202491,0.26701337390142826,0.3818985715716438,0.703125,0.8361630049976602,0.1396761133603239,0.7384807311461421,2.182260660803047,"{""llm_generation_error"": 10, ""parse_fail"": 6, ""render_engine_error"": 12, ""success"": 484}"
focal_v3_Qwen3-1.7B-Base,31,0,512,64,0.9765625,1.0,0.0,7.692969244444449,4.933125820945861,4.933125820945861,9.041420533333332,0.0,5.744,0.0,0.0,0.0,0.18942646718101694,0.26467644458086464,0.3694293407411132,0.8125,0.8645393807407327,0.122,0.5271066406595416,1.7544364764965399,"{""llm_generation_error"": 5, ""parse_fail"": 3, ""render_engine_error"": 9, ""success"": 495}"
focal_v3_Qwen3-1.7B-Base,32,0,512,64,0.982421875,1.0,0.0,7.745607068698913,4.969920619553997,4.969920619553997,9.082459642147116,0.0,5.793240556660039,0.0,0.0,0.0,0.18859640841652686,0.26694040320623363,0.3846204617867193,0.703125,0.8523646519842822,0.14910536779324055,0.42648954853173227,1.7656215068674574,"{""llm_generation_error"": 2, ""parse_fail"": 2, ""render_engine_error"": 7, ""success"": 501}"
focal_v3_Qwen3-1.7B-Base,33,0,512,64,0.974609375,1.0,0.0,7.767693097305719,5.067216910912682,5.067216910912682,9.075788142952572,0.0,5.847695390781564,0.0,0.0,0.0,0.20104246622153119,0.2619498283271597,0.37834544819971644,0.765625,0.877817533013588,0.12024048096192384,0.5733561911066943,1.9024901197904884,"{""llm_generation_error"": 6, ""parse_fail"": 4, ""render_engine_error"": 9, ""success"": 493}"
focal_v3_Qwen3-1.7B-Base,34,0,512,64,0.974609375,1.0,0.0,7.847822133155206,5.260462205206343,5.260462205206343,9.07991623246493,0.0,5.815631262525052,0.0,0.0,0.0,0.22174619179084748,0.2537288493132478,0.37293760272096416,0.734375,0.8589091253420711,0.13226452905811623,0.4343296696434935,1.6196998676802536,"{""llm_generation_error"": 3, ""parse_fail"": 3, ""render_engine_error"": 10, ""success"": 496}"
focal_v3_Qwen3-1.7B-Base,35,0,512,64,0.982421875,1.0,0.0,7.861995604152865,5.142603754224782,5.142603754224782,9.142297581179589,0.0,5.960238568588469,0.0,0.0,0.0,0.20446672375864672,0.26127982744305817,0.38841969794877557,0.859375,0.8900407091806604,0.1172962226640159,0.37982930412206667,1.5154570034096202,"{""llm_generation_error"": 1, ""render_engine_error"": 9, ""success"": 502}"
focal_v3_Qwen3-1.7B-Base,36,0,512,64,0.974609375,1.0,0.0,7.888223558227569,5.188132755937584,5.188132755937584,9.146530394121578,0.0,5.991983967935872,0.0,0.0,0.0,0.1979254877760709,0.26385005587708005,0.40382232522920974,0.796875,0.8633752650945424,0.1402805611222445,0.5595721994913823,1.8581303206518494,"{""llm_generation_error"": 6, ""parse_fail"": 5, ""render_engine_error"": 8, ""success"": 493}"
focal_v3_Qwen3-1.7B-Base,37,0,512,64,0.9765625,1.0,0.0,7.899363066666677,5.276540282203455,5.276540282203455,9.119577933333336,0.0,5.904000000000002,0.0,0.0,0.0,0.21887680839752893,0.2566013131200352,0.40055313474528287,0.8125,0.886564960520364,0.12,0.5841871890692765,1.8501323742506028,"{""llm_generation_error"": 6, ""parse_fail"": 5, ""render_engine_error"": 7, ""success"": 494}"
focal_v3_Qwen3-1.7B-Base,38,0,512,64,0.986328125,1.0,0.0,8.082207128712863,5.728356322038899,5.728356322038899,9.141990561056105,0.0,6.01188118811881,0.0,0.0,0.0,0.2621481840753344,0.2411199953713806,0.393011501843704,0.765625,0.8814307139571687,0.10693069306930693,0.5168143986523838,1.7968352697867682,"{""llm_generation_error"": 5, ""parse_fail"": 3, ""render_engine_error"": 4, ""success"": 500}"
focal_v3_Qwen3-1.7B-Base,39,0,512,64,0.98046875,1.0,0.0,8.12569519698982,5.813874123059987,5.813874123059987,9.15554146746348,0.0,6.067729083665341,0.0,0.0,0.0,0.27011174977721664,0.23632363225430805,0.397376260070055,0.78125,0.896719863747572,0.11752988047808766,0.39153400581675174,1.5798538093557415,"{""llm_generation_error"": 1, ""parse_fail"": 3, ""render_engine_error"": 7, ""success"": 501}"
focal_v3_Qwen3-1.7B-Base,40,0,512,64,0.96875,1.0,0.0,8.065138754480284,5.596303123565116,5.596303123565116,9.153554905913976,0.0,6.076612903225806,0.0,0.0,0.0,0.25673082521340074,0.24190020253876154,0.41303194127598575,0.8125,0.8647205759427367,0.12096774193548387,0.43680565219076994,1.4932059014506864,"{""llm_generation_error"": 4, ""parse_fail"": 3, ""render_engine_error"": 13, ""success"": 492}"
focal_v3_Qwen3-1.7B-Base,41,0,512,64,0.98828125,1.0,0.0,8.114443126921387,5.765507259346197,5.765507259346197,9.18194137022398,0.0,6.158102766798418,0.0,0.0,0.0,0.2446525559830612,0.24635810323579668,0.3910639282036859,0.796875,0.8728243599905389,0.13043478260869565,0.45541800878452615,1.698058665327325,"{""llm_generation_error"": 3, ""parse_fail"": 1, ""render_engine_error"": 5, ""success"": 503}"
focal_v3_Qwen3-1.7B-Base,42,0,512,64,0.982421875,1.0,0.0,8.157815219792363,5.853156700906388,5.853156700906388,9.175821570576542,0.0,6.135188866799204,0.0,0.0,0.0,0.26560330227346135,0.23963568986103176,0.3967381445225161,0.765625,0.8802471930515162,0.13916500994035785,0.4553302993487381,1.7126535607477176,"{""llm_generation_error"": 4, ""parse_fail"": 1, ""render_engine_error"": 8, ""success"": 499}"
focal_v3_Qwen3-1.7B-Base,43,0,512,64,0.986328125,1.0,0.0,8.141677425742571,5.818506660601451,5.818506660601451,9.179380825082509,0.0,6.221782178217822,0.0,0.0,0.0,0.25113613929609074,0.24132727699441173,0.3996709391424972,0.703125,0.8397489269087679,0.1306930693069307,0.3144403596971476,1.392797470281625,"{""llm_generation_error"": 1, ""parse_fail"": 3, ""render_engine_error"": 4, ""success"": 504}"
focal_v3_Qwen3-1.7B-Base,44,0,512,64,0.984375,1.0,0.0,8.249340476190474,5.98784213218648,5.98784213218648,9.229467063492065,0.0,6.281746031746032,0.0,0.0,0.0,0.2718666450923843,0.23810897294741884,0.4097831303655653,0.75,0.8785229347030233,0.12103174603174603,0.37305694325465916,1.5732108104777867,"{""llm_generation_error"": 2, ""parse_fail"": 4, ""render_engine_error"": 4, ""success"": 502}"
focal_v3_Qwen3-1.7B-Base,45,0,512,64,0.982421875,1.0,0.0,8.205220764303071,5.884288479064133,5.884288479064133,9.177579324055666,0.0,6.16699801192843,0.0,0.0,0.0,0.28245099082531416,0.2329360977363375,0.4262201311129301,0.796875,0.8607311010101801,0.13717693836978131,0.44663486071639263,1.5093782611582311,"{""llm_generation_error"": 5, ""parse_fail"": 3, ""render_engine_error"": 6, ""success"": 498}"
focal_v3_Qwen3-1.7B-Base,46,0,512,64,0.98828125,1.0,0.0,8.319222859025034,6.13632362630092,6.13632362630092,9.222938372859026,0.0,6.276679841897235,0.0,0.0,0.0,0.304685060870001,0.2261898897829533,0.42351223411111255,0.75,0.8884397830631598,0.13636363636363635,0.27484985496861963,1.1142847899211221,"{""llm_generation_error"": 1, ""render_engine_error"": 6, ""success"": 505}"
focal_v3_Qwen3-1.7B-Base,47,0,512,64,0.98046875,1.0,0.0,8.375600044267376,6.2569148980155544,6.2569148980155544,9.2248874501992,0.0,6.147410358565739,0.0,0.0,0.0,0.3418445292061988,0.21329995035650898,0.42429911761012457,0.8125,0.8828340838729494,0.099601593625498,0.3541729848868212,1.4731149174845442,"{""llm_generation_error"": 1, ""parse_fail"": 4, ""render_engine_error"": 6, ""success"": 501}"
focal_v3_Qwen3-1.7B-Base,48,0,512,64,0.96875,1.0,0.0,8.374885887096779,6.158074757301015,6.158074757301015,9.2186124327957,0.0,6.181451612903226,0.0,0.0,0.0,0.34667444474276127,0.21165315605227153,0.4565087611336913,0.859375,0.8737842281517567,0.1350806451612903,0.3966604268077611,1.3797216673511614,"{""llm_generation_error"": 3, ""parse_fail"": 1, ""render_engine_error"": 15, ""success"": 493}"
focal_v3_Qwen3-1.7B-Base,49,0,512,64,0.97265625,1.0,0.0,8.383503391343151,6.335390598023013,6.335390598023013,9.201292570281126,0.0,6.244979919678715,0.0,0.0,0.0,0.33685049901219877,0.212087140540417,0.423035714866955,0.765625,0.869169865567969,0.11847389558232932,0.31755335589672956,1.2292719948115924,"{""llm_generation_error"": 2, ""parse_fail"": 5, ""render_engine_error"": 9, ""success"": 496}"
focal_v3_Qwen3-1.7B-Base,50,0,512,64,0.984375,1.0,0.0,8.448259259259254,6.384151393800062,6.384151393800062,9.231846560846561,0.0,6.317460317460317,0.0,0.0,0.0,0.35576454458749934,0.2083825588290397,0.4447766613666647,0.75,0.8558633348004389,0.11706349206349206,0.3372061071281348,1.2079308839501346,"{""llm_generation_error"": 3, ""parse_fail"": 1, ""render_engine_error"": 7, ""success"": 501}"
focal_v3_Qwen3-1.7B-Base,51,0,512,64,0.984375,1.0,0.0,8.417530070546734,6.34676011677959,6.34676011677959,9.231090079365078,0.0,6.242063492063489,0.0,0.0,0.0,0.3436610659501853,0.21288515681060716,0.4347436611268769,0.765625,0.8803142129205257,0.10912698412698413,0.3196738262807798,1.311944953933992,"{""llm_generation_error"": 1, ""parse_fail"": 6, ""render_engine_error"": 2, ""success"": 503}"
focal_v3_Qwen3-1.7B-Base,52,0,512,64,0.9765625,1.0,0.0,8.426372755555567,6.323594177791442,6.323594177791442,9.261759133333333,0.0,6.511999999999999,0.0,0.0,0.0,0.3182456426105915,0.2216896732235004,0.45905287416764845,0.765625,0.857014387785926,0.158,0.4115777984119255,1.2904149690993947,"{""llm_generation_error"": 6, ""parse_fail"": 6, ""render_engine_error"": 6, ""success"": 494}"
focal_v3_Qwen3-1.7B-Base,53,0,512,64,0.98046875,1.0,0.0,8.516494223107562,6.514567881425346,6.514567881425346,9.278891401062415,0.0,6.529880478087646,0.0,0.0,0.0,0.34452298727732433,0.21111918859757617,0.4500142931384746,0.71875,0.845252067893399,0.1454183266932271,0.2645812155688434,1.1450503259288214,"{""llm_generation_error"": 2, ""parse_fail"": 4, ""render_engine_error"": 6, ""success"": 500}"
focal_v3_Qwen3-1.7B-Base,54,0,512,64,0.978515625,1.0,0.0,8.460608294522075,6.400250658104194,6.400250658104194,9.232063473053893,0.0,6.311377245508976,0.0,0.0,0.0,0.3594747238642107,0.20785816302971724,0.44815099700501104,0.75,0.8696283865049059,0.1536926147704591,0.32122489674502425,1.2594627972311985,"{""llm_generation_error"": 2, ""parse_fail"": 5, ""render_engine_error"": 6, ""success"": 499}"
focal_v3_Qwen3-1.7B-Base,55,0,512,64,0.98046875,1.0,0.0,8.598710602036308,6.692611626282484,6.692611626282484,9.25048954183267,0.0,6.462151394422307,0.0,0.0,0.0,0.3986384664172193,0.19207043584016603,0.46830702004918623,0.75,0.8166721437532805,0.17131474103585656,0.22890800591632435,1.040282901792598,"{""llm_generation_error"": 1, ""parse_fail"": 3, ""render_engine_error"": 7, ""success"": 501}"
focal_v3_Qwen3-1.7B-Base,56,0,512,64,0.990234375,1.0,0.0,8.543692680254217,6.588679337060462,6.588679337060462,9.302751380670612,0.0,6.5404339250493075,0.0,0.0,0.0,0.3404612960926206,0.21423901433758016,0.43850836579222624,0.78125,0.8627642943813741,0.14201183431952663,0.1967055394008621,1.072332360439781,"{""parse_fail"": 1, ""render_engine_error"": 4, ""success"": 507}"
focal_v3_Qwen3-1.7B-Base,57,0,512,64,0.986328125,1.0,0.0,8.576931221122107,6.648928366643591,6.648928366643591,9.290017293729376,0.0,6.554455445544557,0.0,0.0,0.0,0.35337105026508986,0.20840621256824052,0.45392395333799224,0.71875,0.8585250734716084,0.13663366336633664,0.17302938953030297,0.8895587683415362,"{""parse_fail"": 1, ""render_engine_error"": 6, ""success"": 505}"
focal_v3_Qwen3-1.7B-Base,58,0,512,64,0.98828125,1.0,0.0,8.517235441370222,6.542266468485814,6.542266468485814,9.279641040843215,0.0,6.675889328063241,0.0,0.0,0.0,0.3189116040482156,0.2188277403708702,0.44953900379564915,0.703125,0.8272261803665241,0.16996047430830039,0.2352615878926193,1.0573093762091434,"{""llm_generation_error"": 1, ""parse_fail"": 2, ""render_engine_error"": 4, ""success"": 505}"
focal_v3_Qwen3-1.7B-Base,59,0,512,64,0.986328125,1.0,0.0,8.651181584158419,6.815285480722541,6.815285480722541,9.297432442244222,0.0,6.649504950495051,0.0,0.0,0.0,0.3886730770491736,0.1963236476710051,0.46761153420370694,0.796875,0.8509682762110304,0.15841584158415842,0.24964660150700282,1.0815081339542196,"{""llm_generation_error"": 1, ""parse_fail"": 2, ""render_engine_error"": 5, ""success"": 504}"
focal_v3_Qwen3-1.7B-Base,60,0,512,64,0.982421875,1.0,0.0,8.572776496576097,6.705264302640353,6.705264302640353,9.26562597746852,0.0,6.612326043737576,0.0,0.0,0.0,0.35912626170349754,0.20455161598997487,0.45179387499930534,0.703125,0.8353943823331443,0.1312127236580517,0.36251821495731995,1.265093130812436,"{""llm_generation_error"": 3, ""parse_fail"": 2, ""render_engine_error"": 7, ""success"": 500}"
focal_v3_Qwen3-1.7B-Base,61,0,512,64,0.9765625,1.0,0.0,8.581076088888883,6.740035175492962,6.740035175492962,9.244914133333332,0.0,6.5520000000000005,0.0,0.0,0.0,0.37694276802267296,0.19981860532222526,0.45524701308642557,0.765625,0.8426366167017759,0.13,0.37758483827433487,1.1685784987432686,"{""llm_generation_error"": 4, ""parse_fail"": 2, ""render_engine_error"": 10, ""success"": 496}"
focal_v3_Qwen3-1.7B-Base,62,0,512,64,0.984375,1.0,0.0,8.614484082892426,6.736360498754939,6.736360498754939,9.276025066137567,0.0,6.583333333333333,0.0,0.0,0.0,0.38644365805658676,0.19638425300551302,0.4687475741401401,0.765625,0.8567212996124508,0.13095238095238096,0.20680317560520706,0.9401780327625915,"{""llm_generation_error"": 1, ""parse_fail"": 3, ""render_engine_error"": 5, ""success"": 503}"
focal_v3_Qwen3-1.7B-Base,63,0,512,64,0.982421875,1.0,0.0,8.669585906781531,6.845521195929154,6.845521195929154,9.28443187541418,0.0,6.636182902584493,0.0,0.0,0.0,0.40745969409438837,0.18995082588620016,0.4759390763060336,0.75,0.7918515178025052,0.1908548707753479,0.17723919631382723,0.831523225202018,"{""llm_generation_error"": 1, ""parse_fail"": 4, ""render_engine_error"": 5, ""success"": 502}"
focal_v3_Qwen3-1.7B-Base,64,0,512,64,0.982421875,1.0,0.0,8.590222376850008,6.696788462753311,6.696788462753311,9.259190424121936,0.0,6.636182902584491,0.0,0.0,0.0,0.3783480048317571,0.19786791027558173,0.47174603022730194,0.78125,0.8441271321733744,0.1550695825049702,0.4215172707158984,1.4131445494172838,"{""llm_generation_error"": 4, ""parse_fail"": 4, ""render_engine_error"": 5, ""success"": 499}"
focal_v3_Qwen3-1.7B-Base,65,0,512,64,0.98828125,1.0,0.0,8.662126548089585,6.908026202660799,6.908026202660799,9.301193774703558,0.0,6.782608695652177,0.0,0.0,0.0,0.36073192754974404,0.2032114964408646,0.4520478017100893,0.75,0.839032423297454,0.13438735177865613,0.2661153759247148,1.0335682066688343,"{""llm_generation_error"": 2, ""render_engine_error"": 6, ""success"": 504}"
focal_v3_Qwen3-1.7B-Base,66,0,512,64,0.98046875,1.0,0.0,8.607225608676405,6.759775137983226,6.759775137983226,9.274683034528552,0.0,6.601593625498008,0.0,0.0,0.0,0.3723518117585841,0.20066705682686514,0.45480103078011674,0.671875,0.8306176452627323,0.13745019920318724,0.21599316354914355,0.9141109547124936,"{""llm_generation_error"": 2, ""parse_fail"": 4, ""render_engine_error"": 6, ""success"": 500}"
focal_v3_Qwen3-1.7B-Base,67,0,512,64,0.98046875,1.0,0.0,8.660106817175743,6.9479967994249305,6.9479967994249305,9.309516135458166,0.0,6.932270916334662,0.0,0.0,0.0,0.33554448020463856,0.2096653719205613,0.4404126313537479,0.75,0.8493974808150074,0.16135458167330677,0.15986749158535513,0.8557147406099934,"{""parse_fail"": 5, ""render_engine_error"": 5, ""success"": 502}"
focal_v3_Qwen3-1.7B-Base,68,0,512,64,0.974609375,1.0,0.0,8.672483522600757,6.888363089872835,6.888363089872835,9.31350150300601,0.0,6.829659318637277,0.0,0.0,0.0,0.359608757672944,0.20465029924760822,0.4583561636408237,0.734375,0.8324536782161237,0.15831663326653306,0.2304006270940717,0.9516968437031095,"{""llm_generation_error"": 1, ""parse_fail"": 6, ""render_engine_error"": 7, ""success"": 498}"
focal_v3_Qwen3-1.7B-Base,69,0,512,64,0.986328125,1.0,0.0,8.617035247524752,6.8537357353357375,6.8537357353357375,9.297401056105612,0.0,6.962376237623763,0.0,0.0,0.0,0.30841892499518,0.2184639719670829,0.44071155032625065,0.734375,0.8227742970745934,0.16633663366336635,0.2115211541376596,0.9563728977139697,"{""llm_generation_error"": 1, ""parse_fail"": 3, ""render_engine_error"": 4, ""success"": 504}"
focal_v3_Qwen3-1.7B-Base,70,0,512,64,0.974609375,1.0,0.0,8.685058583834339,6.969521314239554,6.969521314239554,9.29816235804943,0.0,6.781563126252501,0.0,0.0,0.0,0.37422947920204863,0.19932186714189695,0.456894618974797,0.84375,0.8647470604525888,0.14228456913827656,0.27609214422139383,1.041320308828675,"{""llm_generation_error"": 2, ""parse_fail"": 8, ""render_engine_error"": 5, ""success"": 497}"
focal_v3_Qwen3-1.7B-Base,71,0,512,64,0.990234375,1.0,0.0,8.711209555117243,7.068935568256088,7.068935568256088,9.290713083497696,0.0,6.863905325443788,0.0,0.0,0.0,0.376454464503978,0.1934835382326252,0.44557737581984574,0.734375,0.8307854744394345,0.14792899408284024,0.21514695437503753,0.8589174598428853,"{""llm_generation_error"": 1, ""render_engine_error"": 5, ""success"": 506}"
focal_v3_Qwen3-1.7B-Base,72,0,512,64,0.986328125,1.0,0.0,8.733894719471948,7.119839915383157,7.119839915383157,9.301370132013203,0.0,6.879207920792083,0.0,0.0,0.0,0.3813017617976975,0.19377953658504218,0.4527486443429383,0.796875,0.8408901363468813,0.15247524752475247,0.24037699854166553,1.0024010063606037,"{""llm_generation_error"": 1, ""parse_fail"": 1, ""render_engine_error"": 6, ""success"": 504}"
focal_v3_Qwen3-1.7B-Base,73,0,512,64,0.986328125,1.0,0.0,8.751024994499446,7.106693373564621,7.106693373564621,9.285613399339935,0.0,6.847524752475247,0.0,0.0,0.0,0.41112760838064855,0.18373922335885085,0.4734020557091203,0.71875,0.8244964007741618,0.18811881188118812,0.30985465096942355,1.1404339380368744,"{""llm_generation_error"": 3, ""parse_fail"": 5, ""render_engine_error"": 2, ""success"": 502}"
focal_v3_Qwen3-1.7B-Base,74,0,512,64,0.9765625,1.0,0.0,8.723037866666662,7.072955208641018,7.072955208641018,9.304356800000003,0.0,6.935999999999999,0.0,0.0,0.0,0.37678046575132323,0.19577413460934212,0.4579685748391792,0.734375,0.8225003011835005,0.162,0.27500510375878634,0.9991737460134548,"{""llm_generation_error"": 2, ""parse_fail"": 2, ""render_engine_error"": 10, ""success"": 498}"
focal_v3_Qwen3-1.7B-Base,75,0,512,64,0.9765625,1.0,0.0,8.704341533333334,7.002759562304084,7.002759562304084,9.307978966666667,0.0,6.92,0.0,0.0,0.0,0.3663790302589853,0.1994500112788722,0.4652101454305425,0.703125,0.8331247767114827,0.168,0.24580602846210464,0.9895256891751171,"{""llm_generation_error"": 2, ""parse_fail"": 3, ""render_engine_error"": 9, ""success"": 498}"
focal_v3_Qwen3-1.7B-Base,76,0,512,64,0.9765625,1.0,0.0,8.723458377777776,6.94755285022737,6.94755285022737,9.355320899999997,0.0,7.047999999999998,0.0,0.0,0.0,0.3378604123152567,0.20996839771714051,0.486074499978795,0.84375,0.8403498675329656,0.174,0.17215912422998195,0.8967614253162299,"{""parse_fail"": 2, ""render_engine_error"": 10, ""success"": 500}"
focal_v3_Qwen3-1.7B-Base,77,0,512,64,0.99609375,1.0,0.0,8.703768148148152,6.984017837732031,6.984017837732031,9.33529274509804,0.0,6.976470588235294,0.0,0.0,0.0,0.35740605018743293,0.20529629742179134,0.45425309802944785,0.703125,0.8380754214114993,0.1607843137254902,0.25376330554396676,1.111198391509429,"{""llm_generation_error"": 1, ""parse_fail"": 1, ""render_engine_error"": 1, ""success"": 509}"
focal_v3_Qwen3-1.7B-Base,78,0,512,64,0.982421875,1.0,0.0,8.731197415506957,7.085597159076539,7.085597159076539,9.34600089463221,0.0,6.99005964214712,0.0,0.0,0.0,0.3473461147389906,0.2067886205860566,0.4474424728775684,0.84375,0.8554252791307555,0.13320079522862824,0.20440483524320746,0.8671086987329719,"{""llm_generation_error"": 1, ""parse_fail"": 3, ""render_engine_error"": 6, ""success"": 502}"
focal_v3_Qwen3-1.7B-Base,79,0,512,64,0.9765625,1.0,0.0,8.754185555555555,7.012769239037863,7.012769239037863,9.346245000000001,0.0,6.987999999999998,0.0,0.0,0.0,0.369864223116746,0.19910795892218014,0.4844489916823553,0.765625,0.8401578687462985,0.14,0.1669876928871551,0.90717419301505,"{""parse_fail"": 7, ""render_engine_error"": 5, ""success"": 500}"
focal_v3_Qwen3-1.7B-Base,80,0,512,64,0.978515625,1.0,0.0,8.832872366378352,7.375993660019314,7.375993660019314,9.377784930139722,0.0,7.229540918163677,0.0,0.0,0.0,0.35369634966861074,0.20237695481628049,0.43457879957174117,0.6875,0.8328035091957884,0.16966067864271456,0.1727504701733903,0.7743489846919591,"{""llm_generation_error"": 1, ""parse_fail"": 9, ""render_engine_error"": 2, ""success"": 500}"
focal_v3_Qwen3-1.7B-Base,81,0,512,64,0.986328125,1.0,0.0,8.812174609460964,7.236828061440263,7.236828061440263,9.372024290429042,0.0,7.069306930693069,0.0,0.0,0.0,0.3722920177545271,0.1986904234236788,0.44689154121927865,0.65625,0.8282851131734633,0.17227722772277226,0.1725880004933936,0.8040771647717322,"{""llm_generation_error"": 1, ""parse_fail"": 5, ""render_engine_error"": 2, ""success"": 504}"
focal_v3_Qwen3-1.7B-Base,82,0,512,64,0.986328125,1.0,0.0,8.794512365236534,7.201800876741116,7.201800876741116,9.339590330033003,0.0,6.966336633663367,0.0,0.0,0.0,0.39438440108711215,0.19052226049926557,0.4618894906830579,0.71875,0.8334937626622712,0.1801980198019802,0.11953200169865724,0.6222158805098891,"{""parse_fail"": 4, ""render_engine_error"": 3, ""success"": 505}"
focal_v3_Qwen3-1.7B-Base,83,0,512,64,0.9765625,1.0,0.0,8.786921844444443,7.193373728247512,7.193373728247512,9.377416099999998,0.0,7.247999999999998,0.0,0.0,0.0,0.33393080069035536,0.20918826715863337,0.4554534978846655,0.75,0.837808673882789,0.156,0.19816259040019585,0.8759947508258515,"{""llm_generation_error"": 1, ""parse_fail"": 9, ""render_engine_error"": 3, ""success"": 499}"
focal_v3_Qwen3-1.7B-Base,84,0,512,64,0.984375,1.0,0.0,8.782617239858917,7.214770507671283,7.214770507671283,9.374554166666664,0.0,7.194444444444446,0.0,0.0,0.0,0.32996313684147793,0.21141115298706312,0.43985796909518887,0.640625,0.8318694358468128,0.17857142857142858,0.1296593160604702,0.7972237866697837,"{""render_engine_error"": 8, ""success"": 504}"
focal_v3_Qwen3-1.7B-Base,85,0,512,64,0.98828125,1.0,0.0,8.82003434343434,7.2637576687254946,7.2637576687254946,9.383444137022398,0.0,7.221343873517786,0.0,0.0,0.0,0.34593358027074056,0.2072067578902759,0.4457454420317758,0.859375,0.8679188199821152,0.1442687747035573,0.2050826774319238,0.8285539928833975,"{""llm_generation_error"": 2, ""parse_fail"": 2, ""render_engine_error"": 4, ""success"": 504}"
focal_v3_Qwen3-1.7B-Base,86,0,512,64,0.982421875,1.0,0.0,8.7959090346808,7.235216656750293,7.235216656750293,9.384155135851556,0.0,7.133200795228632,0.0,0.0,0.0,0.34765783373788506,0.20759006277668268,0.4357901199540715,0.75,0.8596235353075762,0.13320079522862824,0.2204890277063084,0.913607469351934,"{""llm_generation_error"": 1, ""parse_fail"": 3, ""render_engine_error"": 6, ""success"": 502}"
focal_v3_Qwen3-1.7B-Base,87,0,512,64,0.986328125,1.0,0.0,8.829403102310225,7.170037151091552,7.170037151091552,9.373444587458746,0.0,7.037623762376235,0.0,0.0,0.0,0.3999955666185292,0.19152367975952678,0.4979900906902958,0.8125,0.8391916389729261,0.18811881188118812,0.1805331884062496,0.9124859168119359,"{""llm_generation_error"": 1, ""parse_fail"": 2, ""render_engine_error"": 5, ""success"": 504}"
focal_v3_Qwen3-1.7B-Base,88,0,512,64,0.978515625,1.0,0.0,8.824304102905291,7.275664669542185,7.275664669542185,9.393808117099137,0.0,7.237524950099802,0.0,0.0,0.0,0.3378799614116677,0.20886645647772595,0.4404702029440821,0.75,0.8447250663374772,0.18562874251497005,0.1449400872558218,0.5910545082712174,"{""llm_generation_error"": 1, ""parse_fail"": 8, ""render_engine_error"": 3, ""success"": 500}"
focal_v3_Qwen3-1.7B-Base,89,0,512,64,0.9921875,1.0,0.0,8.833185104986887,7.276343256004672,7.276343256004672,9.405683169291338,0.0,7.283464566929135,0.0,0.0,0.0,0.334180038141885,0.210156488410578,0.44623732879841094,0.796875,0.8409412781344343,0.1732283464566929,0.12632694351433826,0.7081893676243461,"{""parse_fail"": 4, ""success"": 508}"
focal_v3_Qwen3-1.7B-Base,90,0,512,64,0.986328125,1.0,0.0,8.836206182618257,7.311211483414962,7.311211483414962,9.366091452145215,0.0,7.1366336633663385,0.0,0.0,0.0,0.3819598529581285,0.19454419416256394,0.45716934179068347,0.8125,0.86527830794238,0.1504950495049505,0.30647496185154477,1.0341205899937596,"{""llm_generation_error"": 4, ""parse_fail"": 7, ""success"": 501}"
focal_v3_Qwen3-1.7B-Base,91,0,512,64,0.986328125,1.0,0.0,8.881819449944993,7.428876464857898,7.428876464857898,9.399560858085808,0.0,7.255445544554454,0.0,0.0,0.0,0.37286740653204836,0.196724524067607,0.450864959446534,0.734375,0.8300266588654553,0.15445544554455445,0.15927984356835617,0.7752035179043808,"{""llm_generation_error"": 1, ""parse_fail"": 4, ""render_engine_error"": 3, ""success"": 504}"
focal_v3_Qwen3-1.7B-Base,92,0,512,64,0.98046875,1.0,0.0,8.845794200973879,7.130295749472612,7.130295749472612,9.409992762284196,0.0,7.151394422310758,0.0,0.0,0.0,0.36942237518781,0.20186454262911266,0.5015040646758047,0.8125,0.830267825918287,0.17928286852589642,0.18035590828199244,0.8960322325358692,"{""llm_generation_error"": 1, ""parse_fail"": 5, ""render_engine_error"": 5, ""success"": 501}"
focal_v3_Qwen3-1.7B-Base,93,0,512,64,0.990234375,1.0,0.0,8.892740039447727,7.352948594649249,7.352948594649249,9.42425141354372,0.0,7.246548323471401,0.0,0.0,0.0,0.36942923529024724,0.20044367276316777,0.46802627987363676,0.78125,0.8518324779222561,0.16568047337278108,0.1032560077849059,0.6304331402375823,"{""parse_fail"": 5, ""success"": 507}"
focal_v3_Qwen3-1.7B-Base,94,0,512,64,0.984375,1.0,0.0,8.833398368606698,7.2628039486393865,7.2628039486393865,9.431545965608464,0.0,7.345238095238095,0.0,0.0,0.0,0.3191111624007772,0.21727016124286525,0.4520239104824885,0.796875,0.8358008576483092,0.1388888888888889,0.13541134704589422,0.7756130547590165,"{""parse_fail"": 3, ""render_engine_error"": 5, ""success"": 504}"
focal_v3_Qwen3-1.7B-Base,95,0,512,64,0.9921875,1.0,0.0,8.919371631671048,7.453803080208322,7.453803080208322,9.430632250656167,0.0,7.263779527559056,0.0,0.0,0.0,0.3873722127951024,0.19492467244149644,0.455244935437238,0.828125,0.8477993931322629,0.12992125984251968,0.1584682214370041,0.8299340326054419,"{""llm_generation_error"": 1, ""parse_fail"": 2, ""render_engine_error"": 2, ""success"": 507}"
focal_v3_Qwen3-1.7B-Base,96,0,512,64,0.982421875,1.0,0.0,8.875070996244757,7.3554518108770575,7.3554518108770575,9.422679390324715,0.0,7.268389662027833,0.0,0.0,0.0,0.35870996884643347,0.2048211874572822,0.44135721724101334,0.734375,0.8334499966750492,0.13320079522862824,0.18919335562622264,0.9077446598062814,"{""llm_generation_error"": 1, ""parse_fail"": 6, ""render_engine_error"": 3, ""success"": 502}"
focal_v3_Qwen3-1.7B-Base,97,0,512,64,0.966796875,1.0,0.0,8.879611268237937,7.377061381242004,7.377061381242004,9.412076835016837,0.0,7.232323232323232,0.0,0.0,0.0,0.37111290840853495,0.19901981914701947,0.4552320249153981,0.828125,0.8042450677358142,0.19393939393939394,0.09564831552321869,0.5706063896971465,"{""parse_fail"": 6, ""render_engine_error"": 11, ""success"": 495}"
focal_v3_Qwen3-1.7B-Base,98,0,512,64,0.982421875,1.0,0.0,8.904272918047274,7.409651076820503,7.409651076820503,9.410783134526175,0.0,7.23260437375746,0.0,0.0,0.0,0.3843476401117163,0.1935298138495418,0.4546315941441225,0.71875,0.8549907688271461,0.16898608349900596,0.1691293445125911,0.856816802715698,"{""llm_generation_error"": 1, ""parse_fail"": 5, ""render_engine_error"": 4, ""success"": 502}"
focal_v3_Qwen3-1.7B-Base,99,0,512,64,0.986328125,1.0,0.0,8.919335467546752,7.350560871387625,7.350560871387625,9.435240825082507,0.0,7.2237623762376275,0.0,0.0,0.0,0.4004302662923945,0.19196454321765877,0.49127301933360257,0.71875,0.856194721705045,0.1603960396039604,0.1164533642544263,0.7384077663045218,"{""parse_fail"": 7, ""success"": 505}"
focal_v3_Qwen3-1.7B-Base,100,0,512,64,0.986328125,1.0,0.0,8.857875049504951,7.304327812035093,7.304327812035093,9.398495742574255,0.0,7.192079207920793,0.0,0.0,0.0,0.3756251760150692,0.19936736155872592,0.46868222889562494,0.78125,0.8386684989059886,0.14653465346534653,0.2864906923760936,1.0595033434192995,"{""llm_generation_error"": 3, ""parse_fail"": 6, ""render_engine_error"": 1, ""success"": 502}"
focal_v3_Qwen3-1.7B-Base,101,0,512,64,0.9765625,1.0,0.0,8.916696177777782,7.465081197560118,7.465081197560118,9.448110933333332,0.0,7.375999999999996,0.0,0.0,0.0,0.3523969054634019,0.20712371489996992,0.44608412708372125,0.734375,0.8579985795762965,0.154,0.23808148760986148,0.9711223040879762,"{""llm_generation_error"": 2, ""parse_fail"": 6, ""render_engine_error"": 6, ""success"": 498}"
focal_v3_Qwen3-1.7B-Base,102,0,512,64,0.98828125,1.0,0.0,8.983629578392634,7.577588048854319,7.577588048854319,9.479363998682478,0.0,7.486166007905139,0.0,0.0,0.0,0.3664451708059053,0.19967771717594918,0.46099378689162296,0.8125,0.8842127355652382,0.12055335968379446,0.11449336789915429,0.7726050596651006,"{""parse_fail"": 5, ""render_engine_error"": 1, ""success"": 506}"
focal_v3_Qwen3-1.7B-Base,103,0,512,64,0.986328125,1.0,0.0,8.875889306930693,7.383412670356866,7.383412670356866,9.417695346534654,0.0,7.247524752475252,0.0,0.0,0.0,0.36611225143233167,0.20276706907807052,0.45078284841383875,0.796875,0.8392199209595896,0.16237623762376238,0.2687817831512594,0.9777391300833705,"{""llm_generation_error"": 3, ""parse_fail"": 4, ""render_engine_error"": 3, ""success"": 502}"
focal_v3_Qwen3-1.7B-Base,104,0,512,64,0.990234375,1.0,0.0,8.93233811089196,7.517596672216859,7.517596672216859,9.454161341222882,0.0,7.396449704142013,0.0,0.0,0.0,0.357547683231386,0.2055800514735182,0.4489954903144588,0.75,0.8602656387639982,0.15187376725838264,0.1730400491559402,0.7617973559062774,"{""llm_generation_error"": 1, ""parse_fail"": 3, ""render_engine_error"": 2, ""success"": 506}"
focal_v3_Qwen3-1.7B-Base,105,0,512,64,0.984375,1.0,0.0,8.929076124338623,7.4647031050598605,7.4647031050598605,9.470267625661377,0.0,7.40873015873016,0.0,0.0,0.0,0.34998207101906076,0.20837439379211917,0.44600189446263216,0.78125,0.8566312536524997,0.15674603174603174,0.11773063554639958,0.6458583772742981,"{""parse_fail"": 6, ""render_engine_error"": 2, ""success"": 504}"
focal_v3_Qwen3-1.7B-Base,106,0,512,64,0.98046875,1.0,0.0,8.954768171757406,7.501848932983147,7.501848932983147,9.474947742363879,0.0,7.466135458167331,0.0,0.0,0.0,0.35351395379932044,0.20395343445534428,0.4580862235521152,0.859375,0.8866587006854306,0.12350597609561753,0.1266567890978952,0.8066330998494432,"{""parse_fail"": 1, ""render_engine_error"": 9, ""success"": 502}"
focal_v3_Qwen3-1.7B-Base,107,0,512,64,0.9921875,1.0,0.0,8.89635124671916,7.412518486473795,7.412518486473795,9.441410072178481,0.0,7.370078740157482,0.0,0.0,0.0,0.34421930118614597,0.2098523286626176,0.4444031708655191,0.859375,0.8629322557917252,0.13582677165354332,0.35082634726645057,1.1865823192050895,"{""llm_generation_error"": 4, ""parse_fail"": 3, ""render_engine_error"": 1, ""success"": 504}"
focal_v3_Qwen3-1.7B-Base,108,0,512,64,0.98828125,1.0,0.0,8.972476679841904,7.536275751219325,7.536275751219325,9.473043083003954,0.0,7.430830039525692,0.0,0.0,0.0,0.37127105737482147,0.20001462427830985,0.4507577441191032,0.78125,0.8988279643924653,0.1383399209486166,0.15714660972763472,0.7653977043779193,"{""llm_generation_error"": 1, ""parse_fail"": 4, ""render_engine_error"": 2, ""success"": 505}"
focal_v3_Qwen3-1.7B-Base,109,0,512,64,0.98828125,1.0,0.0,8.999307795344762,7.642581931605776,7.642581931605776,9.48463362977602,0.0,7.450592885375494,0.0,0.0,0.0,0.37554847873763403,0.19927519597272977,0.44933760361033875,0.859375,0.8558759597146272,0.1225296442687747,0.0877263171046091,0.5487826502622353,"{""parse_fail"": 5, ""render_engine_error"": 1, ""success"": 506}"
focal_v3_Qwen3-1.7B-Base,110,0,512,64,0.990234375,1.0,0.0,8.939300613631376,7.482058176421014,7.482058176421014,9.481633366206443,0.0,7.471400394477321,0.0,0.0,0.0,0.3421998589342048,0.21069486122297523,0.4486916942421755,0.796875,0.8549745712076282,0.14201183431952663,0.1952647288438991,0.9435271907203333,"{""llm_generation_error"": 1, ""parse_fail"": 3, ""render_engine_error"": 2, ""success"": 506}"
focal_v3_Qwen3-1.7B-Base,111,0,512,64,0.986328125,1.0,0.0,8.905442816281624,7.40263507503486,7.40263507503486,9.481827590759076,0.0,7.465346534653467,0.0,0.0,0.0,0.32135694776063095,0.21859937355835682,0.4443868548577811,0.734375,0.8993356015331512,0.11683168316831684,0.2473047291468273,0.9652787246676656,"{""llm_generation_error"": 2, ""parse_fail"": 4, ""render_engine_error"": 3, ""success"": 503}"
focal_v3_Qwen3-1.7B-Base,112,0,512,64,0.986328125,1.0,0.0,8.954600550055016,7.437846540701682,7.437846540701682,9.516917326732672,0.0,7.552475247524753,0.0,0.0,0.0,0.3210308792265486,0.2203235478044956,0.4572523020001635,0.71875,0.8667063032620403,0.1306930693069307,0.17920324193729117,0.9691779991519767,"{""llm_generation_error"": 1, ""parse_fail"": 7, ""success"": 504}"
focal_v3_Qwen3-1.7B-Base,113,0,512,64,0.984375,1.0,0.0,9.024306327160495,7.6631679941562725,7.6631679941562725,9.487087797619047,0.0,7.484126984126987,0.0,0.0,0.0,0.388645658939036,0.19445602402643658,0.4561076088729102,0.765625,0.8468493197579889,0.16468253968253968,0.10060166096382096,0.7235272964529734,"{""parse_fail"": 6, ""render_engine_error"": 2, ""success"": 504}"
focal_v3_Qwen3-1.7B-Base,114,0,512,64,0.9921875,1.0,0.0,9.000583858267714,7.626168889436528,7.626168889436528,9.49201751968504,0.0,7.527559055118113,0.0,0.0,0.0,0.3688136048986387,0.2003484203714042,0.45203800375523523,0.765625,0.8697737069717182,0.1437007874015748,0.14349661325945698,0.895471034025036,"{""parse_fail"": 2, ""render_engine_error"": 2, ""success"": 508}"
focal_v3_Qwen3-1.7B-Base,115,0,512,64,0.986328125,1.0,0.0,8.933650209020898,7.430025149979892,7.430025149979892,9.486613927392742,0.0,7.54851485148515,0.0,0.0,0.0,0.3283419651013069,0.21493619621301188,0.46750102748282296,0.703125,0.8398557076036015,0.12673267326732673,0.22468707979430064,0.8072248254056352,"{""llm_generation_error"": 2, ""parse_fail"": 4, ""render_engine_error"": 3, ""success"": 503}"
focal_v3_Qwen3-1.7B-Base,116,0,512,64,0.984375,1.0,0.0,8.995042085537918,7.624134493317192,7.624134493317192,9.49067820767196,0.0,7.488095238095238,0.0,0.0,0.0,0.36095349843452257,0.20402999469497715,0.44737976572293314,0.8125,0.8747320826180814,0.16666666666666666,0.08101124624579696,0.478908526809286,"{""parse_fail"": 5, ""render_engine_error"": 3, ""success"": 504}"
focal_v3_Qwen3-1.7B-Base,117,0,512,64,0.986328125,1.0,0.0,8.995992013201318,7.635489156025878,7.635489156025878,9.497882409240924,0.0,7.536633663366336,0.0,0.0,0.0,0.35358495402922435,0.20697690415768966,0.44900589684900255,0.71875,0.8788051854843827,0.13267326732673268,0.1142079592052787,0.6895135344668485,"{""parse_fail"": 4, ""render_engine_error"": 3, ""success"": 505}"
focal_v3_Qwen3-1.7B-Base,118,0,512,64,0.990234375,1.0,0.0,8.978827679158444,7.592595250172065,7.592595250172065,9.498879257067719,0.0,7.566074950690335,0.0,0.0,0.0,0.3362681750859446,0.2121088459548901,0.4379611798759564,0.84375,0.8827356769329802,0.13214990138067062,0.16608747945345284,0.8085106263750501,"{""llm_generation_error"": 1, ""parse_fail"": 5, ""success"": 506}"
focal_v3_Qwen3-1.7B-Base,119,0,512,64,0.98828125,1.0,0.0,8.991263526570052,7.592012748541447,7.592012748541447,9.499708201581027,0.0,7.537549407114623,0.0,0.0,0.0,0.353316035578315,0.20718040787354308,0.45447687619094257,0.84375,0.8573856726711555,0.15019762845849802,0.17253560401434298,0.8523535155875954,"{""llm_generation_error"": 1, ""parse_fail"": 5, ""render_engine_error"": 1, ""success"": 505}"
focal_v3_Qwen3-1.7B-Base,120,0,512,64,0.998046875,1.0,0.0,8.958045531637318,7.4416165557632254,7.4416165557632254,9.508170711024135,0.0,7.4911937377690805,0.0,0.0,0.0,0.3423962267654049,0.2129099275468458,0.46350776035279523,0.859375,0.8770562889678862,0.12524461839530332,0.10878166425290574,0.7469996115108344,"{""render_engine_error"": 1, ""success"": 511}"
focal_v3_Qwen3-1.7B-Base,121,0,512,64,0.98046875,1.0,0.0,9.007074280655168,7.613619919792973,7.613619919792973,9.520405577689248,0.0,7.561752988047808,0.0,0.0,0.0,0.3442695588366989,0.2094990638851831,0.4366051789844388,0.84375,0.8972452051288982,0.12151394422310757,0.1544951466667552,0.6875325824826896,"{""llm_generation_error"": 1, ""parse_fail"": 7, ""render_engine_error"": 3, ""success"": 501}"
focal_v3_Qwen3-1.7B-Base,122,0,512,64,0.978515625,1.0,0.0,9.007759414504315,7.684776608076221,7.684776608076221,9.47148609447771,0.0,7.508982035928141,0.0,0.0,0.0,0.37637898957057614,0.19727033411998848,0.4461775528079126,0.90625,0.8740159527649141,0.1377245508982036,0.3123515154351822,1.0308771790450786,"{""llm_generation_error"": 4, ""parse_fail"": 11, ""success"": 497}"
focal_v3_Qwen3-1.7B-Base,123,0,512,64,0.98046875,1.0,0.0,8.982799114652503,7.547216257327077,7.547216257327077,9.498999468791503,0.0,7.561752988047808,0.0,0.0,0.0,0.3461747274513628,0.2097753764216316,0.45968452380971586,0.765625,0.8625988582298765,0.13545816733067728,0.27392711856946816,1.0476770776328603,"{""llm_generation_error"": 3, ""parse_fail"": 8, ""render_engine_error"": 2, ""success"": 499}"
focal_v3_Qwen3-1.7B-Base,124,0,512,64,0.990234375,1.0,0.0,9.004347644093794,7.586078023871209,7.586078023871209,9.519572090729783,0.0,7.538461538461539,0.0,0.0,0.0,0.3584077973223368,0.20709039159888312,0.44997505541150606,0.828125,0.8762768600356582,0.126232741617357,0.14002506159916028,0.8272184515911744,"{""parse_fail"": 5, ""success"": 507}"
focal_v3_Qwen3-1.7B-Base,125,0,512,64,0.99609375,1.0,0.0,9.01185906318082,7.626665704635083,7.626665704635083,9.528148071895426,0.0,7.631372549019609,0.0,0.0,0.0,0.3408695075797713,0.21212183145781327,0.4459706761760825,0.8125,0.8966156478891402,0.12941176470588237,0.16728314522088666,0.9509838198780124,"{""parse_fail"": 2, ""success"": 510}"
focal_v3_Qwen3-1.7B-Base,126,0,512,64,0.986328125,1.0,0.0,9.041269944994507,7.670056719092958,7.670056719092958,9.529957722772279,0.0,7.627722772277231,0.0,0.0,0.0,0.34922505419975447,0.2083064635431654,0.45723000994804147,0.8125,0.872049075713687,0.12871287128712872,0.1259407775862163,0.7990995588855727,"{""parse_fail"": 7, ""success"": 505}"
focal_v3_Qwen3-1.7B-Base,127,0,512,64,0.98828125,1.0,0.0,9.021913877909515,7.570613566145291,7.570613566145291,9.551382015810276,0.0,7.731225296442687,0.0,0.0,0.0,0.3171934064588868,0.220447645353306,0.4782785505043267,0.890625,0.8919033825198681,0.13043478260869565,0.10775225070262573,0.722317428102345,"{""parse_fail"": 5, ""render_engine_error"": 1, ""success"": 506}"
focal_v3_Qwen3-1.7B-Base,128,0,512,64,0.986328125,1.0,0.0,9.034477425742582,7.658819757046656,7.658819757046656,9.535346501650166,0.0,7.639603960396042,0.0,0.0,0.0,0.34739698071682423,0.2096270977519424,0.4442272015683979,0.84375,0.8932481822328876,0.100990099009901,0.12228163574718012,0.7731345937801801,"{""parse_fail"": 5, ""render_engine_error"": 2, ""success"": 505}"
focal_v3_Qwen3-1.7B-Base,129,0,512,64,0.99609375,1.0,0.0,9.020293355119826,7.643398365570446,7.643398365570446,9.539361601307188,0.0,7.647058823529412,0.0,0.0,0.0,0.33204636513174335,0.21616530123944125,0.44941615801157747,0.765625,0.8898040354726158,0.11372549019607843,0.16162245293349078,0.7510339749622011,"{""llm_generation_error"": 1, ""render_engine_error"": 2, ""success"": 509}"
focal_v3_Qwen3-1.7B-Base,130,0,512,64,0.98828125,1.0,0.0,9.070839525691706,7.781961216099373,7.781961216099373,9.55896021080369,0.0,7.758893280632413,0.0,0.0,0.0,0.3414923748868747,0.21155186606533016,0.4403923179885357,0.8125,0.8936339958386609,0.11857707509881422,0.14639578504424802,0.8547494055550722,"{""parse_fail"": 5, ""render_engine_error"": 1, ""success"": 506}"
focal_v3_Qwen3-1.7B-Base,131,0,512,64,0.990234375,1.0,0.0,9.03367037037036,7.680131408499384,7.680131408499384,9.545804700854703,0.0,7.637080867850099,0.0,0.0,0.0,0.33544618834689754,0.214758222595228,0.4381227282703667,0.765625,0.8909988789549812,0.11834319526627218,0.09186655180612827,0.6093214375375086,"{""parse_fail"": 3, ""render_engine_error"": 2, ""success"": 507}"
focal_v3_Qwen3-1.7B-Base,132,0,512,64,0.974609375,1.0,0.0,9.016085393008229,7.64293635523683,7.64293635523683,9.5140746492986,0.0,7.60721442885772,0.0,0.0,0.0,0.3338575577404117,0.21371196014907667,0.44930934598118843,0.765625,0.8813674335147057,0.12424849699398798,0.20942274940151587,0.8088872360923667,"{""llm_generation_error"": 2, ""parse_fail"": 12, ""render_engine_error"": 1, ""success"": 497}"
focal_v3_Qwen3-1.7B-Base,133,0,512,64,0.982421875,1.0,0.0,9.023097702672858,7.575595518858018,7.575595518858018,9.553433830351226,0.0,7.693836978131213,0.0,0.0,0.0,0.31827169600998206,0.22100656449854136,0.46746573610345854,0.875,0.8977960877580555,0.12922465208747516,0.15192674154899263,0.8287619657050871,"{""llm_generation_error"": 1, ""parse_fail"": 4, ""render_engine_error"": 5, ""success"": 502}"
focal_v3_Qwen3-1.7B-Base,134,0,512,64,0.970703125,1.0,0.0,9.10621057455846,7.859806489281925,7.859806489281925,9.57715623742455,0.0,7.766599597585517,0.0,0.0,0.0,0.3480143937093659,0.2094042710586763,0.4319863905641048,0.84375,0.919242075644401,0.11267605633802817,0.13884882402718407,0.851373984514689,"{""parse_fail"": 5, ""render_engine_error"": 10, ""success"": 497}"
focal_v3_Qwen3-1.7B-Base,135,0,512,64,0.986328125,1.0,0.0,9.091315731573161,7.833364070492286,7.833364070492286,9.567633663366335,0.0,7.726732673267328,0.0,0.0,0.0,0.3495566996362901,0.21031420432120349,0.43416651441092047,0.828125,0.9015748333458556,0.10891089108910891,0.15743369623205763,0.7563041715321628,"{""llm_generation_error"": 1, ""parse_fail"": 5, ""render_engine_error"": 2, ""success"": 504}"
focal_v3_Qwen3-1.7B-Base,136,0,512,64,0.990234375,1.0,0.0,9.075311680911673,7.782460120120131,7.782460120120131,9.549259434582511,0.0,7.684418145956608,0.0,0.0,0.0,0.36068411261371275,0.20546955859591795,0.44184097146001455,0.796875,0.9047422456213363,0.11242603550295859,0.09977522754125956,0.6047554736293895,"{""parse_fail"": 5, ""success"": 507}"
focal_v3_e0_t10_g8_Qwen3-1.7B-Base,1,0,1024,64,0.99609375,1.0,0.0,6.061223061002164,2.225789208955375,2.225789208955375,7.907275767973856,2.3691176470588236,4.507843137254902,2.168627450980392,2.8558823529411765,2.082843137254902,0.028421374529482644,0.3233282686463592,0.48643314359901413,0.671875,0.8601673232546962,0.1892156862745098,2.473369700938783,3.296669550360648,"{""llm_generation_error"": 229, ""parse_fail"": 4, ""success"": 791}"
focal_v3_e0_t10_g8_Qwen3-1.7B-Base,2,0,1024,64,0.9912109375,1.0,0.0,6.200353738368903,2.3005706404073702,2.3005706404073702,8.065555238095238,2.4699507389162565,4.6541871921182265,2.2413793103448274,3.019704433497537,2.148768472906404,0.02608086384615681,0.32421735205806174,0.49173341524611824,0.671875,0.8563096386305009,0.1960591133004926,2.2211628819669387,3.2104971734630765,"{""llm_generation_error"": 190, ""parse_fail"": 9, ""success"": 825}"
focal_v3_e0_t10_g8_Qwen3-1.7B-Base,3,0,1024,64,0.98828125,1.0,0.0,6.118704205094403,2.371612141132947,2.371612141132947,7.927397546113306,2.501317523056654,4.470355731225297,2.3636363636363638,2.9634387351778657,2.1768774703557314,0.037021181467621005,0.32035553912042086,0.4749588173424481,0.703125,0.8822049972991053,0.18280632411067194,2.4312898265400027,3.4447885188561216,"{""llm_generation_error"": 217, ""parse_fail"": 12, ""success"": 795}"
focal_v3_e0_t10_g8_Qwen3-1.7B-Base,4,0,1024,64,0.9951171875,1.0,0.0,6.3136117871551605,2.5057767358018506,2.5057767358018506,8.119060140660778,2.702715080143932,4.718351324828263,2.5337585868498524,3.2081452404317963,2.366241413150147,0.03284904431709093,0.32200696338159024,0.5069469596290896,0.671875,0.8643830323231646,0.2041216879293425,2.204248294780654,3.3366602978026596,"{""llm_generation_error"": 179, ""parse_fail"": 5, ""success"": 840}"
focal_v3_e0_t10_g8_Qwen3-1.7B-Base,5,0,1024,64,0.9921875,1.0,0.0,6.153669805336821,2.3682684358912973,2.3682684358912973,7.955931217191602,2.5491469816272967,4.515748031496063,2.458169291338583,3.0101377952755906,2.1791338582677167,0.04588911230978931,0.31758185713874026,0.5023279293403718,0.65625,0.8698408522228966,0.1968503937007874,2.3187954791153373,3.361451113797555,"{""llm_generation_error"": 197, ""parse_fail"": 8, ""success"": 819}"
focal_v3_e0_t10_g8_Qwen3-1.7B-Base,6,0,1024,64,0.990234375,1.0,0.0,6.3821223865877625,2.5750442595824663,2.5750442595824663,8.169173060486521,2.8080210387902693,4.850098619329389,2.675542406311637,3.3653846153846154,2.383136094674556,0.03180622942071706,0.32259840584026395,0.5146008331971335,0.53125,0.8131631385898078,0.23471400394477318,2.099205469481209,3.0515902638749783,"{""judge_fail"": 1, ""llm_generation_error"": 153, ""parse_fail"": 9, ""success"": 861}"
focal_v3_e0_t10_g8_Qwen3-1.7B-Base,7,0,1024,64,0.9931640625,1.0,0.0,6.400491904293664,2.6104363383990172,2.6104363383990172,8.200377318911833,2.8007210750573583,4.863323500491642,2.5993117010816125,3.3171091445427727,2.4857423795476894,0.03234417661007271,0.32238126922281657,0.5039760320539513,0.5,0.8144843941033387,0.2222222222222222,1.9633067716566481,3.1924764618559753,"{""llm_generation_error"": 145, ""parse_fail"": 7, ""success"": 872}"
focal_v3_e0_t10_g8_Qwen3-1.7B-Base,8,0,1024,64,0.9912109375,1.0,0.0,6.393081795292818,2.5812546547827013,2.5812546547827013,8.175780328407225,2.8276847290640394,4.829556650246305,2.677832512315271,3.4180295566502465,2.387192118226601,0.032025465559940805,0.3223539784345984,0.5300571765195955,0.5625,0.8108120134044371,0.22364532019704433,1.939339343863208,3.0404758147435986,"{""llm_generation_error"": 142, ""parse_fail"": 9, ""success"": 873}"
focal_v3_e0_t10_g8_Qwen3-1.7B-Base,9,0,1024,64,0.9921875,1.0,0.0,6.419104811898505,2.588152898369841,2.588152898369841,8.230674934383202,2.795964566929134,4.838582677165355,2.587992125984252,3.368799212598425,2.4311023622047245,0.02954485057559863,0.3232738018728687,0.5119925182658226,0.609375,0.8100490720732401,0.23031496062992127,1.8156934131631237,2.8721669244217245,"{""llm_generation_error"": 138, ""parse_fail"": 6, ""render_engine_error"": 2, ""success"": 878}"
focal_v3_e0_t10_g8_Qwen3-1.7B-Base,10,0,1024,64,0.9912109375,1.0,0.0,6.5928900492610705,2.7815237030230087,2.7815237030230087,8.377266108374384,3.024137931034483,5.129064039408867,2.75487684729064,3.6436453201970447,2.6738916256157634,0.030425734947844396,0.32291734102906783,0.5192760604791555,0.578125,0.7938255086680388,0.22758620689655173,1.6988368732366719,2.9446908861584573,"{""judge_fail"": 1, ""llm_generation_error"": 107, ""parse_fail"": 8, ""success"": 908}"
focal_v3_e0_t10_g8_Qwen3-1.7B-Base,11,0,1024,64,0.9921875,1.0,0.0,6.753325940507434,2.966492195489313,2.966492195489313,8.523017125984252,3.2139435695538054,5.344488188976378,2.8991141732283463,3.8278543307086617,2.9148622047244093,0.027446333229571816,0.32403789827036594,0.530978263860306,0.671875,0.8099189040360153,0.21653543307086615,1.501898892756508,3.1832555868143926,"{""llm_generation_error"": 85, ""parse_fail"": 8, ""success"": 931}"
focal_v3_e0_t10_g8_Qwen3-1.7B-Base,12,0,1024,64,0.994140625,1.0,0.0,6.792533944553578,3.142805983256225,3.142805983256225,8.49719973804846,3.383202357563851,5.222003929273084,3.2102161100196462,3.9551080550098234,2.9842829076620827,0.03889310155261367,0.3202834516918214,0.5376837547219968,0.53125,0.7927989959194585,0.22102161100196463,1.5448225265288629,3.2134410539174936,"{""llm_generation_error"": 87, ""parse_fail"": 6, ""success"": 931}"
focal_v3_e0_t10_g8_Qwen3-1.7B-Base,13,0,1024,64,0.9921875,1.0,0.0,6.868667618110225,3.1178624662796626,3.1178624662796626,8.577197621391075,3.4516076115485563,5.2736220472440944,3.3271653543307083,4.082775590551181,2.9448818897637796,0.047499332807361724,0.3169715766355095,0.5653622591765655,0.59375,0.7843921963035786,0.23326771653543307,1.3871792183563452,2.763487280362515,"{""llm_generation_error"": 69, ""parse_fail"": 8, ""success"": 947}"
focal_v3_e0_t10_g8_Qwen3-1.7B-Base,14,0,1024,64,0.9951171875,1.0,0.0,6.947915112855725,3.2823431851775466,3.2823431851775466,8.639111792607132,3.5655217533529604,5.368007850834151,3.3424926398429835,4.177428851815505,3.1766437684003925,0.03328870083557753,0.32216765299590744,0.5557514091910251,0.609375,0.7907070982294591,0.2325809617271835,1.3227834425794753,2.9937983797460848,"{""llm_generation_error"": 64, ""parse_fail"": 5, ""success"": 955}"
focal_v3_e0_t10_g8_Qwen3-1.7B-Base,15,0,1024,64,0.9912109375,1.0,0.0,7.05370252873563,3.5395855751666994,3.5395855751666994,8.669141642036125,3.8228243021346473,5.36551724137931,3.742068965517241,4.361871921182266,3.3645320197044337,0.05332880153931673,0.31547301321970633,0.5449741059083586,0.546875,0.7888434756237674,0.20689655172413793,1.2594727982502203,3.006984542316952,"{""llm_generation_error"": 56, ""parse_fail"": 5, ""render_engine_error"": 4, ""success"": 959}"
focal_v3_e0_t10_g8_Qwen3-1.7B-Base,16,0,1024,64,0.9951171875,1.0,0.0,7.047741674844607,3.517671034394494,3.517671034394494,8.66462854105332,3.8139679424272166,5.426889106967615,3.6631010794896954,4.40883218842002,3.369970559371933,0.0477451105113348,0.3173503641703311,0.5444240663309224,0.609375,0.8027975514168586,0.21099116781157998,1.4005296602895598,3.2422002984502956,"{""llm_generation_error"": 67, ""parse_fail"": 4, ""render_engine_error"": 1, ""success"": 952}"
focal_v3_e0_t10_g8_Qwen3-1.7B-Base,17,0,1024,64,0.99609375,1.0,0.0,7.144085904139434,3.7473038632200018,3.7473038632200018,8.691455653594772,4.049346405228758,5.396078431372549,3.9112745098039214,4.597549019607843,3.6392156862745098,0.07011115830904563,0.30985419443491624,0.5549701068561729,0.53125,0.8119951156656214,0.21176470588235294,1.2994113826855833,3.2425867440270713,"{""llm_generation_error"": 54, ""parse_fail"": 4, ""success"": 966}"
focal_v3_e0_t10_g8_Qwen3-1.7B-Base,18,0,1024,64,0.99609375,1.0,0.0,7.257664705882347,3.936035693027757,3.936035693027757,8.762314052287582,4.248366013071895,5.3803921568627455,4.105098039215686,4.781176470588235,3.8588235294117648,0.09105286915057013,0.30294546418466317,0.5497830564070655,0.640625,0.7860996044732106,0.2196078431372549,1.1242220262518023,2.701777986402866,"{""llm_generation_error"": 47, ""parse_fail"": 4, ""success"": 973}"
focal_v3_e0_t10_g8_Qwen3-1.7B-Base,19,0,1024,64,0.990234375,1.0,0.0,7.244015669515661,3.789388854658302,3.789388854658302,8.803087935568707,4.125871137409599,5.463510848126233,3.911932938856016,4.73836291913215,3.7273175542406314,0.08234486139549706,0.3057481269499624,0.5559425469942916,0.609375,0.8209410554127557,0.1913214990138067,1.2150378881331,2.8192578560629022,"{""llm_generation_error"": 53, ""parse_fail"": 10, ""success"": 961}"
focal_v3_e0_t10_g8_Qwen3-1.7B-Base,20,0,1024,64,0.9951171875,1.0,0.0,7.468374735579534,4.315591987472052,4.315591987472052,8.884554252535166,4.636015701668303,5.558390578999019,4.483316977428852,5.164671246319922,4.260058881256134,0.10058415012884227,0.29974414525375104,0.5413896560071823,0.640625,0.8013500447892296,0.1844946025515211,0.9431807410149905,2.693301774448346,"{""llm_generation_error"": 31, ""parse_fail"": 5, ""success"": 988}"
focal_v3_e0_t10_g8_Qwen3-1.7B-Base,21,0,1024,64,0.99609375,1.0,0.0,7.43027928104575,4.164952607245831,4.164952607245831,8.875549640522875,4.539738562091504,5.603921568627451,4.371274509803921,5.157254901960785,4.090686274509804,0.09579294873320947,0.3013828319461229,0.5756280817377134,0.546875,0.7904641855361367,0.2,0.9374130784974296,2.549686646539992,"{""llm_generation_error"": 34, ""parse_fail"": 4, ""success"": 986}"
focal_v3_e0_t10_g8_Qwen3-1.7B-Base,22,0,1024,64,0.998046875,1.0,0.0,7.598889954337896,4.461693088335086,4.461693088335086,8.978390378343118,4.839889106327463,5.716242661448141,4.697162426614481,5.395401174168298,4.427103718199609,0.1330700461096894,0.2888540975675764,0.5755310830682073,0.5625,0.7887890755711151,0.19471624266144813,0.7696368834502886,2.6241563140602513,"{""llm_generation_error"": 19, ""parse_fail"": 2, ""success"": 1003}"
focal_v3_e0_t10_g8_Qwen3-1.7B-Base,23,0,1024,64,0.9951171875,1.0,0.0,7.682439570384904,4.792052564899153,4.792052564899153,8.985762724893684,5.0757932613673535,5.699705593719333,4.979391560353288,5.469578017664377,4.778410206084397,0.15554618931371209,0.281411008254783,0.5387537250670158,0.640625,0.8312207125468744,0.1452404317958783,0.7467901203666406,2.525267998623943,"{""llm_generation_error"": 16, ""parse_fail"": 5, ""success"": 1003}"
focal_v3_e0_t10_g8_Qwen3-1.7B-Base,24,0,1024,64,0.994140625,1.0,0.0,7.673677788692422,4.692715626724801,4.692715626724801,8.97446560248854,5.072102161100196,5.675834970530452,4.936345776031434,5.520628683693517,4.759332023575639,0.17547417419886163,0.27477526937624247,0.567425968129962,0.5625,0.8033677729029297,0.16797642436149313,0.712367041539508,2.3335358945172535,"{""llm_generation_error"": 17, ""parse_fail"": 6, ""success"": 1001}"
focal_v3_e0_t10_g8_Qwen3-1.7B-Base,25,0,1024,64,0.9912109375,1.0,0.0,7.680491461412143,4.705558861519434,4.705558861519434,8.98086855500821,5.079737274220033,5.6630541871921185,4.908768472906403,5.556748768472906,4.773694581280789,0.17452956620726928,0.27502711833128607,0.5676206379126871,0.625,0.7869686830012379,0.2147783251231527,0.6233473104234994,2.273213775543761,"{""llm_generation_error"": 13, ""parse_fail"": 9, ""success"": 1002}"
focal_v3_e0_t10_g8_Qwen3-1.7B-Base,26,0,1024,64,0.9892578125,1.0,0.0,7.7038309751014555,4.775189991692798,4.775189991692798,8.984456564659427,5.1425797959855215,5.699901283316881,4.997334649555775,5.640473840078974,4.789930898321816,0.17007770009801942,0.27627490889911527,0.5483102396235504,0.5625,0.8217185925410985,0.16781836130306022,0.7372616931931962,2.468216994739296,"{""llm_generation_error"": 17, ""parse_fail"": 11, ""success"": 996}"
focal_v3_e0_t10_g8_Qwen3-1.7B-Base,27,0,1024,64,0.994140625,1.0,0.0,7.795720716000867,4.971981774555599,4.971981774555599,9.016714669286182,5.353732809430255,5.721021611001965,5.2454813359528485,5.827013752455796,4.988703339882122,0.19488892052466072,0.268336035721004,0.5689409987966888,0.703125,0.8303865328224955,0.16601178781925344,0.6486192028658303,2.210759789862298,"{""llm_generation_error"": 13, ""parse_fail"": 6, ""success"": 1005}"
focal_v3_e0_t10_g8_Qwen3-1.7B-Base,28,0,1024,64,0.994140625,1.0,0.0,7.801231128574549,4.909439575266054,4.909439575266054,9.01959390962672,5.3645055664702035,5.81139489194499,5.157465618860511,5.874165029469549,5.06188605108055,0.1933032013702544,0.26383586088594974,0.5891514237204586,0.484375,0.8274574849054313,0.16208251473477406,0.65281080714431,2.396302815769293,"{""llm_generation_error"": 14, ""parse_fail"": 6, ""success"": 1004}"
focal_v3_e0_t10_g8_Qwen3-1.7B-Base,29,0,1024,64,0.98828125,1.0,0.0,7.859424912165123,5.056549871643233,5.056549871643233,9.041887697628459,5.494499341238472,5.895256916996048,5.412351778656126,5.976778656126483,5.094367588932807,0.2174479320229852,0.2607060249750539,0.5817667719757116,0.609375,0.7923188965958834,0.16996047430830039,0.7044017564655559,2.368606867743413,"{""llm_generation_error"": 17, ""parse_fail"": 11, ""render_engine_error"": 1, ""success"": 995}"
focal_v3_e0_t10_g8_Qwen3-1.7B-Base,30,0,1024,64,0.98828125,1.0,0.0,7.938711627140966,5.145497344560689,5.145497344560689,9.091845438076417,5.632444005270092,5.924901185770751,5.521739130434782,6.104347826086957,5.271245059288537,0.22139774035025162,0.25937503669520373,0.5951885991533696,0.625,0.7955676220226371,0.19367588932806323,0.5508082345500077,2.0130352968354304,"{""llm_generation_error"": 11, ""parse_fail"": 12, ""success"": 1001}"
focal_v3_e0_t10_g8_Qwen3-1.7B-Base,31,0,1024,64,0.9921875,1.0,0.0,7.9781140857392785,5.2208551089163215,5.2208551089163215,9.080655380577427,5.773031496062992,5.874015748031496,5.636023622047244,6.2623031496063,5.420767716535433,0.26821812477365475,0.24334189154440056,0.6296110609353485,0.53125,0.7845161493803364,0.18700787401574803,0.6220140297538873,2.297959818495543,"{""llm_generation_error"": 13, ""parse_fail"": 8, ""success"": 1003}"
focal_v3_e0_t10_g8_Qwen3-1.7B-Base,32,0,1024,64,0.998046875,1.0,0.0,7.973404435746896,5.152457365692991,5.152457365692991,9.08867808219178,5.742857142857143,5.802348336594912,5.632778864970645,6.231311154598826,5.364481409001957,0.28940962159600553,0.2362246657611248,0.6268035457089353,0.71875,0.8038187830204313,0.19373776908023482,0.5471070911872595,2.233406774852964,"{""llm_generation_error"": 8, ""parse_fail"": 2, ""success"": 1014}"
focal_v3_e0_t10_g8_Qwen3-1.7B-Base,33,0,1024,64,0.98828125,1.0,0.0,8.072960880544581,5.4590059401616715,5.4590059401616715,9.083486116600792,6.051910408432147,5.966403162055336,6.030335968379447,6.36897233201581,5.756422924901186,0.3596393871208139,0.21326741449272246,0.6429515037263563,0.6875,0.804894548583086,0.18379446640316205,0.6333415202761501,2.1195558016372553,"{""llm_generation_error"": 13, ""parse_fail"": 10, ""render_engine_error"": 2, ""success"": 999}"
focal_v3_e0_t10_g8_Qwen3-1.7B-Base,34,0,1024,64,0.9892578125,1.0,0.0,8.11671410551717,5.663679819721321,5.663679819721321,9.067568690358671,6.2150049358341555,5.988153998025666,6.171273445212241,6.532971372161896,5.940769990128332,0.3824683379746655,0.2028273159427768,0.6163688730258652,0.5625,0.8035327496486541,0.1855873642645607,0.5816457160071464,2.0427472207089035,"{""llm_generation_error"": 11, ""parse_fail"": 11, ""success"": 1002}"
focal_v3_e0_t10_g8_Qwen3-1.7B-Base,35,0,1024,64,0.9931640625,1.0,0.0,8.118102633016496,5.4421436122251805,5.4421436122251805,9.151785217961324,6.050737463126843,6.055063913470993,5.8977384464110125,6.4830875122910525,5.771386430678466,0.32691897122995806,0.22433812171799236,0.6397065898557597,0.609375,0.8027444550258472,0.19370698131760078,0.5726111263195095,2.0498260413814253,"{""llm_generation_error"": 11, ""parse_fail"": 7, ""success"": 1006}"
focal_v3_e0_t10_g8_Qwen3-1.7B-Base,36,0,1024,64,0.990234375,1.0,0.0,8.196272123602885,5.486721138474126,5.486721138474126,9.21000647600263,6.168803418803418,6.256410256410256,6.057889546351085,6.674852071005917,5.773668639053255,0.30067598833803527,0.23309124077593255,0.7002747393739215,0.59375,0.7821931365647109,0.22386587771203156,0.49888452687955215,2.2558795478173135,"{""llm_generation_error"": 9, ""parse_fail"": 10, ""success"": 1005}"
focal_v3_e0_t10_g8_Qwen3-1.7B-Base,37,0,1024,64,0.9931640625,1.0,0.0,8.21905685567574,5.510925329050786,5.510925329050786,9.21722835136021,6.222713864306786,6.163225172074729,6.136381514257621,6.673058013765979,5.858702064896756,0.335632023001913,0.22144854597521038,0.6845754240591038,0.53125,0.8009133285015417,0.19567354965585054,0.3631827618518614,1.7639523271265047,"{""llm_generation_error"": 3, ""parse_fail"": 7, ""success"": 1014}"
focal_v3_e0_t10_g8_Qwen3-1.7B-Base,38,0,1024,64,0.994140625,1.0,0.0,8.355742774503387,5.944534751703114,5.944534751703114,9.21164297642436,6.643942370661428,6.229862475442043,6.592829076620825,6.928880157170924,6.410117878192534,0.46066623297192616,0.1795112657703717,0.671454965477742,0.59375,0.7975567728096737,0.1974459724950884,0.3498028965857925,1.6337932719875414,"{""llm_generation_error"": 3, ""parse_fail"": 6, ""success"": 1015}"
focal_v3_e0_t10_g8_Qwen3-1.7B-Base,39,0,1024,64,0.994140625,1.0,0.0,8.361950916830386,6.000124612987614,6.000124612987614,9.188735150622135,6.70838244924689,6.2907662082514735,6.646070726915521,7.03212180746562,6.446954813359529,0.45972054503465665,0.17805891802137327,0.6753277640188894,0.640625,0.7874404145537582,0.20235756385068762,0.3259359838078939,1.6014204811939354,"{""llm_generation_error"": 3, ""parse_fail"": 6, ""success"": 1015}"
focal_v3_e0_t10_g8_Qwen3-1.7B-Base,40,0,1024,64,0.9931640625,1.0,0.0,8.324165945591616,5.7737425017742865,5.7737425017742865,9.195245968534906,6.582005899705014,6.2812192723697144,6.45575221238938,6.948377581120944,6.34188790560472,0.4151707793124553,0.19408094643271934,0.7194385357257382,0.59375,0.7813340104432422,0.21042281219272368,0.42021405284136193,1.8368879436096903,"{""llm_generation_error"": 7, ""parse_fail"": 7, ""success"": 1010}"
focal_v3_e0_t10_g8_Qwen3-1.7B-Base,41,0,1024,64,0.9951171875,1.0,0.0,8.403263842547164,5.961532503785137,5.961532503785137,9.253243817468105,6.703303892705267,6.384690873405299,6.575073601570167,7.080961727183514,6.45387634936212,0.4278468166487776,0.1903086620126709,0.6961206254703841,0.609375,0.7933022150351613,0.21884200196270853,0.2891801084151178,1.663257782315716,"{""llm_generation_error"": 1, ""parse_fail"": 5, ""success"": 1018}"
focal_v3_e0_t10_g8_Qwen3-1.7B-Base,42,0,1024,64,0.990234375,1.0,0.0,8.435757922419466,6.054725164391654,6.054725164391654,9.237101709401708,6.833070348454964,6.351084812623274,6.73767258382643,7.144181459566075,6.617357001972387,0.4691982501969679,0.17687489030379008,0.6944794654846068,0.59375,0.7955108805675194,0.1854043392504931,0.3314526335200567,1.776814396197647,"{""llm_generation_error"": 3, ""parse_fail"": 10, ""success"": 1011}"
focal_v3_e0_t10_g8_Qwen3-1.7B-Base,43,0,1024,64,0.9951171875,1.0,0.0,8.430636593610286,5.990998538798324,5.990998538798324,9.236664736669939,6.818580307491005,6.402355250245338,6.634641805691855,7.165063788027479,6.65603532875368,0.4519972428360631,0.18248324229042656,0.7051230004599013,0.671875,0.7429984533007767,0.23159960745829244,0.2651177507864999,1.644351522356769,"{""llm_generation_error"": 1, ""parse_fail"": 5, ""success"": 1018}"
focal_v3_e0_t10_g8_Qwen3-1.7B-Base,44,0,1024,64,0.9873046875,1.0,0.0,8.467111330915476,6.123649628739133,6.123649628739133,9.220416419386746,6.960501153972964,6.39564787339268,6.996735905044511,7.208407517309595,6.676360039564788,0.5291673893746908,0.15665623797477532,0.7396778501775401,0.5,0.7644741741985364,0.2433234421364985,0.3328972795378744,1.7513662459702202,"{""llm_generation_error"": 4, ""parse_fail"": 13, ""success"": 1007}"
focal_v3_e0_t10_g8_Qwen3-1.7B-Base,45,0,1024,64,0.9814453125,1.0,0.0,8.456388081813158,5.986569135020185,5.986569135020185,9.238147628524045,6.892868988391377,6.411940298507463,6.734129353233831,7.303184079601991,6.641293532338309,0.42980757695447425,0.18820112948979384,0.7322750499307343,0.5625,0.766333711583144,0.23781094527363184,0.3283503407248132,1.604889337061815,"{""llm_generation_error"": 4, ""parse_fail"": 7, ""render_engine_error"": 12, ""success"": 1001}"
focal_v3_e0_t10_g8_Qwen3-1.7B-Base,46,0,1024,64,0.9873046875,1.0,0.0,8.48899749423014,6.147905586751148,6.147905586751148,9.247212034289483,6.97256841411144,6.439169139465875,6.851137487636004,7.279821958456974,6.786745796241345,0.505503380350187,0.1646297589903372,0.7182400754552781,0.484375,0.7481424820473033,0.24629080118694363,0.3022000592413188,1.5877814195034532,"{""llm_generation_error"": 3, ""parse_fail"": 13, ""success"": 1008}"
focal_v3_e0_t10_g8_Qwen3-1.7B-Base,47,0,1024,64,0.9912109375,1.0,0.0,8.618094241926654,6.3567126440449595,6.3567126440449595,9.26939095238095,7.3155008210180625,6.4985221674876845,7.258916256157636,7.45064039408867,7.236945812807882,0.6030023755768524,0.1281370115096234,0.7611866983210651,0.6875,0.8135481663926832,0.2374384236453202,0.2341232857880092,1.6495179793042651,"{""llm_generation_error"": 1, ""parse_fail"": 9, ""success"": 1014}"
focal_v3_e0_t10_g8_Qwen3-1.7B-Base,48,0,1024,64,0.9921875,1.0,0.0,8.586868143044605,6.155449384882471,6.155449384882471,9.280203789370079,7.200196850393701,6.4763779527559056,7.100196850393701,7.451181102362205,7.049212598425197,0.562760019159996,0.1456243389706039,0.7956025356957563,0.625,0.8102368913241412,0.2204724409448819,0.2902862814984994,1.7029000199921898,"{""llm_generation_error"": 4, ""parse_fail"": 8, ""success"": 1012}"
focal_v3_e0_t10_g8_Qwen3-1.7B-Base,49,0,1024,64,0.986328125,1.0,0.0,8.55730235423543,6.341010883919639,6.341010883919639,9.262851221122112,7.146204620462046,6.5089108910891085,7.002376237623763,7.413267326732674,7.022970297029703,0.5512944889089012,0.14933481422802578,0.7175810950701845,0.71875,0.7849225540652992,0.24356435643564356,0.27044225290429225,1.4599238436275501,"{""llm_generation_error"": 1, ""parse_fail"": 14, ""success"": 1009}"
focal_v3_e0_t10_g8_Qwen3-1.7B-Base,50,0,1024,64,0.990234375,1.0,0.0,8.625083453868069,6.345649122179401,6.345649122179401,9.308499605522682,7.258251150558842,6.670611439842209,7.005818540433925,7.565976331360947,7.202958579881657,0.5430685137646826,0.1522233650888545,0.7628719438172807,0.640625,0.7701645743617794,0.23865877712031558,0.18518492325097277,1.4494659521722972,"{""parse_fail"": 10, ""success"": 1014}"
focal_v3_e0_t10_g8_Qwen3-1.7B-Base,51,0,1024,64,0.9931640625,1.0,0.0,8.639240467606244,6.48709780106144,6.48709780106144,9.322954441166832,7.271812520485086,6.747295968534907,7.12094395280236,7.564700098328417,7.129793510324483,0.48954601801539155,0.1692550904934705,0.7177184930652369,0.640625,0.7870757375433636,0.22025565388397247,0.18534069487687738,1.3721430372864452,"{""parse_fail"": 7, ""success"": 1017}"
focal_v3_e0_t10_g8_Qwen3-1.7B-Base,52,0,1024,64,0.990234375,1.0,0.0,8.625594170501866,6.394016968520942,6.394016968520942,9.325126955950031,7.226528599605523,6.775147928994083,7.075246548323472,7.474161735700197,7.1301775147929,0.4984761121259552,0.1668784065023067,0.7411761840148957,0.609375,0.7743629811871058,0.2534516765285996,0.2638117715804585,1.759913872060953,"{""llm_generation_error"": 2, ""parse_fail"": 10, ""success"": 1012}"
focal_v3_e0_t10_g8_Qwen3-1.7B-Base,53,0,1024,64,0.9921875,1.0,0.0,8.622033541119874,6.431173472719133,6.431173472719133,9.29305687335958,7.279986876640419,6.671259842519685,7.128641732283464,7.524114173228346,7.187204724409448,0.519161538925279,0.1599088408325021,0.7516133402098756,0.609375,0.7712844690283385,0.25196850393700787,0.28243800931093105,1.550993085392843,"{""llm_generation_error"": 3, ""parse_fail"": 8, ""success"": 1013}"
focal_v3_e0_t10_g8_Qwen3-1.7B-Base,54,0,1024,64,0.9931640625,1.0,0.0,8.64355314104665,6.497980783157168,6.497980783157168,9.320147803998688,7.290363815142577,6.784660766961652,7.152802359882005,7.548672566371683,7.169616519174041,0.5051835207061893,0.16490965982909542,0.731892545027532,0.640625,0.7675116307020073,0.2359882005899705,0.2165385376207923,1.3950824275160696,"{""llm_generation_error"": 1, ""parse_fail"": 7, ""success"": 1016}"
focal_v3_e0_t10_g8_Qwen3-1.7B-Base,55,0,1024,64,0.9853515625,1.0,0.0,8.71200443783725,6.71528127360941,6.71528127360941,9.327075041295013,7.481863230921705,6.9236868186323095,7.35609514370664,7.645292368681863,7.44420218037661,0.5466093283293533,0.14944603255938807,0.7357967372992275,0.734375,0.7874054182709191,0.2398414271555996,0.20615849252581211,1.4619242642593737,"{""llm_generation_error"": 1, ""parse_fail"": 15, ""success"": 1008}"
focal_v3_e0_t10_g8_Qwen3-1.7B-Base,56,0,1024,64,0.990234375,1.0,0.0,8.69076892395353,6.5967383236581965,6.5967383236581965,9.340180341880343,7.391946088099935,6.798816568047338,7.286883629191321,7.659171597633137,7.229783037475345,0.49865971076085003,0.16703231212290337,0.7300283301515298,0.78125,0.8217610137719047,0.21104536489151873,0.20673458362263433,1.3554469648177208,"{""llm_generation_error"": 2, ""parse_fail"": 7, ""render_engine_error"": 3, ""success"": 1012}"
focal_v3_e0_t10_g8_Qwen3-1.7B-Base,57,0,1024,64,0.990234375,1.0,0.0,8.71003183212798,6.710864878697743,6.710864878697743,9.338962935568704,7.452169625246548,6.958579881656805,7.378303747534517,7.6863905325443795,7.291814595660749,0.48648075239230065,0.17053276344978993,0.7191332856236913,0.65625,0.7663745334710628,0.2406311637080868,0.16932895986858992,1.2921042295564398,"{""parse_fail"": 10, ""success"": 1014}"
focal_v3_e0_t10_g8_Qwen3-1.7B-Base,58,0,1024,64,0.9921875,1.0,0.0,8.646784864391952,6.539612407355765,6.539612407355765,9.336269816272965,7.267814960629921,6.946850393700787,7.076968503937008,7.624015748031497,7.10246062992126,0.45628470372204916,0.18076915203350274,0.7200242812256514,0.609375,0.7815709510036595,0.21653543307086615,0.2599900073578864,1.4342466184527631,"{""llm_generation_error"": 3, ""parse_fail"": 8, ""success"": 1013}"
focal_v3_e0_t10_g8_Qwen3-1.7B-Base,59,0,1024,64,0.986328125,1.0,0.0,8.764612200220025,6.746637083444164,6.746637083444164,9.337116320132013,7.619603960396039,6.932673267326733,7.486732673267327,7.73,7.642079207920792,0.597124051785043,0.13357643488737103,0.7956304972101257,0.5625,0.7855476928895483,0.2495049504950495,0.239246176909066,1.587731939693117,"{""llm_generation_error"": 1, ""parse_fail"": 13, ""render_engine_error"": 1, ""success"": 1009}"
focal_v3_e0_t10_g8_Qwen3-1.7B-Base,60,0,1024,64,0.9892578125,1.0,0.0,8.741965953712862,6.842331348221023,6.842331348221023,9.336130898321818,7.553636064494899,7.064165844027641,7.437117472852912,7.771174728529122,7.452615992102666,0.5206204537397643,0.1590215405432713,0.7126864105808385,0.75,0.806167186293231,0.22309970384995065,0.34349645264333306,1.6718498797056631,"{""llm_generation_error"": 6, ""parse_fail"": 11, ""success"": 1007}"
focal_v3_e0_t10_g8_Qwen3-1.7B-Base,61,0,1024,64,0.99609375,1.0,0.0,8.740431633986907,6.736305924068163,6.736305924068163,9.35388274509804,7.513529411764705,7.045098039215686,7.400490196078431,7.769019607843138,7.371078431372549,0.4829163889841657,0.17192733059682844,0.7352459675008265,0.625,0.7442311815619752,0.23823529411764705,0.2654792329976953,1.4877608992415714,"{""llm_generation_error"": 4, ""parse_fail"": 4, ""success"": 1016}"
focal_v3_e0_t10_g8_Qwen3-1.7B-Base,62,0,1024,64,0.9931640625,1.0,0.0,8.769332557631376,6.769390846434903,6.769390846434903,9.359161078334973,7.589675516224189,7.095378564405113,7.434611602753196,7.799016715830876,7.535398230088496,0.49515761130305785,0.16696953917951096,0.7808387341446565,0.75,0.779627788040311,0.23303834808259588,0.22916211077730994,1.4432627095122517,"{""llm_generation_error"": 3, ""parse_fail"": 5, ""render_engine_error"": 2, ""success"": 1014}"
focal_v3_e0_t10_g8_Qwen3-1.7B-Base,63,0,1024,64,0.98828125,1.0,0.0,8.779816567852452,6.833419897790319,6.833419897790319,9.38085792160738,7.5777338603425575,7.124505928853755,7.402470355731226,7.764525691699605,7.566205533596838,0.5213453467375248,0.1590069470639059,0.7352873549034935,0.6875,0.8024863233142826,0.24011857707509882,0.18369122588967826,1.41712596945161,"{""parse_fail"": 12, ""success"": 1012}"
focal_v3_e0_t10_g8_Qwen3-1.7B-Base,64,0,1024,64,0.98828125,1.0,0.0,8.781295619235838,6.783323877270657,6.783323877270657,9.356857789855074,7.630171277997365,7.049407114624506,7.509584980237154,7.796245059288538,7.584683794466403,0.577951220587782,0.14045010124474963,0.7811875923356345,0.65625,0.7585663567284922,0.26778656126482214,0.20912115728311004,1.4141229801211979,"{""llm_generation_error"": 1, ""parse_fail"": 12, ""success"": 1011}"
focal_v3_e0_t10_g8_Qwen3-1.7B-Base,65,0,1024,64,0.9873046875,1.0,0.0,8.778342488185515,6.9038302870459365,6.9038302870459365,9.389224909330695,7.556577645895153,7.236399604352127,7.436003956478734,7.831157270029673,7.402571711177052,0.4145683658173665,0.18544258387578028,0.7099814834520636,0.765625,0.8104020961958254,0.19287833827893175,0.2640170380421705,1.5640210213429389,"{""llm_generation_error"": 3, ""parse_fail"": 11, ""render_engine_error"": 2, ""success"": 1008}"
focal_v3_e0_t10_g8_Qwen3-1.7B-Base,66,0,1024,64,0.9912109375,1.0,0.0,8.746686382047063,6.832634842277736,6.832634842277736,9.372459786535304,7.495139573070607,7.164532019704433,7.297832512315271,7.80857142857143,7.379014778325123,0.41636309571142033,0.18981014260769236,0.7075393717688704,0.65625,0.7884993406549504,0.22364532019704433,0.22165558367275542,1.3255413846433972,"{""llm_generation_error"": 2, ""parse_fail"": 9, ""success"": 1013}"
focal_v3_e0_t10_g8_Qwen3-1.7B-Base,67,0,1024,64,0.9765625,1.0,0.0,8.772020388888881,6.889771477003623,6.889771477003623,9.395480583333333,7.525100000000001,7.252,7.368,7.758800000000001,7.4485,0.4405567495733248,0.18588613467059703,0.6980223771739482,0.78125,0.8037238671679958,0.211,0.2167594971454745,1.3882245819735886,"{""llm_generation_error"": 1, ""parse_fail"": 24, ""success"": 999}"
focal_v3_e0_t10_g8_Qwen3-1.7B-Base,68,0,1024,64,0.982421875,1.0,0.0,8.804696432516012,6.946956871826905,6.946956871826905,9.399639082173627,7.614811133200796,7.242544731610338,7.4510934393638175,7.791252485089463,7.602087475149105,0.4741455594599244,0.17410292145133277,0.7316258512185044,0.65625,0.7889341734013835,0.23757455268389663,0.264828801631596,1.6663451251548627,"{""llm_generation_error"": 2, ""parse_fail"": 11, ""render_engine_error"": 7, ""success"": 1004}"
focal_v3_e0_t10_g8_Qwen3-1.7B-Base,69,0,1024,64,0.9921875,1.0,0.0,8.781949475065622,6.849075628869377,6.849075628869377,9.395119094488189,7.555610236220473,7.297244094488189,7.371751968503937,7.860826771653544,7.434251968503937,0.4360624854799202,0.18677109398251668,0.7422992887367869,0.765625,0.8069577548716456,0.21751968503937008,0.2370967418653771,1.5170252730695766,"{""llm_generation_error"": 2, ""parse_fail"": 8, ""success"": 1014}"
focal_v3_e0_t10_g8_Qwen3-1.7B-Base,70,0,1024,64,0.9912109375,1.0,0.0,8.839778752052547,7.078292813821838,7.078292813821838,9.39971738916256,7.719901477832512,7.320197044334975,7.571034482758621,7.948275862068966,7.640394088669951,0.4820476027413786,0.17089781187880626,0.7185720415030185,0.671875,0.7760082219705421,0.20886699507389161,0.18980377699338674,1.355741396600933,"{""llm_generation_error"": 1, ""parse_fail"": 8, ""render_engine_error"": 1, ""success"": 1014}"
focal_v3_e0_t10_g8_Qwen3-1.7B-Base,71,0,1024,64,0.986328125,1.0,0.0,8.846984917491746,6.984630393053404,6.984630393053404,9.412325561056106,7.716303630363036,7.267326732673268,7.637623762376237,7.93950495049505,7.571782178217822,0.5257010979060619,0.1579766123479651,0.7535002833913925,0.703125,0.7880332094098678,0.2188118811881188,0.18556036019111397,1.417560032546845,"{""llm_generation_error"": 1, ""parse_fail"": 10, ""render_engine_error"": 4, ""success"": 1009}"
focal_v3_e0_t10_g8_Qwen3-1.7B-Base,72,0,1024,64,0.9794921875,1.0,0.0,8.850957859754084,7.175970371960056,7.175970371960056,9.413326121635096,7.726221335992023,7.371884346959122,7.666001994017946,7.885044865403789,7.627617148554337,0.4725888735805642,0.1747025880002164,0.6745121383033927,0.671875,0.7877689773310256,0.19541375872382852,0.22036969874884763,1.2718986212087742,"{""llm_generation_error"": 1, ""parse_fail"": 19, ""render_engine_error"": 2, ""success"": 1002}"
focal_v3_e0_t10_g8_Qwen3-1.7B-Base,73,0,1024,64,0.98046875,1.0,0.0,8.879257060646298,7.190131483088982,7.190131483088982,9.406036985391767,7.825697211155379,7.3585657370517925,7.779183266932271,7.937250996015937,7.7606573705179285,0.5301510947841442,0.15399982952954397,0.7258661128865858,0.765625,0.7839235293812864,0.22111553784860558,0.2117523969569103,1.3498876405243483,"{""llm_generation_error"": 2, ""parse_fail"": 14, ""render_engine_error"": 6, ""success"": 1002}"
focal_v3_e0_t10_g8_Qwen3-1.7B-Base,74,0,1024,64,0.9853515625,1.0,0.0,8.889641129831514,7.200447455497957,7.200447455497957,9.442786769078296,7.783349851337959,7.450941526263628,7.697720515361745,8.014568880079286,7.637760158572845,0.43388559929311465,0.18780603440754073,0.6940742276186136,0.71875,0.7656791614938795,0.2319127849355798,0.2453494850049667,1.3384996227786723,"{""llm_generation_error"": 3, ""parse_fail"": 15, ""success"": 1006}"
focal_v3_e0_t10_g8_Qwen3-1.7B-Base,75,0,1024,64,0.986328125,1.0,0.0,8.88591607260727,7.108852318238854,7.108852318238854,9.44785100660066,7.762046204620462,7.445544554455446,7.6138613861386135,8.035643564356436,7.636633663366337,0.4444772669176077,0.18305705768793656,0.7214532473410327,0.734375,0.8034358682065671,0.19504950495049506,0.1899422122864057,1.3127946700587652,"{""llm_generation_error"": 1, ""parse_fail"": 14, ""success"": 1009}"
focal_v3_e0_t10_g8_Qwen3-1.7B-Base,76,0,1024,64,0.9833984375,1.0,0.0,8.861907469932708,7.115837250752956,7.115837250752956,9.430448096656738,7.724826216484608,7.416087388282026,7.587686196623634,7.980834160873884,7.605958291956306,0.4483195542471422,0.18328228060240484,0.7180151619660052,0.625,0.7673675445323036,0.2333664349553128,0.1788506858443112,1.128871621359869,"{""llm_generation_error"": 1, ""parse_fail"": 9, ""render_engine_error"": 8, ""success"": 1006}"
focal_v3_e0_t10_g8_Qwen3-1.7B-Base,77,0,1024,64,0.978515625,1.0,0.0,8.875893390995781,7.134025296247907,7.134025296247907,9.459432235528942,7.708815701929474,7.437125748502994,7.514970059880239,7.9176646706586835,7.693812375249501,0.45341799882083766,0.18061591258902474,0.690148499546201,0.71875,0.8104269946309568,0.2125748502994012,0.18708594421257307,1.2249227021296594,"{""parse_fail"": 22, ""success"": 1002}"
focal_v3_e0_t10_g8_Qwen3-1.7B-Base,78,0,1024,64,0.984375,1.0,0.0,8.900411992945333,7.129762047881791,7.129762047881791,9.447989021164021,7.805257936507938,7.386904761904762,7.73015873015873,8.049503968253969,7.636111111111111,0.475781984814976,0.17465451352345496,0.7505575173965804,0.71875,0.7705431039104921,0.23214285714285715,0.16384608299361011,1.268106389492691,"{""llm_generation_error"": 1, ""parse_fail"": 15, ""render_engine_error"": 1, ""success"": 1007}"
focal_v3_e0_t10_g8_Qwen3-1.7B-Base,79,0,1024,64,0.994140625,1.0,0.0,8.86600639598342,7.035548342262449,7.035548342262449,9.454379600523904,7.689259986902424,7.447937131630648,7.49607072691552,8.012278978388998,7.55943025540275,0.4075757419196877,0.19623004928705554,0.736358721303521,0.65625,0.7781567632864012,0.20530451866404714,0.1923461495456496,1.287474130824712,"{""llm_generation_error"": 1, ""parse_fail"": 6, ""success"": 1017}"
focal_v3_e0_t10_g8_Qwen3-1.7B-Base,80,0,1024,64,0.98828125,1.0,0.0,8.941689898989912,7.2019447020652905,7.2019447020652905,9.470950527009224,7.883168642951251,7.428853754940712,7.774703557312253,8.035869565217391,7.83893280632411,0.5217064101026566,0.15869370142810746,0.7521992289313872,0.6875,0.8467788315757289,0.17490118577075098,0.17077723880897114,1.3490717761618876,"{""parse_fail"": 10, ""render_engine_error"": 2, ""success"": 1012}"
focal_v3_e0_t10_g8_Qwen3-1.7B-Base,81,0,1024,64,0.984375,1.0,0.0,8.935235273368606,7.306993542396125,7.306993542396125,9.466063888888888,7.873578042328043,7.484126984126984,7.811309523809524,8.093650793650793,7.715773809523809,0.4702040538589319,0.17586353123674817,0.6996633845181458,0.671875,0.7987400265805769,0.19345238095238096,0.18367509833479076,1.1637294883881846,"{""llm_generation_error"": 2, ""parse_fail"": 16, ""success"": 1006}"
focal_v3_e0_t10_g8_Qwen3-1.7B-Base,82,0,1024,64,0.9873046875,1.0,0.0,8.974752126607324,7.303986208600861,7.303986208600861,9.50058846027036,7.92307945928124,7.6083086053412465,7.883580613254204,8.105835806132543,7.7798219584569726,0.467871405195082,0.1773331957792533,0.7561296560850371,0.6875,0.8091409744295691,0.22551928783382788,0.15811444361956623,1.100186869794063,"{""llm_generation_error"": 1, ""parse_fail"": 13, ""success"": 1010}"
focal_v3_e0_t10_g8_Qwen3-1.7B-Base,83,0,1024,64,0.9873046875,1.0,0.0,8.935688724035598,7.249773423040956,7.249773423040956,9.479959066930432,7.847148038245962,7.546983184965381,7.689515331355095,8.081899109792285,7.770029673590504,0.4609577831970964,0.17602752486370524,0.7450314867043729,0.78125,0.8093882303029121,0.19584569732937684,0.16021240411991627,1.200947011169425,"{""llm_generation_error"": 1, ""parse_fail"": 10, ""render_engine_error"": 3, ""success"": 1010}"
focal_v3_e0_t10_g8_Qwen3-1.7B-Base,84,0,1024,64,0.9873046875,1.0,0.0,8.891727178810852,7.063763055295357,7.063763055295357,9.441052687108474,7.793076162215628,7.388724035608309,7.690504451038576,8.074975272007913,7.6137487636003955,0.47307464185167847,0.1752975003402526,0.7512291496771383,0.53125,0.7934352474566143,0.2195845697329377,0.20425200992300527,1.1409081567186259,"{""llm_generation_error"": 2, ""parse_fail"": 8, ""render_engine_error"": 5, ""success"": 1009}"
focal_v3_e0_t10_g8_Qwen3-1.7B-Base,85,0,1024,64,0.9853515625,1.0,0.0,8.95406635833058,7.261665176835432,7.261665176835432,9.493075090849027,7.87604889329369,7.528245787908821,7.775024777006937,8.130128840436075,7.722993062438057,0.4506829029060351,0.18143778546601733,0.7415890081111692,0.65625,0.8178591253318207,0.2051536174430129,0.15004409641046912,1.0961029842362315,"{""llm_generation_error"": 1, ""parse_fail"": 13, ""render_engine_error"": 2, ""success"": 1008}"
focal_v3_e0_t10_g8_Qwen3-1.7B-Base,86,0,1024,64,0.986328125,1.0,0.0,8.967729581958205,7.3433086487779,7.3433086487779,9.508409554455445,7.886369636963696,7.584158415841584,7.757425742574258,8.082673267326733,7.819009900990099,0.44328791988301613,0.18523316087562033,0.6869753501655749,0.75,0.8064785804575727,0.2,0.16887983529146997,1.2040724787765538,"{""parse_fail"": 10, ""render_engine_error"": 4, ""success"": 1010}"
focal_v3_e0_t10_g8_Qwen3-1.7B-Base,87,0,1024,64,0.9892578125,1.0,0.0,8.966934024350108,7.2771553245866825,7.2771553245866825,9.508068032247449,7.884666008555446,7.549851924975321,7.771174728529122,8.143731490621915,7.739091806515301,0.43790532961460715,0.18729845048787722,0.7111648895785158,0.765625,0.8308578530605861,0.20927936821322804,0.14157634631413266,1.0037885710026642,"{""llm_generation_error"": 1, ""parse_fail"": 11, ""success"": 1012}"
focal_v3_e0_t10_g8_Qwen3-1.7B-Base,88,0,1024,64,0.9892578125,1.0,0.0,8.936581561917297,7.255151688787459,7.255151688787459,9.492269512997696,7.825205659756499,7.56959526159921,7.715202369200395,8.023988153998026,7.736426456071076,0.49266505367556035,0.16891877671081015,0.7041497155377853,0.765625,0.8365225743007557,0.175715695952616,0.24512897256222252,1.380417502003529,"{""llm_generation_error"": 3, ""parse_fail"": 11, ""success"": 1010}"
focal_v3_e0_t10_g8_Qwen3-1.7B-Base,89,0,1024,64,0.9921875,1.0,0.0,8.939804286964135,7.2344195306512695,7.2344195306512695,9.489069947506563,7.8412729658792655,7.561023622047244,7.7687992125984255,8.073228346456693,7.681791338582677,0.4528096149077841,0.1820645490395547,0.7252857719770227,0.71875,0.8141755088962098,0.2106299212598425,0.1797064111266666,1.2679500996588118,"{""llm_generation_error"": 1, ""parse_fail"": 8, ""success"": 1015}"
focal_v3_e0_t10_g8_Qwen3-1.7B-Base,90,0,1024,64,0.9912109375,1.0,0.0,8.974421904761915,7.36105738780352,7.36105738780352,9.514161592775041,7.8949425287356325,7.629556650246306,7.832512315270936,8.153891625615763,7.698423645320196,0.4205585305070524,0.19244331754479846,0.7029730716987185,0.78125,0.8217593912643472,0.19310344827586207,0.14119275255451716,0.9561832572713307,"{""llm_generation_error"": 1, ""parse_fail"": 5, ""render_engine_error"": 4, ""success"": 1014}"
focal_v3_e0_t10_g8_Qwen3-1.7B-Base,91,0,1024,64,0.9912109375,1.0,0.0,8.944439945265458,7.238015129155752,7.238015129155752,9.515559753694582,7.802200328407225,7.574384236453202,7.727389162561576,8.052906403940888,7.626305418719212,0.40910547220032467,0.19694547843652735,0.7145528798810425,0.765625,0.8379536063501437,0.18817733990147784,0.14757274035504472,1.149652392055386,"{""parse_fail"": 5, ""render_engine_error"": 4, ""success"": 1015}"
focal_v3_e0_t10_g8_Qwen3-1.7B-Base,92,0,1024,64,0.9833984375,1.0,0.0,8.939119816837703,7.211710545081575,7.211710545081575,9.523029278384643,7.771300893743793,7.656405163853028,7.541509433962264,8.059880834160873,7.712512413108242,0.3507634569981644,0.2163904443310282,0.7005870148100539,0.796875,0.8139503227513938,0.19662363455809334,0.21851493065760055,1.4771982965725317,"{""llm_generation_error"": 1, ""parse_fail"": 10, ""render_engine_error"": 7, ""success"": 1006}"
focal_v3_e0_t10_g8_Qwen3-1.7B-Base,93,0,1024,64,0.9814453125,1.0,0.0,9.023502421227198,7.487454729338794,7.487454729338794,9.535303383084576,7.999900497512438,7.667661691542288,7.920398009950249,8.221890547263682,7.857412935323383,0.46845041076256266,0.17717607073602862,0.7015130094882416,0.71875,0.8042939880154075,0.2208955223880597,0.13104687360176345,0.8438492536979716,"{""llm_generation_error"": 1, ""parse_fail"": 12, ""render_engine_error"": 7, ""success"": 1004}"
focal_v3_e0_t10_g8_Qwen3-1.7B-Base,94,0,1024,64,0.986328125,1.0,0.0,8.980771683168324,7.404952525358278,7.404952525358278,9.511339042904291,7.9196369636963695,7.584158415841584,7.871287128712871,8.087623762376237,7.8,0.48297933726297504,0.17123820440286464,0.6924638090359838,0.75,0.8485011187319835,0.20594059405940593,0.2235425779368524,1.2095296378181024,"{""llm_generation_error"": 2, ""parse_fail"": 14, ""success"": 1008}"
focal_v3_e0_t10_g8_Qwen3-1.7B-Base,95,0,1024,64,0.984375,1.0,0.0,8.98274710097002,7.374275425883132,7.374275425883132,9.511852132936507,7.9245370370370365,7.650793650793651,7.773809523809524,8.196230158730158,7.803571428571429,0.41767975155996595,0.19024933394223195,0.6971720466684787,0.703125,0.8291155443835644,0.19047619047619047,0.20646020495682701,1.2007580631571813,"{""llm_generation_error"": 3, ""parse_fail"": 7, ""render_engine_error"": 9, ""success"": 1005}"
focal_v3_e0_t10_g8_Qwen3-1.7B-Base,96,0,1024,64,0.986328125,1.0,0.0,9.002194235423532,7.363965589047468,7.363965589047468,9.5337699009901,7.939042904290429,7.627722772277227,7.835742574257426,8.186633663366337,7.794752475247525,0.43925619974262786,0.1862357285442926,0.7243333749989382,0.828125,0.8377472158262184,0.19900990099009902,0.17665996498878012,1.1481804452001736,"{""llm_generation_error"": 1, ""parse_fail"": 14, ""success"": 1009}"
focal_v3_e0_t10_g8_Qwen3-1.7B-Base,97,0,1024,64,0.9873046875,1.0,0.0,9.001857006264439,7.486897058913114,7.486897058913114,9.511605159907683,7.98236069897791,7.693372898120673,7.8811078140454995,8.19406528189911,7.8719090009891195,0.4381755236495793,0.18212334469770552,0.6979439542764363,0.796875,0.8163190584142488,0.20771513353115728,0.18525730365971796,1.2862371513623776,"{""llm_generation_error"": 1, ""parse_fail"": 13, ""success"": 1010}"
focal_v3_e0_t10_g8_Qwen3-1.7B-Base,98,0,1024,64,0.994140625,1.0,0.0,9.009774405151731,7.454061079039291,7.454061079039291,9.52777555664702,7.9737721021611,7.726915520628683,7.8735756385068765,8.2098231827112,7.837917485265226,0.41993794393844325,0.19307460832020365,0.7155848302092584,0.703125,0.8312875541695335,0.1925343811394892,0.24068822712143223,1.2547782161496097,"{""llm_generation_error"": 4, ""parse_fail"": 4, ""render_engine_error"": 2, ""success"": 1014}"
focal_v3_e0_t10_g8_Qwen3-1.7B-Base,99,0,1024,64,0.98828125,1.0,0.0,8.978554951690827,7.329621762261184,7.329621762261184,9.50623822463768,7.923188405797101,7.5395256916996045,7.8310276679841895,8.168280632411067,7.770256916996048,0.4980264814191228,0.1673004363905288,0.7239079946916813,0.796875,0.843270613702766,0.1956521739130435,0.1366921177561643,1.081486637361519,"{""parse_fail"": 10, ""render_engine_error"": 2, ""success"": 1012}"
focal_v3_e0_t1_g8_Qwen3-1.7B-Base,1,0,1024,64,0.9892578125,1.0,0.0,6.014329373697478,2.1325883538497195,2.1325883538497195,7.852030421191181,2.338927278710102,4.461994076999013,2.176209279368213,2.8252714708785787,2.0153010858835145,0.04986111405975285,0.3166830744478472,0.5650849872999014,0.5625,0.8438388453685778,0.2033563672260612,2.4367706725448004,3.0643024440377298,"{""llm_generation_error"": 230, ""parse_fail"": 11, ""success"": 783}"
focal_v3_e0_t1_g8_Qwen3-1.7B-Base,2,0,1024,64,0.9931640625,1.0,0.0,6.184111897738429,2.343513939232924,2.343513939232924,8.016580825958702,2.5191740412979353,4.607669616519174,2.34070796460177,3.043756145526057,2.1730580137659783,0.055160508156313084,0.3149244430276635,0.5632909661035446,0.671875,0.8454494127472043,0.20747295968534907,2.3073383317160134,3.1841734239660684,"{""judge_fail"": 1, ""llm_generation_error"": 196, ""parse_fail"": 6, ""success"": 821}"
focal_v3_e0_t1_g8_Qwen3-1.7B-Base,3,0,1024,64,0.990234375,1.0,0.0,6.155248717948705,2.2520858991565698,2.2520858991565698,8.002301084812624,2.461143984220907,4.593688362919132,2.289151873767258,2.9951676528599607,2.0991124260355027,0.03490161928198842,0.3216897491422911,0.5718420341422027,0.546875,0.8564976910339863,0.20611439842209073,2.279085887464815,2.9750060461097374,"{""llm_generation_error"": 197, ""parse_fail"": 9, ""render_engine_error"": 1, ""success"": 817}"
focal_v3_e0_t1_g8_Qwen3-1.7B-Base,4,0,1024,64,0.990234375,1.0,0.0,6.141313160201608,2.254449861969959,2.254449861969959,7.964024309664694,2.495890861275477,4.562130177514793,2.351084812623274,2.9669625246548326,2.1696252465483234,0.046125350842992,0.3179557929467148,0.599024650846662,0.578125,0.8479746870174041,0.19822485207100593,2.5673966863650657,3.250182898308887,"{""llm_generation_error"": 222, ""parse_fail"": 10, ""success"": 792}"
focal_v3_e0_t1_g8_Qwen3-1.7B-Base,5,0,1024,64,0.9931640625,1.0,0.0,6.252299115044236,2.485072441914325,2.485072441914325,8.03195571943625,2.6929859062602426,4.631268436578171,2.5311701081612585,3.1687315634218294,2.3790560471976403,0.052528391265699005,0.3155338927707015,0.5880963025243323,0.4375,0.8576135610966256,0.20747295968534907,2.5115475389350053,3.487156922448594,"{""llm_generation_error"": 203, ""parse_fail"": 7, ""success"": 814}"
focal_v3_e0_t1_g8_Qwen3-1.7B-Base,6,0,1024,64,0.9931640625,1.0,0.0,6.484101026985678,2.6456312490291998,2.6456312490291998,8.271415388397248,2.90947230416257,4.977384464110128,2.764503441494592,3.472763028515241,2.4911504424778763,0.060195075563990376,0.31320687308305917,0.5960006119106154,0.609375,0.8103272070939106,0.19862340216322516,1.8748963587655918,3.01144225452136,"{""llm_generation_error"": 130, ""parse_fail"": 7, ""success"": 887}"
focal_v3_e0_t1_g8_Qwen3-1.7B-Base,7,0,1024,64,0.990234375,1.0,0.0,6.423851282051264,2.6296975102650566,2.6296975102650566,8.212913675213674,2.8457264957264954,4.844181459566075,2.656508875739645,3.3821499013806706,2.4985207100591715,0.08187561520765341,0.3060367985555328,0.5775877778351898,0.515625,0.8244952016138478,0.19723865877712032,2.0128894066629783,3.0079007097280734,"{""llm_generation_error"": 142, ""parse_fail"": 8, ""render_engine_error"": 2, ""success"": 872}"
focal_v3_e0_t1_g8_Qwen3-1.7B-Base,8,0,1024,64,0.98828125,1.0,0.0,6.450468258673693,2.555882226128986,2.555882226128986,8.250471821475626,2.8504611330698286,4.8893280632411065,2.7045454545454546,3.4268774703557314,2.4199604743083003,0.05092031363451513,0.31634848566340296,0.6282704282642668,0.640625,0.800122173429051,0.22233201581027667,1.9261911146605197,2.8756936611253616,"{""llm_generation_error"": 136, ""parse_fail"": 11, ""render_engine_error"": 1, ""success"": 876}"
focal_v3_e0_t1_g8_Qwen3-1.7B-Base,9,0,1024,64,0.99609375,1.0,0.0,6.573347821350753,2.747478079237308,2.747478079237308,8.351606699346405,3.016830065359477,5.076470588235294,2.8073529411764704,3.6127450980392157,2.630392156862745,0.03454029691653664,0.3210676198349973,0.5886670679172875,0.421875,0.7817472633439237,0.23627450980392156,1.610167448341112,2.8564465874642946,"{""llm_generation_error"": 103, ""parse_fail"": 4, ""success"": 917}"
focal_v3_e0_t1_g8_Qwen3-1.7B-Base,10,0,1024,64,0.99609375,1.0,0.0,6.734272843137247,3.0328181944148276,3.0328181944148276,8.47420338235294,3.2544117647058823,5.1117647058823525,3.0124509803921566,3.8051960784313725,2.945588235294118,0.0694378569524535,0.31017487035296154,0.5467895399408209,0.65625,0.8143856756976732,0.22058823529411764,1.5532927188003713,2.6956538696108336,"{""llm_generation_error"": 93, ""parse_fail"": 4, ""success"": 927}"
focal_v3_e0_t1_g8_Qwen3-1.7B-Base,11,0,1024,64,0.994140625,1.0,0.0,6.830552794149749,3.0935286390547723,3.0935286390547723,8.544945104780615,3.4017681728880156,5.302554027504912,3.118860510805501,4.06532416502947,3.0211198428290764,0.06888447209130531,0.31036534592248427,0.589636726232002,0.5,0.7446796571471701,0.2504911591355599,1.3645158352203999,2.605748564829042,"{""llm_generation_error"": 73, ""parse_fail"": 6, ""success"": 945}"
focal_v3_e0_t1_g8_Qwen3-1.7B-Base,12,0,1024,64,0.9921875,1.0,0.0,6.9055231299212565,3.318764422023516,3.318764422023516,8.575591125328083,3.5653871391076115,5.3799212598425195,3.393700787401575,4.1508858267716535,3.1515748031496065,0.0923437771123873,0.30229349171062386,0.5764662179662432,0.5625,0.7889102882261229,0.20669291338582677,1.416251683615876,2.7419292978054934,"{""llm_generation_error"": 72, ""parse_fail"": 8, ""success"": 944}"
focal_v3_e0_t1_g8_Qwen3-1.7B-Base,13,0,1024,64,0.9951171875,1.0,0.0,6.922480023988668,3.189190107372324,3.189190107372324,8.60710897939156,3.5532221131828585,5.342492639842983,3.4118743866535817,4.202649656526006,3.045142296368989,0.07505325622330981,0.30826862398946436,0.6257184153019987,0.546875,0.772312285860208,0.23846908734052993,1.282784936944749,2.534113816471683,"{""llm_generation_error"": 64, ""parse_fail"": 5, ""success"": 955}"
focal_v3_e0_t1_g8_Qwen3-1.7B-Base,14,0,1024,64,0.994140625,1.0,0.0,6.973814494651818,3.4397609975117645,3.4397609975117645,8.601225998690241,3.718991486574984,5.275049115913556,3.5221021611001966,4.29253438113949,3.342337917485265,0.10644540131585147,0.29783859140378927,0.5939176931590646,0.625,0.7931900512717914,0.206286836935167,1.3272890614047588,2.6067098166029385,"{""llm_generation_error"": 68, ""parse_fail"": 6, ""success"": 950}"
focal_v3_e0_t1_g8_Qwen3-1.7B-Base,15,0,1024,64,0.9921875,1.0,0.0009765625,7.068469280402447,3.628064465698083,3.628064465698083,8.656296440288713,3.8928149606299214,5.446850393700787,3.7598425196850394,4.440748031496063,3.4778543307086616,0.12013077500090039,0.2932522452212036,0.6058758751213883,0.59375,0.7877160253798516,0.2234251968503937,1.4610942786652379,3.004639540210269,"{""llm_generation_error"": 68, ""parse_fail"": 7, ""request_error"": 1, ""success"": 948}"
focal_v3_e0_t1_g8_Qwen3-1.7B-Base,16,0,1024,64,0.994140625,1.0,0.0,7.071717823619297,3.609322957615803,3.609322957615803,8.655268287491813,3.904616895874263,5.445972495088409,3.785559921414538,4.481827111984283,3.4464636542239684,0.09495374509341721,0.30167670106013006,0.6107641863673406,0.578125,0.7550922429764098,0.2269155206286837,1.3214650486166404,2.7657806847073534,"{""llm_generation_error"": 60, ""parse_fail"": 6, ""success"": 958}"
focal_v3_e0_t1_g8_Qwen3-1.7B-Base,17,0,1024,64,0.9912109375,1.0,0.0,7.192088330596611,3.8210015654665415,3.8210015654665415,8.717623464696223,4.1410180623973725,5.4147783251231525,3.950246305418719,4.691724137931035,3.781083743842365,0.13221651568650253,0.28922452209700283,0.6024837808578541,0.53125,0.7817246995269445,0.21083743842364533,1.1546243904054332,2.7727185806228483,"{""llm_generation_error"": 42, ""parse_fail"": 4, ""render_engine_error"": 5, ""success"": 973}"
focal_v3_e0_t1_g8_Qwen3-1.7B-Base,18,0,1024,64,0.9912109375,1.0,0.0,7.2696564969896045,3.8806951013878432,3.8806951013878432,8.775338604269294,4.258292282430213,5.399014778325123,4.111034482758621,4.818522167487685,3.845320197044335,0.12492347058351569,0.2916557966625664,0.61298456373316,0.5,0.7641584494429573,0.2246305418719212,1.049891591305484,2.553113981403477,"{""llm_generation_error"": 38, ""parse_fail"": 9, ""success"": 977}"
focal_v3_e0_t1_g8_Qwen3-1.7B-Base,19,0,1024,64,0.994140625,1.0,0.0,7.3549248853961915,3.946799247737287,3.946799247737287,8.88179793713163,4.301178781925343,5.642436149312378,4.110510805500982,4.927406679764244,3.8656188605108053,0.15299835709945286,0.28233346726690783,0.6052690897764097,0.5,0.761091460351135,0.21611001964636542,0.9512813342578137,2.504068648883651,"{""llm_generation_error"": 30, ""parse_fail"": 5, ""render_engine_error"": 1, ""success"": 988}"
focal_v3_e0_t1_g8_Qwen3-1.7B-Base,20,0,1024,64,0.994140625,1.0,0.0,7.5033240013097515,4.3960417992837435,4.3960417992837435,8.911010887360838,4.687950229207597,5.699410609037328,4.555992141453831,5.1900785854616895,4.317779960707269,0.16416419263583873,0.27860982000010714,0.5899720621546798,0.484375,0.75466467418718,0.21709233791748528,0.8284417843990752,2.418016473569756,"{""llm_generation_error"": 23, ""parse_fail"": 6, ""success"": 995}"
focal_v3_e0_t1_g8_Qwen3-1.7B-Base,21,0,1024,64,0.9951171875,1.0,0.0,7.49803131610511,4.286032755407092,4.286032755407092,8.92828675171737,4.637520444880603,5.666339548577036,4.435721295387635,5.243277723258097,4.233562315996075,0.20367030998954552,0.26543630464901935,0.621359412369508,0.65625,0.7512986234240339,0.2041216879293425,0.7340856118790692,2.0788425418905563,"{""llm_generation_error"": 18, ""parse_fail"": 5, ""success"": 1001}"
focal_v3_e0_t1_g8_Qwen3-1.7B-Base,22,0,1024,64,0.99609375,1.0,0.0,7.530249128540311,4.373782799983572,4.373782799983572,8.915765849673202,4.759215686274509,5.654901960784314,4.602549019607842,5.3269607843137265,4.348137254901961,0.2153599164473666,0.26149567319331607,0.6268520107209739,0.5625,0.7693062203998127,0.22156862745098038,0.8704422754397586,2.1429982221201804,"{""llm_generation_error"": 27, ""parse_fail"": 4, ""success"": 993}"
focal_v3_e0_t1_g8_Qwen3-1.7B-Base,23,0,1024,64,0.9931640625,1.0,0.0,7.714956768272707,4.738742980326862,4.738742980326862,8.984857309078992,5.175155686660111,5.68534906588004,5.050147492625369,5.600196656833825,4.87512291052114,0.26721323837267946,0.2442473238240921,0.6435460178643021,0.484375,0.7726875045201255,0.1976401179941003,0.6683470872118218,2.0738083134821617,"{""llm_generation_error"": 14, ""parse_fail"": 7, ""success"": 1003}"
focal_v3_e0_t1_g8_Qwen3-1.7B-Base,24,0,1024,64,0.9990234375,1.0,0.0,7.685494189203857,4.729815826874715,4.729815826874715,8.989254643206257,5.077973281199088,5.698924731182796,4.959139784946236,5.517693059628544,4.757086999022483,0.26000244655125404,0.24664068339165102,0.6040503981519906,0.5625,0.7537251993571147,0.20332355816226785,0.6106900512031238,2.1318899268755045,"{""llm_generation_error"": 10, ""parse_fail"": 1, ""success"": 1013}"
focal_v3_e0_t1_g8_Qwen3-1.7B-Base,25,0,1024,64,0.9951171875,1.0,0.0,7.677895769272715,4.6944776950558404,4.6944776950558404,8.969476954530586,5.094733398756952,5.703631010794897,4.933464180569185,5.578900883218843,4.771835132482826,0.2647813488519883,0.24505109127020144,0.6062642032927428,0.515625,0.7493191563786399,0.20314033366045142,0.7031737627577269,2.0822429791940924,"{""llm_generation_error"": 19, ""parse_fail"": 5, ""success"": 1000}"
focal_v3_e0_t1_g8_Qwen3-1.7B-Base,26,0,1024,64,0.990234375,1.0,0.0,7.731760355029592,4.771738933106238,4.771738933106238,8.968547830374753,5.25818540433925,5.654832347140039,5.111439842209073,5.742011834319526,4.9211045364891515,0.3054305133639481,0.23145555280665375,0.6432020839903319,0.5,0.7356108145178684,0.23767258382642997,0.7046904020407522,2.1632977159088997,"{""llm_generation_error"": 17, ""parse_fail"": 10, ""success"": 997}"
focal_v3_e0_t1_g8_Qwen3-1.7B-Base,27,0,1024,64,0.99609375,1.0,0.0,7.808319673202608,4.984573513202695,4.984573513202695,9.009767091503267,5.4054248366013065,5.698039215686275,5.268039215686274,5.845588235294118,5.102647058823529,0.322211538725771,0.2258615759725128,0.6359562926804126,0.6875,0.7710780517354883,0.20392156862745098,0.7088570142509921,2.0965851171310494,"{""llm_generation_error"": 15, ""parse_fail"": 4, ""success"": 1005}"
focal_v3_e0_t1_g8_Qwen3-1.7B-Base,28,0,1024,64,0.9912109375,1.0,0.0,7.841442879036675,5.031511714517404,5.031511714517404,9.007780082101805,5.508768472906404,5.799014778325123,5.385714285714286,5.969359605911331,5.171231527093596,0.31925388557241013,0.22684127419134548,0.6387163783866241,0.53125,0.7464388192070592,0.21379310344827587,0.5470031761958847,1.9651624403359738,"{""llm_generation_error"": 9, ""parse_fail"": 9, ""success"": 1006}"
focal_v3_e0_t1_g8_Qwen3-1.7B-Base,29,0,1024,64,0.9951171875,1.0,0.0,7.899965728928138,4.997444392712449,4.997444392712449,9.063965603532877,5.571965979718679,5.870461236506379,5.437389597644749,6.090578999018647,5.18792934249264,0.3356125884894078,0.22139682054279897,0.6811599359579975,0.5625,0.7633891768851739,0.22571148184494602,0.5883401006836043,2.0204220930728853,"{""llm_generation_error"": 11, ""parse_fail"": 5, ""success"": 1008}"
focal_v3_e0_t1_g8_Qwen3-1.7B-Base,30,0,1024,64,0.986328125,1.0,0.0,7.9343643014301435,5.1450658448963305,5.1450658448963305,9.064797277227722,5.673498349834984,5.906930693069307,5.511881188118812,6.158613861386139,5.35,0.32727152321661684,0.2242253724059214,0.6519604470858347,0.515625,0.7481505977766305,0.19702970297029704,0.5671839448496022,1.9183879231958274,"{""llm_generation_error"": 9, ""parse_fail"": 14, ""success"": 1001}"
focal_v3_e0_t1_g8_Qwen3-1.7B-Base,31,0,1024,64,0.990234375,1.0,0.0,8.013320951128637,5.313118738179174,5.313118738179174,9.07588214990138,5.888198553583169,5.958579881656805,5.745364891518737,6.308086785009862,5.611143984220907,0.34254222586584915,0.21892838060728023,0.7052395065562191,0.5625,0.7386195790185647,0.23964497041420119,0.49383602750220795,1.8723378138773425,"{""llm_generation_error"": 7, ""parse_fail"": 10, ""success"": 1007}"
focal_v3_e0_t1_g8_Qwen3-1.7B-Base,32,0,1024,64,0.9931640625,1.0,0.0,8.011327848792744,5.2195367201006135,5.2195367201006135,9.110764306784661,5.812454932808914,5.9567354965585055,5.6572271386430675,6.291445427728614,5.4886922320550635,0.3259698386463733,0.22460412407646202,0.6774958597249952,0.65625,0.7878140145174527,0.2025565388397247,0.5809333833604794,2.0406306887507,"{""llm_generation_error"": 12, ""parse_fail"": 7, ""success"": 1005}"
focal_v3_e0_t1_g8_Qwen3-1.7B-Base,33,0,1024,64,0.9931640625,1.0,0.0,8.14532660329946,5.570680599957623,5.570680599957623,9.12795385119633,6.180072107505736,5.99803343166175,6.107669616519174,6.502163225172075,5.930383480825959,0.41958754810911075,0.1934598970053741,0.6766137544020354,0.515625,0.7610071101986676,0.20648967551622419,0.43536771136301156,1.7985976854914723,"{""llm_generation_error"": 6, ""parse_fail"": 7, ""success"": 1011}"
focal_v3_e0_t1_g8_Qwen3-1.7B-Base,34,0,1024,64,0.990234375,1.0,0.0,8.14356759807144,5.579352310312851,5.579352310312851,9.089776117685732,6.251150558842867,5.952662721893491,6.2053254437869825,6.550986193293887,5.997140039447732,0.5099427684148212,0.16286176174579872,0.7298036332996809,0.609375,0.7405136438951136,0.23274161735700197,0.4367679381033295,1.9149264890823339,"{""llm_generation_error"": 4, ""parse_fail"": 10, ""success"": 1010}"
focal_v3_e0_t1_g8_Qwen3-1.7B-Base,35,0,1024,64,0.994140625,1.0,0.0,8.14171224623445,5.48548576569888,5.48548576569888,9.138812639161754,6.147511460379829,6.072691552062868,5.969449901768172,6.58261296660118,5.890471512770137,0.4058774933853595,0.19801094425447366,0.6864345689770746,0.625,0.7839945407064063,0.21709233791748528,0.48555823407938964,1.862146311014769,"{""llm_generation_error"": 8, ""parse_fail"": 6, ""success"": 1010}"
focal_v3_e0_t1_g8_Qwen3-1.7B-Base,36,0,1024,64,0.986328125,1.0,0.0,8.189735874587452,5.463705978332661,5.463705978332661,9.207145066006602,6.154917491749175,6.2712871287128715,6.007425742574258,6.650396039603961,5.806930693069307,0.34580697209101824,0.21806259255147184,0.7053918588085027,0.515625,0.7662395105997981,0.2188118811881188,0.40280827027331845,1.8240918626952283,"{""llm_generation_error"": 4, ""parse_fail"": 14, ""success"": 1006}"
focal_v3_e0_t1_g8_Qwen3-1.7B-Base,37,0,1024,64,0.9833984375,1.0,0.0,8.213186086284901,5.569009789861691,5.569009789861691,9.18136469712016,6.276828864614366,6.190665342601788,6.157100297914598,6.714101290963257,5.959285004965244,0.4210150700805118,0.19296971006015692,0.7337377094839752,0.5625,0.7599298421523631,0.20754716981132076,0.4283622876400701,1.7527214800350714,"{""llm_generation_error"": 5, ""parse_fail"": 10, ""render_engine_error"": 7, ""success"": 1002}"
focal_v3_e0_t1_g8_Qwen3-1.7B-Base,38,0,1024,64,0.9951171875,1.0,0.0,8.347316235961161,5.887155481172876,5.887155481172876,9.184598822374877,6.672751063133791,6.259077526987243,6.577723258096173,7.002649656526007,6.437880274779195,0.49654514590512094,0.16765279702279776,0.7291515857156805,0.59375,0.7599313142147114,0.2365063788027478,0.357223361503625,1.7963400650272898,"{""llm_generation_error"": 3, ""parse_fail"": 5, ""success"": 1016}"
focal_v3_e0_t1_g8_Qwen3-1.7B-Base,39,0,1024,64,0.9912109375,1.0,0.0,8.328332052545166,5.894014773401402,5.894014773401402,9.164616305418718,6.65576354679803,6.189162561576355,6.640197044334975,6.933497536945814,6.3935960591133005,0.5229821050344504,0.15826041656395431,0.7250890189346055,0.625,0.7732187415849666,0.22758620689655173,0.35831975914331077,1.6571847153397878,"{""llm_generation_error"": 2, ""parse_fail"": 9, ""success"": 1013}"
focal_v3_e0_t1_g8_Qwen3-1.7B-Base,40,0,1024,64,0.994140625,1.0,0.0,8.304258371534587,5.67436519742716,5.67436519742716,9.185464178127047,6.541846758349706,6.231827111984283,6.369449901768173,6.905599214145384,6.35049115913556,0.46163418200669126,0.17931666727075704,0.7661206112064303,0.625,0.7366624277444261,0.24656188605108054,0.36872571540243987,1.67311292684406,"{""llm_generation_error"": 4, ""parse_fail"": 6, ""success"": 1014}"
focal_v3_e0_t1_g8_Qwen3-1.7B-Base,41,0,1024,64,0.9912109375,1.0,0.0,8.411301795292824,5.963549014463721,5.963549014463721,9.21898881773399,6.79592775041051,6.340886699507389,6.707783251231526,7.139310344827587,6.540689655172414,0.5005667074685589,0.16577001232316707,0.7580137373865976,0.609375,0.7781479753088482,0.22955665024630542,0.38060033602248133,1.8148611302032172,"{""llm_generation_error"": 6, ""parse_fail"": 9, ""success"": 1009}"
focal_v3_e0_t1_g8_Qwen3-1.7B-Base,42,0,1024,64,0.9921875,1.0,0.0,8.38705485564305,6.102324321274331,6.102324321274331,9.166015354330709,6.829133858267717,6.3641732283464565,6.722145669291338,7.124507874015749,6.640748031496063,0.5078703169679477,0.16322497148617598,0.7085597620771406,0.578125,0.7370618176085051,0.2312992125984252,0.352426306447191,1.6003277584903874,"{""llm_generation_error"": 4, ""parse_fail"": 8, ""success"": 1012}"
focal_v3_e0_t1_g8_Qwen3-1.7B-Base,43,0,1024,64,0.9833984375,1.0,0.0,8.407446176762667,6.043571278512657,6.043571278512657,9.20243043694141,6.817477656405164,6.427010923535253,6.650844091360477,7.137239324726912,6.664349553128103,0.48601512964791427,0.1709152622364886,0.6947765117952467,0.578125,0.772978973203489,0.21747765640516387,0.30342001194768714,1.645656680608398,"{""llm_generation_error"": 1, ""parse_fail"": 17, ""success"": 1006}"
focal_v3_e0_t1_g8_Qwen3-1.7B-Base,44,0,1024,64,0.994140625,1.0,0.0,8.466408731717966,6.1584970202754725,6.1584970202754725,9.21036948264571,6.978487229862476,6.459724950884087,7.011100196463654,7.224950884086445,6.699410609037328,0.5564024031528492,0.14774255062126126,0.7646530601168154,0.59375,0.7363575644107235,0.26522593320235754,0.35206024166107813,1.6830493655482073,"{""llm_generation_error"": 4, ""parse_fail"": 6, ""success"": 1014}"
focal_v3_e0_t1_g8_Qwen3-1.7B-Base,45,0,1024,64,0.99609375,1.0,0.0,8.453290751633986,5.99376479446735,5.99376479446735,9.247321748366014,6.865228758169934,6.490196078431373,6.676372549019608,7.301764705882353,6.617549019607843,0.4516007739028685,0.18179701513795143,0.7437841116176575,0.703125,0.7573632637256024,0.2411764705882353,0.24960079578807917,1.4389007716513214,"{""llm_generation_error"": 1, ""parse_fail"": 4, ""success"": 1019}"
focal_v3_e0_t1_g8_Qwen3-1.7B-Base,46,0,1024,64,0.990234375,1.0,0.0,8.477981152750385,6.164673679185046,6.164673679185046,9.22037409598948,6.993195266272189,6.424063116370808,6.858481262327416,7.243392504930966,6.877712031558185,0.525511049181125,0.15756513592799593,0.7382115091880073,0.65625,0.7673713182735661,0.2485207100591716,0.29151302108990423,1.5505630523588718,"{""llm_generation_error"": 2, ""parse_fail"": 10, ""success"": 1012}"
focal_v3_e0_t1_g8_Qwen3-1.7B-Base,47,0,1024,64,0.9892578125,1.0,0.0,8.58265467807392,6.378227234042609,6.378227234042609,9.226301859164199,7.295360315893387,6.481737413622902,7.2213228035538,7.399703849950643,7.265054294175716,0.6336848922594674,0.12089879371512802,0.7634943528383311,0.640625,0.7695731810379025,0.25468904244817375,0.3408234452727761,1.6652864192449197,"{""llm_generation_error"": 5, ""parse_fail"": 11, ""success"": 1008}"
focal_v3_e0_t1_g8_Qwen3-1.7B-Base,48,0,1024,64,0.994140625,1.0,0.0,8.545627614058054,6.291336691118079,6.291336691118079,9.245209593975117,7.146463654223968,6.605108055009823,6.956777996070727,7.395972495088409,7.08664047151277,0.5312082939318832,0.1560803977846463,0.7714358252204714,0.65625,0.7666396990191603,0.24852652259332023,0.27926499347794337,1.4163737601141997,"{""llm_generation_error"": 2, ""parse_fail"": 6, ""success"": 1016}"
focal_v3_e0_t1_g8_Qwen3-1.7B-Base,49,0,1024,64,0.9931640625,1.0,0.0,8.539172369714848,6.2867838920416474,6.2867838920416474,9.20854550966896,7.200426089806622,6.4916420845624385,7.062733529990167,7.462143559488692,7.076401179941003,0.6085797462029557,0.12999068534114547,0.7796555003535411,0.59375,0.7315465403669226,0.2723697148475909,0.2985046994432452,1.5050980140383892,"{""llm_generation_error"": 3, ""parse_fail"": 7, ""success"": 1014}"
focal_v3_e0_t1_g8_Qwen3-1.7B-Base,50,0,1024,64,0.9892578125,1.0,0.0,8.607506592080723,6.368981737654692,6.368981737654692,9.274109509707142,7.274300756827903,6.669299111549852,7.06949654491609,7.51796643632774,7.235439289239881,0.5480618198654413,0.15059503771685667,0.7653393942900851,0.609375,0.7566903472518131,0.263573543928924,0.3052294432954817,1.621472682757077,"{""llm_generation_error"": 5, ""parse_fail"": 11, ""success"": 1008}"
focal_v3_e0_t1_g8_Qwen3-1.7B-Base,51,0,1024,64,0.98828125,1.0,0.0,8.609331642512082,6.485848219360904,6.485848219360904,9.263108135704874,7.301778656126483,6.681818181818182,7.1309288537549405,7.548616600790513,7.225790513833992,0.5340089287416616,0.15379521428362555,0.7194508919357613,0.6875,0.7718248833297314,0.22924901185770752,0.23719666917423954,1.4703571248308618,"{""llm_generation_error"": 1, ""parse_fail"": 12, ""success"": 1011}"
focal_v3_e0_t1_g8_Qwen3-1.7B-Base,52,0,1024,64,0.9931640625,1.0,0.0,8.583044673877419,6.336332168088888,6.336332168088888,9.267897066535562,7.213339888561127,6.711897738446411,7.0031465093411995,7.5075712881022625,7.129301868239922,0.5155042400643042,0.16098842090418372,0.7728862406512158,0.578125,0.7545545686838853,0.26843657817109146,0.28666660852324555,1.436731060273754,"{""llm_generation_error"": 3, ""parse_fail"": 7, ""success"": 1014}"
focal_v3_e0_t1_g8_Qwen3-1.7B-Base,53,0,1024,64,0.9921875,1.0,0.0,8.625911122047247,6.386795069853761,6.386795069853761,9.287226263123358,7.303280839895014,6.797244094488189,7.128937007874016,7.550590551181104,7.230314960629921,0.5096817563290995,0.1631881344803319,0.7884941073805815,0.515625,0.7451150412597328,0.23523622047244094,0.23587826655765365,1.3659491134877124,"{""llm_generation_error"": 2, ""parse_fail"": 8, ""success"": 1014}"
focal_v3_e0_t1_g8_Qwen3-1.7B-Base,54,0,1024,64,0.998046875,1.0,0.0,8.634557588606237,6.463374688581435,6.463374688581435,9.281451516634052,7.340769732550555,6.763209393346379,7.158512720156556,7.6186888454011745,7.245107632093934,0.5437194037855634,0.1520730883880078,0.7580206660537002,0.625,0.7499532703987349,0.27984344422700586,0.2351305304103832,1.2311683932417261,"{""llm_generation_error"": 2, ""parse_fail"": 2, ""success"": 1020}"
focal_v3_e0_t1_g8_Qwen3-1.7B-Base,55,0,1024,64,0.9921875,1.0,0.0,8.689501596675425,6.669532424479659,6.669532424479659,9.288320636482942,7.491863517060367,6.881889763779528,7.36742125984252,7.690846456692914,7.417322834645669,0.5601607896179207,0.1462573288831972,0.7558854797367207,0.546875,0.768527304652201,0.2549212598425197,0.2592211137558277,1.3178027708499402,"{""llm_generation_error"": 3, ""parse_fail"": 8, ""success"": 1013}"
focal_v3_e0_t1_g8_Qwen3-1.7B-Base,56,0,1024,64,0.98828125,1.0,0.0,8.647593555116384,6.649134499161904,6.649134499161904,9.29568216403162,7.351416337285902,6.853754940711463,7.2408102766798415,7.58300395256917,7.230434782608696,0.5303299406126256,0.15610104145541848,0.7388357363779691,0.640625,0.7818945416013511,0.2549407114624506,0.31952731152330566,1.5166608647422395,"{""llm_generation_error"": 4, ""parse_fail"": 10, ""render_engine_error"": 2, ""success"": 1008}"
focal_v3_e0_t1_g8_Qwen3-1.7B-Base,57,0,1024,64,0.990234375,1.0,0.0,8.692501577909269,6.710126654894753,6.710126654894753,9.300274391847468,7.476955950032873,6.927021696252465,7.3648915187376724,7.737573964497041,7.328402366863905,0.5253193902022748,0.15787353896607018,0.7372330691477348,0.53125,0.7384400830717069,0.2465483234714004,0.2704399763213974,1.4291739972152602,"{""llm_generation_error"": 4, ""parse_fail"": 10, ""success"": 1010}"
focal_v3_e0_t1_g8_Qwen3-1.7B-Base,58,0,1024,64,0.9921875,1.0,0.0,8.660715944881881,6.529278103472297,6.529278103472297,9.310824573490814,7.360498687664042,6.913385826771654,7.164862204724409,7.694192913385827,7.22244094488189,0.4906090241569499,0.16952129136147032,0.7751251134682309,0.671875,0.7490465139625407,0.25098425196850394,0.21195020243009297,1.3861285896802702,"{""llm_generation_error"": 2, ""parse_fail"": 8, ""success"": 1014}"
focal_v3_e0_t1_g8_Qwen3-1.7B-Base,59,0,1024,64,0.9921875,1.0,0.0,8.770389479440077,6.819213504254373,6.819213504254373,9.329189862204725,7.652788713910762,7.017716535433071,7.533464566929134,7.7674212598425205,7.65748031496063,0.5753373147455351,0.1413879895714363,0.7761443961858219,0.703125,0.7516054086287823,0.24803149606299213,0.22565148282922137,1.4322067621396974,"{""llm_generation_error"": 1, ""parse_fail"": 8, ""success"": 1015}"
focal_v3_e0_t1_g8_Qwen3-1.7B-Base,60,0,1024,64,0.986328125,1.0,0.0,8.716165335533548,6.805610174862869,6.805610174862869,9.306129191419144,7.536237623762376,7.007920792079208,7.436138613861386,7.710990099009901,7.4615841584158416,0.5457866911670055,0.15111451631769524,0.7569548993154219,0.59375,0.7508525958028146,0.24554455445544554,0.2637887774485053,1.3657060826458067,"{""llm_generation_error"": 3, ""parse_fail"": 14, ""success"": 1007}"
focal_v3_e0_t1_g8_Qwen3-1.7B-Base,61,0,1024,64,0.98828125,1.0,0.0,8.723466842336423,6.79412506186182,6.79412506186182,9.330012516469038,7.510375494071146,7.090909090909091,7.3809288537549405,7.788537549407115,7.361660079051384,0.4846129217586029,0.17156677773062579,0.7435785641524898,0.546875,0.7410164311619978,0.2509881422924901,0.2230177418348249,1.3428280444551952,"{""llm_generation_error"": 2, ""parse_fail"": 12, ""success"": 1010}"
focal_v3_e0_t1_g8_Qwen3-1.7B-Base,62,0,1024,64,0.9970703125,1.0,0.0,8.730296539340513,6.700378539519494,6.700378539519494,9.322917874632713,7.5450538687561215,7.044074436826641,7.395984329089129,7.795984329089129,7.443192948090108,0.5095630877485421,0.16329508769029286,0.7696975410671475,0.53125,0.7851416413972228,0.21939275220372184,0.2173285370535705,1.3202898604884623,"{""llm_generation_error"": 2, ""parse_fail"": 3, ""success"": 1019}"
focal_v3_e0_t1_g8_Qwen3-1.7B-Base,63,0,1024,64,0.990234375,1.0,0.0,8.731686357659429,6.736831916739006,6.736831916739006,9.337947024983563,7.519165023011176,7.09861932938856,7.267357001972387,7.754733727810652,7.535404339250492,0.5042562552310658,0.16518043673138724,0.7499180313916031,0.640625,0.7566761812948806,0.2416173570019724,0.2948749238095387,1.4633720491008289,"{""llm_generation_error"": 3, ""parse_fail"": 10, ""success"": 1011}"
focal_v3_e0_t1_g8_Qwen3-1.7B-Base,64,0,1024,64,0.9921875,1.0,0.0,8.7760865704287,6.798206416263008,6.798206416263008,9.350563582677166,7.627132545931758,7.118110236220472,7.423129921259842,7.845570866141733,7.612696850393701,0.5647459668617233,0.14499756139447614,0.7938630311277581,0.640625,0.7369729387545473,0.2618110236220472,0.2187170888828021,1.3104792662248825,"{""llm_generation_error"": 2, ""parse_fail"": 8, ""success"": 1014}"
focal_v3_e0_t1_g8_Qwen3-1.7B-Base,65,0,1024,64,0.990234375,1.0,0.0,8.766225016436557,6.894390672999699,6.894390672999699,9.350537393162396,7.597600262984879,7.19723865877712,7.484615384615385,7.8870808678500985,7.4211045364891515,0.4532247729115744,0.18138729100349968,0.7435882745878867,0.609375,0.730860340375405,0.2702169625246548,0.19008266555467518,1.2391410968550183,"{""llm_generation_error"": 1, ""parse_fail"": 10, ""success"": 1013}"
focal_v3_e0_t1_g8_Qwen3-1.7B-Base,66,0,1024,64,0.9921875,1.0,0.0,8.735881747594053,6.834871046975151,6.834871046975151,9.335564747375328,7.536515748031497,7.2204724409448815,7.3361220472440944,7.839862204724411,7.433562992125984,0.4499824795142461,0.18226761287621115,0.7414218261776441,0.703125,0.7340749912289558,0.2677165354330709,0.2691357668128626,1.3586957592651265,"{""llm_generation_error"": 4, ""parse_fail"": 7, ""render_engine_error"": 1, ""success"": 1012}"
focal_v3_e0_t1_g8_Qwen3-1.7B-Base,67,0,1024,64,0.98828125,1.0,0.0,8.786338219147996,6.980162177093588,6.980162177093588,9.37952379776021,7.599967061923583,7.33201581027668,7.395849802371542,7.859189723320158,7.544861660079051,0.42287154314473735,0.19212609754495524,0.7075087129022493,0.609375,0.7773075268395852,0.1966403162055336,0.19276345492687386,1.313377255807924,"{""parse_fail"": 11, ""render_engine_error"": 1, ""success"": 1012}"
focal_v3_e0_t1_g8_Qwen3-1.7B-Base,68,0,1024,64,0.9912109375,1.0,0.0,8.796635522714842,6.921163602975434,6.921163602975434,9.380437684729065,7.629031198686371,7.266995073891626,7.44679802955665,7.866896551724139,7.5733990147783254,0.48172833024598855,0.17273552820219903,0.7682480004398774,0.65625,0.7199330134203287,0.26108374384236455,0.23241871622825017,1.2741737054327202,"{""llm_generation_error"": 1, ""parse_fail"": 7, ""render_engine_error"": 2, ""success"": 1014}"
focal_v3_e0_t1_g8_Qwen3-1.7B-Base,69,0,1024,64,0.9912109375,1.0,0.0,8.743013661740553,6.822358497136998,6.822358497136998,9.349561543513955,7.529917898193761,7.278817733990148,7.302955665024631,7.81832512315271,7.468472906403941,0.4284204155407294,0.1880043347885879,0.7481207862186768,0.640625,0.7267275639195938,0.2334975369458128,0.1920568572772398,1.1828039449178118,"{""parse_fail"": 9, ""success"": 1015}"
focal_v3_e0_t1_g8_Qwen3-1.7B-Base,70,0,1024,64,0.9794921875,1.0,0.0,8.828522720726701,7.121485065526521,7.121485065526521,9.374588667331338,7.7363908275174476,7.302093718843469,7.578664007976071,7.980558325024926,7.649950149551346,0.5317537491460063,0.15543295064466764,0.705874759858122,0.734375,0.7387539628448078,0.2382851445663011,0.2125755057914436,1.179714641032048,"{""llm_generation_error"": 2, ""parse_fail"": 21, ""success"": 1001}"
focal_v3_e0_t1_g8_Qwen3-1.7B-Base,71,0,1024,64,0.9912109375,1.0,0.0,8.846222736726883,7.073390279719844,7.073390279719844,9.372355451559933,7.793957307060755,7.261083743842365,7.738226600985222,8.00551724137931,7.638128078817734,0.5558049489739354,0.1465374198571411,0.7560728469448696,0.71875,0.749921615642391,0.24334975369458128,0.14325503589858857,1.1578720691549043,"{""parse_fail"": 8, ""render_engine_error"": 1, ""success"": 1015}"
focal_v3_e0_t1_g8_Qwen3-1.7B-Base,72,0,1024,64,0.9892578125,1.0,0.0,8.84511586048043,7.175647133237896,7.175647133237896,9.372922227706482,7.7895031260283,7.376110562685094,7.71618953603159,7.957058242843042,7.695261599210267,0.5315889005869318,0.15520792690864485,0.7181538719215065,0.671875,0.7565709296090167,0.2458045409674235,0.19016672506058552,1.1371417111174433,"{""llm_generation_error"": 1, ""parse_fail"": 11, ""success"": 1012}"
focal_v3_e0_t1_g8_Qwen3-1.7B-Base,73,0,1024,64,0.986328125,1.0,0.0,8.879295170517052,7.26102512993685,7.26102512993685,9.379569818481848,7.878745874587459,7.3841584158415845,7.833168316831683,7.989207920792079,7.813861386138614,0.5533665029139739,0.14770527550403098,0.7142989121164172,0.796875,0.7777223092317095,0.23366336633663368,0.24351113585942138,1.2094541337139917,"{""llm_generation_error"": 2, ""parse_fail"": 13, ""render_engine_error"": 1, ""success"": 1008}"
focal_v3_e0_t1_g8_Qwen3-1.7B-Base,74,0,1024,64,0.990234375,1.0,0.0,8.830149627438086,7.067313078233282,7.067313078233282,9.375796433267586,7.738856015779092,7.323471400394477,7.641715976331361,7.926429980276135,7.648422090729783,0.5073407107989392,0.16129523865819617,0.724106244386497,0.625,0.7434310833132415,0.25443786982248523,0.25579740550488445,1.3098129625644843,"{""llm_generation_error"": 2, ""parse_fail"": 10, ""success"": 1012}"
focal_v3_e0_t1_g8_Qwen3-1.7B-Base,75,0,1024,64,0.994140625,1.0,0.0,8.812638452302991,7.089623278872919,7.089623278872919,9.361213736083824,7.715487884741322,7.402750491159136,7.578880157170923,7.950785854616896,7.616797642436149,0.4307484272878864,0.18835098076111587,0.7235775171616353,0.6875,0.7314694042836047,0.27210216110019647,0.317935996773131,1.2842094161909734,"{""llm_generation_error"": 4, ""parse_fail"": 6, ""success"": 1014}"
focal_v3_e0_t1_g8_Qwen3-1.7B-Base,76,0,1024,64,0.98828125,1.0,0.0,8.869122189284157,7.174757652437315,7.174757652437315,9.401937565876153,7.803491436100131,7.442687747035573,7.661264822134387,8.029644268774705,7.719565217391304,0.4790783633769941,0.1734379483421423,0.7410987965309846,0.546875,0.7523678699197596,0.2183794466403162,0.20116034256475326,1.1401829744878096,"{""llm_generation_error"": 1, ""parse_fail"": 12, ""success"": 1011}"
focal_v3_e0_t1_g8_Qwen3-1.7B-Base,77,0,1024,64,0.984375,1.0,0.0,8.863504442239858,7.127809577907419,7.127809577907419,9.438461028439152,7.71359126984127,7.507936507936508,7.512202380952381,7.96468253968254,7.663888888888889,0.43069807308286584,0.18922538353755566,0.6940949103687427,0.671875,0.7711669718752944,0.2261904761904762,0.16869158760515973,1.289851052714434,"{""parse_fail"": 16, ""success"": 1008}"
focal_v3_e0_t1_g8_Qwen3-1.7B-Base,78,0,1024,64,0.9912109375,1.0,0.0,8.891968746579094,7.180156710323316,7.180156710323316,9.416031937602629,7.843842364532019,7.505418719211822,7.730344827586206,8.11152709359606,7.689655172413793,0.4223891922856876,0.1921527373846703,0.7448747129441299,0.578125,0.7643019656920681,0.21674876847290642,0.1810837332212112,1.3267903555155627,"{""llm_generation_error"": 1, ""parse_fail"": 9, ""success"": 1014}"
focal_v3_e0_t1_g8_Qwen3-1.7B-Base,79,0,1024,64,0.986328125,1.0,0.0,8.83837178217821,7.047076506961603,7.047076506961603,9.396600577557757,7.721914191419142,7.433663366336634,7.50940594059406,8.018514851485149,7.637821782178218,0.4278791499822816,0.18442393947836325,0.75023862720031,0.6875,0.7463337464935053,0.2198019801980198,0.20376289016393997,1.3399103286821,"{""llm_generation_error"": 1, ""parse_fail"": 10, ""render_engine_error"": 4, ""success"": 1009}"
focal_v3_e0_t1_g8_Qwen3-1.7B-Base,80,0,1024,64,0.990234375,1.0,0.0,8.929344521148373,7.299385184530177,7.299385184530177,9.436801134122286,7.914431295200526,7.585798816568047,7.758974358974359,8.114003944773176,7.870315581854044,0.4413968678949588,0.18583460292456633,0.748064794520455,0.65625,0.7532128006920242,0.23767258382642997,0.1419044367785801,1.0291153233281964,"{""parse_fail"": 10, ""success"": 1014}"
focal_v3_e0_t1_g8_Qwen3-1.7B-Base,81,0,1024,64,0.9853515625,1.0,0.0,8.939815284660284,7.392348446716075,7.392348446716075,9.434714667988109,7.950016518004625,7.581764122893954,7.870664023785927,8.118632309217046,7.860753221010902,0.4656478767839634,0.17760689837227575,0.7098430763733308,0.625,0.7711322846046312,0.21407333994053518,0.17723077994607794,0.9415912233506568,"{""llm_generation_error"": 1, ""parse_fail"": 12, ""render_engine_error"": 3, ""success"": 1008}"
focal_v3_e0_t1_g8_Qwen3-1.7B-Base,82,0,1024,64,0.984375,1.0,0.0,8.946075650352743,7.323982953615194,7.323982953615194,9.448015591931217,7.942195767195766,7.595238095238095,7.884424603174603,8.151289682539682,7.790873015873015,0.48729310207038,0.16961149883607365,0.7435969612069799,0.6875,0.7544320709385685,0.22916666666666666,0.16289105162734685,1.023769175363161,"{""parse_fail"": 16, ""success"": 1008}"
focal_v3_e0_t1_g8_Qwen3-1.7B-Base,83,0,1024,64,0.98046875,1.0,0.0,8.874347631695437,7.274973869627729,7.274973869627729,9.395568592297478,7.831905710491367,7.543824701195219,7.67011952191235,8.076394422310758,7.749203187250996,0.43269752615210383,0.18494702714579217,0.7086674695290041,0.796875,0.7375912668503671,0.22808764940239043,0.24376076325591928,1.1855464807884608,"{""llm_generation_error"": 2, ""parse_fail"": 17, ""render_engine_error"": 3, ""success"": 1002}"
focal_v3_e0_t1_g8_Qwen3-1.7B-Base,84,0,1024,64,0.98828125,1.0,0.0,8.868190217391303,7.177111068611847,7.177111068611847,9.385783349802372,7.833003952569171,7.409090909090909,7.728260869565218,8.08399209486166,7.686758893280633,0.5201491048691237,0.1593482122497876,0.7307521531055307,0.6875,0.7352499038319588,0.24308300395256918,0.17826515183712502,1.0446484621065795,"{""llm_generation_error"": 1, ""parse_fail"": 12, ""success"": 1011}"
focal_v3_e0_t1_g8_Qwen3-1.7B-Base,85,0,1024,64,0.984375,1.0,0.0,8.895548511904764,7.3119587070198175,7.3119587070198175,9.393669990079365,7.899305555555556,7.476190476190476,7.781150793650794,8.161805555555556,7.754960317460317,0.5112562760881058,0.16198232738635582,0.7264185291185942,0.640625,0.7184781783175855,0.25992063492063494,0.16237499719041573,0.8776526656845874,"{""parse_fail"": 11, ""render_engine_error"": 5, ""success"": 1008}"
focal_v3_e0_t1_g8_Qwen3-1.7B-Base,86,0,1024,64,0.9912109375,1.0,0.0,8.943761094690736,7.424499693198153,7.424499693198153,9.410239343185548,8.01080459770115,7.566502463054187,7.876945812807882,8.18384236453202,7.971625615763546,0.5088647269529257,0.16346875212879386,0.7166747998196278,0.59375,0.7460608267011147,0.26403940886699506,0.13811317656766772,0.8401359365567126,"{""parse_fail"": 6, ""render_engine_error"": 3, ""success"": 1015}"
focal_v3_e0_t1_g8_Qwen3-1.7B-Base,87,0,1024,64,0.9912109375,1.0,0.0,8.921196245210734,7.27623248440766,7.27623248440766,9.4157352545156,7.932118226600985,7.6,7.830541871921183,8.188965517241378,7.7768472906403945,0.44334664420117903,0.18537692109113832,0.7673444556248484,0.59375,0.7094744107519346,0.24532019704433497,0.2237912806024164,1.183295385697389,"{""llm_generation_error"": 3, ""parse_fail"": 9, ""success"": 1012}"
focal_v3_e0_t1_g8_Qwen3-1.7B-Base,88,0,1024,64,0.9775390625,1.0,0.0,8.897986424686431,7.328801246439908,7.328801246439908,9.405654295704295,7.882650682650682,7.614385614385615,7.777722277722278,8.071028971028971,7.799200799200799,0.49767374542335796,0.16608187218062564,0.7116968064175997,0.6875,0.7536534705051794,0.22777222777222778,0.1949294886463073,1.0859177846791552,"{""parse_fail"": 13, ""render_engine_error"": 10, ""success"": 1001}"
focal_v3_e0_t1_g8_Qwen3-1.7B-Base,89,0,1024,64,0.9833984375,1.0,0.0,8.895250402736416,7.316684615118633,7.316684615118633,9.388837206223107,7.908076795762992,7.586891757696127,7.823435948361469,8.130188679245283,7.7706057596822244,0.45830983197800795,0.17871352751098177,0.7205856309080747,0.5625,0.718615813795498,0.2571996027805363,0.20659308752138222,1.0978845696272388,"{""llm_generation_error"": 1, ""parse_fail"": 13, ""render_engine_error"": 4, ""success"": 1006}"
focal_v3_e0_t1_g8_Qwen3-1.7B-Base,90,0,1024,64,0.9892578125,1.0,0.0,8.937214588132074,7.437839759666267,7.437839759666267,9.440849851924975,7.929944060546233,7.699901283316881,7.885488647581441,8.15014807502468,7.754195459032577,0.43596106265906115,0.18760366401939135,0.7148978145425532,0.65625,0.732505508415829,0.24481737413622903,0.18446635475826795,1.1641168803211914,"{""parse_fail"": 10, ""render_engine_error"": 1, ""success"": 1013}"
focal_v3_e0_t1_g8_Qwen3-1.7B-Base,91,0,1024,64,0.986328125,1.0,0.0,8.869837073707387,7.205416459077131,7.205416459077131,9.403963531353137,7.801584158415841,7.6198019801980195,7.71039603960396,8.092673267326733,7.601683168316831,0.39545244508234834,0.20114063193840861,0.7211611737608372,0.6875,0.7285788504352166,0.2594059405940594,0.24967201421819718,1.170217369486887,"{""llm_generation_error"": 2, ""parse_fail"": 8, ""render_engine_error"": 6, ""success"": 1008}"
focal_v3_e0_t1_g8_Qwen3-1.7B-Base,92,0,1024,64,0.990234375,1.0,0.0,8.908090390094253,7.277114736991717,7.277114736991717,9.440077728468115,7.844115713346484,7.767258382642998,7.590828402366864,8.135502958579883,7.806015779092703,0.3474595834691076,0.21715514409849024,0.7167556250489209,0.65625,0.7401551604422174,0.22090729783037474,0.21494593815710092,1.0974656877695474,"{""llm_generation_error"": 1, ""parse_fail"": 9, ""render_engine_error"": 1, ""success"": 1013}"
focal_v3_e0_t1_g8_Qwen3-1.7B-Base,93,0,1024,64,0.982421875,1.0,0.0,8.943293571901927,7.458477666600658,7.458477666600658,9.41914844267727,7.991583830351225,7.618290258449304,7.929522862823062,8.183399602385686,7.861829025844931,0.502024762653187,0.16585462270223206,0.7077440973322896,0.6875,0.732372540971358,0.24353876739562624,0.20175745099197384,0.9714999338650772,"{""llm_generation_error"": 1, ""parse_fail"": 12, ""render_engine_error"": 6, ""success"": 1005}"
focal_v3_e0_t1_g8_Qwen3-1.7B-Base,94,0,1024,64,0.978515625,1.0,0.0,8.957294322466186,7.579968500393602,7.579968500393602,9.411440485695278,8.049001996007984,7.728542914171657,7.991017964071856,8.192614770459082,7.963373253493014,0.4687713979041146,0.17501600843540124,0.683902146276871,0.609375,0.7232687264193467,0.25349301397205587,0.19415660362487708,0.9258541869853792,"{""llm_generation_error"": 1, ""parse_fail"": 6, ""render_engine_error"": 16, ""success"": 1001}"
focal_v3_e0_t1_g8_Qwen3-1.7B-Base,95,0,1024,64,0.982421875,1.0,0.0,8.947024541639063,7.4771613851303265,7.4771613851303265,9.432531510934394,7.976010603048376,7.7673956262425445,7.844831013916501,8.219383697813122,7.863817097415507,0.4160748038995343,0.1909224667651309,0.6892118096920653,0.6875,0.7341912849545843,0.22266401590457258,0.18726893764000535,0.9806065943548797,"{""parse_fail"": 8, ""render_engine_error"": 10, ""success"": 1006}"
focal_v3_e0_t1_g8_Qwen3-1.7B-Base,96,0,1024,64,0.9853515625,1.0,0.0,8.937690540689362,7.4596428098950565,7.4596428098950565,9.41106174430129,7.990948133465477,7.657086223984143,7.891575817641229,8.220515361744301,7.860753221010902,0.45321702477756476,0.18079207512194573,0.7239244801893222,0.65625,0.6933365197032272,0.2606541129831516,0.20297264162571627,1.0074604625338635,"{""llm_generation_error"": 2, ""parse_fail"": 12, ""render_engine_error"": 3, ""success"": 1007}"
focal_v3_e0_t1_g8_Qwen3-1.7B-Base,97,0,1024,64,0.9814453125,1.0,0.0,8.956692636815927,7.581920530876118,7.581920530876118,9.42036233830846,8.029353233830847,7.7432835820895525,7.941393034825871,8.203880597014926,7.942786069651741,0.44875216605288387,0.18169276303509688,0.6726022829751563,0.625,0.7267884734099571,0.23980099502487562,0.15717596626404456,0.85599327211802,"{""parse_fail"": 13, ""render_engine_error"": 6, ""success"": 1005}"
focal_v3_e0_t1_g8_Qwen3-1.7B-Base,98,0,1024,64,0.986328125,1.0,0.0,8.981357084708463,7.544436165908506,7.544436165908506,9.442662689768976,8.058745874587459,7.827722772277228,7.975841584158416,8.30069306930693,7.89970297029703,0.418112205906594,0.19051539641329615,0.7116564425524234,0.578125,0.7465841181257287,0.22871287128712872,0.1587640860599463,0.9404983855212734,"{""parse_fail"": 12, ""render_engine_error"": 2, ""success"": 1010}"
focal_v3_e0_t1_g8_Qwen3-1.7B-Base,99,0,1024,64,0.9892578125,1.0,0.0,8.899759350663599,7.335324206620811,7.335324206620811,9.375798947022046,7.947680157946693,7.652517275419546,7.852912142152023,8.224086870681145,7.76604146100691,0.4656126681248115,0.17589512498787804,0.7447306283712996,0.671875,0.6889568809660349,0.26554787759131293,0.185623264062149,1.0022214766072697,"{""llm_generation_error"": 1, ""parse_fail"": 8, ""render_engine_error"": 3, ""success"": 1012}"
focal_v3_e0_t1_g8_Qwen3-1.7B-Base,100,0,1024,64,0.9853515625,1.0,0.0,8.910872602136335,7.393402168134991,7.393402168134991,9.402285117277833,7.9280475718533205,7.688800792864222,7.792467789890981,8.206541129831518,7.785133795837463,0.4745419608783912,0.17080281715251555,0.7001860777169255,0.703125,0.7187883242930763,0.2348860257680872,0.23829698490768902,1.1675032930944793,"{""llm_generation_error"": 2, ""parse_fail"": 3, ""render_engine_error"": 12, ""success"": 1007}"
focal_v3_e0_t1_g8_Qwen3-1.7B-Base,101,0,1024,64,0.9775390625,1.0,0.0,8.976102242202236,7.534814792345556,7.534814792345556,9.439161688311687,8.049983349983352,7.816183816183816,7.94975024975025,8.276123876123878,7.924075924075924,0.4261045369059437,0.18549664389701612,0.7243060651238863,0.59375,0.6988874050765088,0.25574425574425574,0.15020469326561967,0.857026378998829,"{""parse_fail"": 13, ""render_engine_error"": 10, ""success"": 1001}"
focal_v3_e0_t1_g8_Qwen3-1.7B-Base,102,0,1024,64,0.978515625,1.0,0.0,8.94205687513862,7.499755840189346,7.499755840189346,9.387370076513639,8.051430472388557,7.786427145708583,7.915568862275449,8.273453093812375,7.9652694610778445,0.42074402418613405,0.19003720531492543,0.737084353056969,0.6875,0.6861709661106223,0.2684630738522954,0.18569132331702223,0.8259404457035544,"{""llm_generation_error"": 1, ""parse_fail"": 9, ""render_engine_error"": 13, ""success"": 1001}"
focal_v3_e0_t1_g8_Qwen3-1.7B-Base,103,0,1024,64,0.994140625,1.0,0.0,8.96522808338791,7.597302941522144,7.597302941522144,9.379898444662738,8.135887360838245,7.719056974459725,8.047838899803537,8.301375245579568,8.05844793713163,0.556718138273131,0.14500000078383013,0.7339807069613313,0.734375,0.7054955941069235,0.25343811394891946,0.20059215389213353,0.9142372753105891,"{""llm_generation_error"": 1, ""parse_fail"": 2, ""render_engine_error"": 4, ""success"": 1017}"
focal_v3_e0_t1_g8_Qwen3-1.7B-Base,104,0,1024,64,0.9765625,1.0,0.0,8.958832388888892,7.560163439305885,7.560163439305885,9.383215250000001,8.110066666666667,7.734,8.019400000000001,8.296899999999999,8.0139,0.5004271143267229,0.16491123891552398,0.7143549551879897,0.640625,0.7154473274685342,0.246,0.20400246856841153,0.9198637537071082,"{""llm_generation_error"": 1, ""parse_fail"": 9, ""render_engine_error"": 15, ""success"": 999}"
focal_v3_e0_t1_g8_Qwen3-1.7B-Base,105,0,1024,64,0.982421875,1.0,0.0,8.979134426772704,7.5180727946682895,7.5180727946682895,9.429155583167658,8.079092113982771,7.850894632206759,7.92624254473161,8.316003976143143,7.995029821073559,0.39399002451654613,0.20183012438094336,0.732767798763873,0.640625,0.6722435558618657,0.2654075546719682,0.15356786688063206,0.7798212845316872,"{""parse_fail"": 8, ""render_engine_error"": 10, ""success"": 1006}"
focal_v3_e0_t1_g8_Qwen3-1.7B-Base,106,0,1024,64,0.9853515625,1.0,0.0,8.921647098337187,7.488679223749799,7.488679223749799,9.364812900561612,8.035315493888339,7.680872150644202,8.0199207135778,8.229236868186323,7.856788899900892,0.4791335768770265,0.1723328975466958,0.717840853357165,0.703125,0.6526381391242271,0.2705649157581764,0.26002778187378384,0.948444096901676,"{""llm_generation_error"": 2, ""parse_fail"": 8, ""render_engine_error"": 7, ""success"": 1007}"
focal_v3_n16_e005_t10_g5_Qwen3-1.7B,1,0,1024,64,0.990234375,1.0,0.0,7.825634779750159,5.246835623082772,5.246835623082772,8.910855193951347,5.655193951347798,5.913214990138067,5.636883629191321,6.03560157790927,5.293096646942801,0.2433637678370396,0.24312448365156436,0.5023889935996018,0.71875,0.8761498613002032,0.16863905325443787,1.4258711371605632,3.3178766509629054,"{""llm_generation_error"": 60, ""parse_fail"": 8, ""render_engine_error"": 2, ""success"": 954}"
focal_v3_n16_e005_t10_g5_Qwen3-1.7B,2,0,1024,64,0.9931640625,1.0,0.0,7.790089194799516,5.315297241103753,5.315297241103753,8.88734618157981,5.595575221238938,5.83874139626352,5.473746312684366,5.978957718780728,5.33402163225172,0.24126124098265342,0.24670907746883142,0.4614613281069332,0.71875,0.8874776707454854,0.13274336283185842,1.4110677801118996,3.0355432248871277,"{""llm_generation_error"": 62, ""parse_fail"": 5, ""render_engine_error"": 2, ""success"": 955}"
focal_v3_n16_e005_t10_g5_Qwen3-1.7B,3,0,1024,64,0.9912109375,1.0,0.0,7.930112884510111,5.51089359405603,5.51089359405603,8.929750607553364,5.930837438423645,6.072906403940887,5.854679802955665,6.393004926108375,5.544827586206897,0.2642877778058137,0.228970996037922,0.4835896678547684,0.65625,0.8812057061895967,0.15073891625615762,1.2757554583491237,3.2079900315874923,"{""llm_generation_error"": 50, ""parse_fail"": 9, ""success"": 965}"
focal_v3_n16_e005_t10_g5_Qwen3-1.7B,4,0,1024,64,0.9892578125,1.0,0.0,8.017038510474919,5.677656176262923,5.677656176262923,8.993079976966106,6.064955577492596,6.110562685093781,5.990918065153011,6.4046396841066136,5.799308983218164,0.29058866639859254,0.22872558065058546,0.49341875097505883,0.734375,0.879348679903112,0.16288252714708787,1.20010679602381,3.0290900438523085,"{""llm_generation_error"": 45, ""parse_fail"": 11, ""success"": 968}"
focal_v3_n16_e005_t10_g5_Qwen3-1.7B,5,0,1024,64,0.990234375,1.0,0.0,8.054378687267151,5.823716169198217,5.823716169198217,8.95263969428008,6.257856673241289,6.236686390532545,6.211045364891519,6.568441814595661,5.994082840236686,0.2826786435128967,0.22003287118070528,0.4875806528727691,0.625,0.8765793971610206,0.13806706114398423,1.1246364435717857,2.9412701584497793,"{""llm_generation_error"": 42, ""parse_fail"": 10, ""success"": 972}"
focal_v3_n16_e005_t10_g5_Qwen3-1.7B,6,0,1024,64,0.9892578125,1.0,0.0,8.034374531095748,5.804543770334051,5.804543770334051,8.845770417900626,6.411582757486015,6.142152023692004,6.309970384995064,6.837907206317868,6.086870681145114,0.3443769801013808,0.19337856065362344,0.5425684979237747,0.65625,0.8570357167977161,0.14313919052319843,1.4661443526921862,3.3321147521873824,"{""llm_generation_error"": 61, ""parse_fail"": 11, ""success"": 952}"
focal_v3_n16_e005_t10_g5_Qwen3-1.7B,7,0,1024,64,0.994140625,1.0,0.0,8.12545626500764,5.974273256389789,5.974273256389789,8.920453552717747,6.535461689587428,6.168958742632613,6.418958742632613,6.934479371316308,6.25294695481336,0.361179973586224,0.19622142666473494,0.5220476119673496,0.578125,0.8500609085533629,0.14734774066797643,1.1162608415695978,2.646606165596477,"{""llm_generation_error"": 43, ""parse_fail"": 6, ""success"": 975}"
focal_v3_n16_e005_t10_g5_Qwen3-1.7B,8,0,1024,64,0.994140625,1.0,0.0,8.15349888670596,6.061036812833337,6.061036812833337,8.94219986902423,6.576096922069418,6.37524557956778,6.4975442043222005,7.012180746561887,6.218565815324165,0.32049939386822135,0.20291480938964912,0.5134322715633556,0.5625,0.8587564621698953,0.1444007858546169,1.2099298270215741,2.6968011362975455,"{""llm_generation_error"": 46, ""parse_fail"": 6, ""success"": 972}"
focal_v3_n16_e005_t10_g5_Qwen3-1.7B,9,0,1024,64,0.99609375,1.0,0.0,8.141703823529408,6.03256384117187,6.03256384117187,8.916559003267976,6.591993464052287,6.392156862745098,6.398235294117647,7.048039215686274,6.3297058823529415,0.3152673095969801,0.2007703653144246,0.5223478068291101,0.734375,0.8570662853997321,0.1480392156862745,1.210179315927072,2.8731014344884676,"{""llm_generation_error"": 47, ""parse_fail"": 4, ""success"": 973}"
focal_v3_n16_e005_t10_g5_Qwen3-1.7B,10,0,1024,64,0.9931640625,1.0,0.0,8.282384999453729,6.228326966437533,6.228326966437533,9.025560455588332,6.7960340871845295,6.568338249754179,6.534316617502458,7.308751229105211,6.54503441494592,0.3269712486489921,0.19955947210252112,0.5193841474571786,0.625,0.8357403414967607,0.17797443461160276,0.6263574288560143,1.7765685591657663,"{""llm_generation_error"": 19, ""parse_fail"": 7, ""success"": 998}"
focal_v3_n16_e005_t10_g5_Qwen3-1.7B,11,0,1024,64,0.9931640625,1.0,0.0,8.2731564405113,6.211321063809022,6.211321063809022,9.013077826941986,6.793313667649951,6.572271386430678,6.591445427728614,7.292723697148476,6.4957718780727625,0.31376190941544024,0.20088024536976432,0.5233704969284737,0.609375,0.8518656985415982,0.14060963618485742,0.7443848265786291,2.0667286425862077,"{""llm_generation_error"": 21, ""parse_fail"": 7, ""success"": 996}"
focal_v3_n16_e005_t10_g5_Qwen3-1.7B,12,0,1024,64,0.990234375,1.0,0.0,8.382302476440925,6.301572897252466,6.301572897252466,9.041155884286654,7.064595660749506,6.504930966469428,6.999704142011834,7.462820512820514,6.731262327416173,0.41339927218367567,0.17177243252357965,0.5772382276235964,0.71875,0.8387757862737187,0.16272189349112426,0.6972253499758695,1.8012088993011577,"{""llm_generation_error"": 22, ""parse_fail"": 10, ""success"": 992}"
focal_v3_n16_e005_t10_g5_Qwen3-1.7B,13,0,1024,64,0.9921875,1.0,0.0,8.364395767716543,6.296149021025153,6.296149021025153,9.082453231627296,6.928280839895014,6.6141732283464565,6.830216535433071,7.416732283464567,6.537893700787402,0.32585968698238665,0.1991143883702343,0.5309586119576735,0.640625,0.8487628478805774,0.1466535433070866,0.5225362289391581,1.590961554748906,"{""llm_generation_error"": 14, ""parse_fail"": 8, ""success"": 1002}"
focal_v3_n16_e005_t10_g5_Qwen3-1.7B,14,0,1024,64,0.9921875,1.0,0.0,8.465857272528433,6.5490821480477575,6.5490821480477575,9.114140239501312,7.169291338582678,6.671259842519685,7.047736220472441,7.537401574803151,6.922736220472441,0.3820725591387201,0.18961460226547974,0.5439870478723656,0.671875,0.866406333296336,0.17716535433070865,0.43780029123513653,1.4084514201043816,"{""llm_generation_error"": 11, ""parse_fail"": 8, ""success"": 1005}"
focal_v3_n16_e005_t10_g5_Qwen3-1.7B,15,0,1024,64,0.99609375,1.0,0.0,8.51536628540306,6.612619721339086,6.612619721339086,9.122787990196079,7.300522875816994,6.670588235294118,7.21843137254902,7.616666666666666,7.066470588235294,0.4105585157402369,0.16875956081809948,0.5277956169200049,0.75,0.8722277362777643,0.1568627450980392,0.4278145407028609,1.5763311352673548,"{""llm_generation_error"": 9, ""parse_fail"": 4, ""success"": 1011}"
focal_v3_n16_e005_t10_g5_Qwen3-1.7B,16,0,1024,64,0.9951171875,1.0,0.0,8.522042296368982,6.626065646163955,6.626065646163955,9.149910026169447,7.266306836768074,6.790971540726202,7.193523061825319,7.629440628066732,6.9759568204121685,0.39190346887478195,0.18107061717873885,0.5587643001704946,0.703125,0.8427236715315585,0.16879293424926398,0.4421844430783457,1.5505118946251986,"{""llm_generation_error"": 11, ""parse_fail"": 5, ""success"": 1008}"
focal_v3_n16_e005_t10_g5_Qwen3-1.7B,17,0,1024,64,0.9931640625,1.0,0.0,8.436249349939905,6.484705268622826,6.484705268622826,9.085773566043919,7.137200917731891,6.680432645034415,6.975712881022615,7.4648967551622425,6.970993117010816,0.36576976268906564,0.18334968520750142,0.5408777750759741,0.703125,0.8287988860795835,0.16617502458210423,0.6081770193894033,1.989725330268466,"{""llm_generation_error"": 16, ""parse_fail"": 7, ""success"": 1001}"
focal_v3_n16_e005_t10_g5_Qwen3-1.7B,18,0,1024,64,0.98828125,1.0,0.0,8.519676965305214,6.4961720863333765,6.4961720863333765,9.161415974967063,7.236198945981555,6.75494071146245,7.169960474308301,7.619960474308301,6.918675889328063,0.37286273577175844,0.1847456469120261,0.5735801542274267,0.5625,0.840061866520992,0.17490118577075098,0.2852050462964885,1.3439748520019446,"{""llm_generation_error"": 4, ""parse_fail"": 12, ""success"": 1008}"
focal_v3_n16_e005_t10_g5_Qwen3-1.7B,19,0,1024,64,0.9931640625,1.0,0.0,8.553217130995314,6.532516474203162,6.532516474203162,9.207160996394625,7.245329400196657,6.926253687315635,7.039331366764995,7.705998033431663,6.990658800393314,0.363351480899758,0.19304058353112233,0.5771181174774125,0.71875,0.8109368336224486,0.21140609636184857,0.24625825275128188,1.207290718559422,"{""llm_generation_error"": 4, ""parse_fail"": 7, ""success"": 1013}"
focal_v3_n16_e005_t10_g5_Qwen3-1.7B,20,0,1024,64,0.9921875,1.0,0.0,8.622472189413818,6.773207262667231,6.773207262667231,9.2121531660105,7.443110236220472,6.846456692913386,7.345275590551181,7.7448818897637794,7.2391732283464565,0.4428377310398617,0.17107334025297372,0.5627483726506316,0.578125,0.8284694776278224,0.18011811023622049,0.3776508933628832,1.4429480083095405,"{""llm_generation_error"": 7, ""parse_fail"": 8, ""success"": 1009}"
focal_v3_n16_e005_t10_g5_Qwen3-1.7B,21,0,1024,64,0.9921875,1.0,0.0,8.55576762904636,6.615265190667235,6.615265190667235,9.16660748031496,7.334087926509187,6.791338582677166,7.252755905511811,7.708169291338582,7.041338582677166,0.40668293404783223,0.18120227551980403,0.5810928135977608,0.6875,0.8227232551203177,0.18110236220472442,0.3746390356180688,1.3626778657989438,"{""llm_generation_error"": 8, ""parse_fail"": 8, ""success"": 1008}"
focal_v3_n16_e005_t10_g5_Qwen3-1.7B,22,0,1024,64,0.3154296875,0.59375,0.6845703125,8.429590230478151,6.037353721990592,6.037353721990592,9.250370897832816,6.788028895768835,6.848297213622291,6.657275541795666,7.355417956656347,6.351393188854489,0.29734782671686477,0.22971004549816867,0.6342123928197879,0.7878787878787878,0.6993473154471797,0.24842767295597484,0.47816122949652573,1.4537651784631398,"{""llm_generation_error"": 4, ""request_error"": 701, ""success"": 319}"
focal_v3_n16_e005_t5_g5_Qwen3-1.7B,1,0,1024,64,0.9912109375,1.0,0.0,7.819310870279133,5.344432458994397,5.344432458994397,8.891889129720854,5.674154351395731,5.864039408866995,5.6330049261083746,5.997635467980296,5.391822660098522,0.2610579006002207,0.24010243766290765,0.47597136188602507,0.75,0.8835329712367314,0.14679802955665025,1.5694362742092662,3.3625022653909413,"{""llm_generation_error"": 72, ""parse_fail"": 8, ""render_engine_error"": 1, ""success"": 943}"
focal_v3_n16_e005_t5_g5_Qwen3-1.7B,2,0,1024,64,0.9873046875,1.0,0.0,7.7507896801846305,5.226584801014722,5.226584801014722,8.837394543356412,5.577579953841081,5.738872403560831,5.470326409495549,5.948862512363997,5.313550939663699,0.251134551812343,0.2396916397090774,0.47294577016092826,0.703125,0.8832346556307561,0.142433234421365,1.5623729291400963,3.2565001638660878,"{""llm_generation_error"": 71, ""parse_fail"": 11, ""render_engine_error"": 2, ""success"": 940}"
focal_v3_n16_e005_t5_g5_Qwen3-1.7B,3,0,1024,64,0.9892578125,1.0,0.0,7.816611198859259,5.310480730522102,5.310480730522102,8.879507124053964,5.6908193484698915,5.893385982230997,5.624086870681145,6.118657453109576,5.329713721618954,0.2599430265341672,0.24018938438453896,0.4840261414149175,0.671875,0.8868009658595861,0.13919052319842054,1.5913321085608074,3.448935686798742,"{""llm_generation_error"": 69, ""parse_fail"": 11, ""success"": 944}"
focal_v3_n16_e005_t5_g5_Qwen3-1.7B,4,0,1024,64,0.994140625,1.0,0.0,7.905542949137733,5.426178446626329,5.426178446626329,8.941434921414539,5.833759004584152,5.944990176817289,5.783889980353635,6.16041257367387,5.556974459724951,0.28982585523334287,0.22988377379776262,0.5027743616414503,0.5625,0.8807438839978068,0.13555992141453832,1.4029683905576036,3.3307134187233767,"{""llm_generation_error"": 54, ""parse_fail"": 6, ""success"": 964}"
focal_v3_n16_e005_t5_g5_Qwen3-1.7B,5,0,1024,64,0.98828125,1.0,0.0,7.946203216952118,5.6959198404740565,5.6959198404740565,8.888590069169961,6.061429512516469,6.205533596837944,6.050395256916996,6.405928853754942,5.72796442687747,0.2557250442082364,0.23318187806222224,0.4933613725440041,0.65625,0.8774595250332712,0.13932806324110672,1.624434877466772,3.775742879412117,"{""llm_generation_error"": 63, ""parse_fail"": 12, ""success"": 949}"
focal_v3_n16_e005_t5_g5_Qwen3-1.7B,6,0,1024,64,0.990234375,1.0,0.0,8.14459018189787,5.934093427352556,5.934093427352556,8.963745890861274,6.506278763971072,6.3017751479289945,6.431952662721893,6.943688362919133,6.14319526627219,0.3406173670581934,0.20312903837445137,0.538257712157544,0.625,0.8664163527816464,0.16370808678500987,1.0761948002751576,2.6314827398077543,"{""llm_generation_error"": 40, ""parse_fail"": 10, ""success"": 974}"
focal_v3_n16_e005_t5_g5_Qwen3-1.7B,7,0,1024,64,0.9931640625,1.0,0.0,8.098748628864852,5.893552066148418,5.893552066148418,8.922213405440838,6.451819075712881,6.23992133726647,6.333726647000983,6.853785644051131,6.1679449360865295,0.3370959360543615,0.20284287326038908,0.5303224103060493,0.53125,0.8645676137522522,0.14749262536873156,1.2167160471026408,2.868711876476832,"{""llm_generation_error"": 45, ""parse_fail"": 7, ""success"": 972}"
focal_v3_n16_e005_t5_g5_Qwen3-1.7B,8,0,1024,64,0.9931640625,1.0,0.0,8.19067901234567,6.0072814147727875,6.0072814147727875,8.979135529334645,6.6137659783677485,6.353982300884955,6.521140609636185,7.086823992133728,6.233333333333333,0.33986543346151016,0.20288280515218768,0.540679899100257,0.609375,0.8624833227458105,0.15634218289085547,0.9965224513651827,2.52327090267185,"{""llm_generation_error"": 36, ""parse_fail"": 7, ""success"": 981}"
focal_v3_n16_e005_t5_g5_Qwen3-1.7B,9,0,1024,64,0.9951171875,1.0,0.0,8.176095191364098,6.112733003531575,6.112733003531575,8.95450915930651,6.619267255479227,6.42198233562316,6.458783120706575,7.07909715407262,6.319921491658489,0.30666138261896286,0.20832058799762496,0.5085100874018059,0.671875,0.8496864274293422,0.1422963689892051,1.1320933843668446,2.668598921410469,"{""llm_generation_error"": 43, ""parse_fail"": 5, ""success"": 976}"
focal_v3_n16_e005_t5_g5_Qwen3-1.7B,10,0,1024,64,0.9873046875,1.0,0.0,8.309881932080453,6.260644473095312,6.260644473095312,9.048436482030992,6.832772832179361,6.58753709198813,6.580316518298714,7.330464886251237,6.58753709198813,0.3383689311834491,0.19651173855051438,0.5274236300657631,0.765625,0.8520921977737879,0.1651829871414441,0.5706480158605931,1.7032447456127104,"{""llm_generation_error"": 17, ""parse_fail"": 13, ""success"": 994}"
focal_v3_n16_e005_t5_g5_Qwen3-1.7B,11,0,1024,64,0.9951171875,1.0,0.0,8.340697088649005,6.270210433507404,6.270210433507404,9.06737536800785,6.887340529931305,6.665358194308145,6.687733071638862,7.38135426889107,6.592934249263984,0.3242896058131764,0.20102402451097226,0.5521228288923541,0.59375,0.8057245565496454,0.1815505397448479,0.6550289790841637,1.8896956217098622,"{""llm_generation_error"": 18, ""parse_fail"": 5, ""success"": 1001}"
focal_v3_n16_e005_t5_g5_Qwen3-1.7B,12,0,1024,64,0.9951171875,1.0,0.0,8.422013346418064,6.320375762881922,6.320375762881922,9.058191756624142,7.149656526005888,6.4847890088321885,7.0411187438665355,7.4909715407262025,6.916879293424927,0.44354609709067033,0.1614717363854626,0.5874447707976854,0.625,0.8478717482324494,0.18351324828263002,0.39662949606784037,1.3919568916485225,"{""llm_generation_error"": 9, ""parse_fail"": 5, ""success"": 1010}"
focal_v3_n16_e005_t5_g5_Qwen3-1.7B,13,0,1024,64,0.9951171875,1.0,0.0,8.365179424272162,6.312631805308248,6.312631805308248,9.080742639842983,6.93405299313052,6.518155053974485,6.828753680078508,7.368400392541708,6.605004906771344,0.3641854658979913,0.1924592742532603,0.5356888783572924,0.671875,0.8420370005180053,0.16683022571148184,0.5146541387347658,1.5205279066160153,"{""llm_generation_error"": 15, ""parse_fail"": 5, ""success"": 1004}"
focal_v3_n16_e005_t5_g5_Qwen3-1.7B,14,0,1024,64,0.994140625,1.0,0.0,8.451445896092546,6.503337398374546,6.503337398374546,9.106343696791095,7.141650294695481,6.738703339882122,7.052062868369352,7.593418467583497,6.779469548133595,0.364836857956911,0.18935904493508784,0.5440355484670181,0.703125,0.8411448196167356,0.17681728880157171,0.45884957019650136,1.499497187253349,"{""llm_generation_error"": 11, ""parse_fail"": 6, ""success"": 1007}"
focal_v3_n16_e005_t5_g5_Qwen3-1.7B,15,0,1024,64,0.986328125,1.0,0.0,8.515386336633656,6.546820592719562,6.546820592719562,9.134432640264025,7.277293729372938,6.6217821782178214,7.243861386138614,7.54940594059406,7.038613861386138,0.42192806191815607,0.1691459584277499,0.5559883693996596,0.671875,0.8241981018290785,0.1900990099009901,0.34049859993305354,1.5301413181193984,"{""llm_generation_error"": 6, ""parse_fail"": 14, ""success"": 1004}"
focal_v3_n16_e005_t5_g5_Qwen3-1.7B,16,0,1024,64,0.9892578125,1.0,0.0,8.529709114840403,6.695924291824495,6.695924291824495,9.143987824942414,7.301151694636395,6.777887462981244,7.240868706811451,7.618163869693979,7.044422507403751,0.40958448800132696,0.17508456765945835,0.5467056249403213,0.71875,0.8234971024550907,0.19052319842053306,0.4562732217099358,1.540382679088285,"{""llm_generation_error"": 11, ""parse_fail"": 11, ""success"": 1002}"
focal_v3_n16_e005_t5_g5_Qwen3-1.7B,17,0,1024,64,0.9951171875,1.0,0.0,8.488222254934033,6.514712252061567,6.514712252061567,9.13776354268891,7.189139679424272,6.704612365063788,7.049263984298332,7.540235525024535,6.9779195289499505,0.3859536662874081,0.18426079415824392,0.5579281720391498,0.671875,0.84059594489727,0.17762512266928362,0.43670349174956347,1.478260365087875,"{""llm_generation_error"": 10, ""parse_fail"": 5, ""success"": 1009}"
focal_v3_n16_e005_t5_g5_Qwen3-1.7B,18,0,1024,64,0.994140625,1.0,0.0,8.528040929927958,6.4763348855290195,6.4763348855290195,9.15715635232482,7.26981008513425,6.705304518664047,7.173379174852652,7.612475442043223,7.023575638506876,0.4052259267117006,0.17378058275345362,0.589068335300295,0.703125,0.8289706654941721,0.1787819253438114,0.30491707390333905,1.255066932301913,"{""llm_generation_error"": 6, ""parse_fail"": 6, ""success"": 1012}"
focal_v3_n16_e005_t5_g5_Qwen3-1.7B,19,0,1024,64,0.990234375,1.0,0.0,8.538623986412453,6.4975603937857,6.4975603937857,9.192502054569365,7.230867850098619,6.842209072978304,7.067357001972387,7.685404339250494,6.939842209072978,0.39125256672388686,0.1856754408359266,0.5833867226983908,0.578125,0.8293662432735007,0.1903353057199211,0.2572386241355715,1.230985524106997,"{""llm_generation_error"": 4, ""parse_fail"": 10, ""success"": 1010}"
focal_v3_n16_e005_t5_g5_Qwen3-1.7B,20,0,1024,64,0.986328125,1.0,0.0,8.63948157315732,6.7750402106271945,6.7750402106271945,9.211697607260726,7.495049504950495,6.867326732673267,7.43960396039604,7.843366336633664,7.202178217821782,0.45205906297257276,0.16823453975038438,0.580339075820234,0.65625,0.8225528110719542,0.19504950495049506,0.24857162833910607,1.224353586629243,"{""llm_generation_error"": 3, ""parse_fail"": 14, ""success"": 1007}"
focal_v3_n16_e005_t5_g5_Qwen3-1.7B,21,0,1024,64,0.994140625,1.0,0.0,8.571756308666238,6.656792597271654,6.656792597271654,9.174104666011788,7.367059593975115,6.803536345776031,7.2773084479371315,7.707269155206288,7.116601178781925,0.4123283439034553,0.1763276879291047,0.5603004515447443,0.65625,0.850677513893645,0.18958742632612965,0.23987301673271416,1.1904542818725556,"{""llm_generation_error"": 2, ""parse_fail"": 6, ""success"": 1016}"
focal_v3_n16_e005_t5_g5_Qwen3-1.7B,22,0,1024,64,0.294921875,0.625,0.705078125,8.295851913171452,5.832746301211488,5.832746301211488,9.123689569536422,6.6401766004415,6.443708609271523,6.565562913907285,7.083443708609271,6.271523178807947,0.34064979993721756,0.20999091423741345,0.6164788397166325,0.6875,0.8539249691715679,0.1836734693877551,0.6805138294169703,1.8841919256134836,"{""llm_generation_error"": 7, ""request_error"": 722, ""success"": 295}"
focal_v3_n16_e0_t1_g5_3e-6_4k_Qwen3-4B,1,0,1024,64,0.98828125,1.0,0.0,7.732298122529633,5.38193283920961,5.38193283920961,8.702020965085639,5.792852437417655,5.778656126482214,5.702569169960475,6.064822134387352,5.611166007905139,0.32020802459774,0.22592983371318795,0.5611809207048809,0.734375,0.8457048734930215,0.13142292490118576,2.771967793981189,5.114591820988426,"{""llm_generation_error"": 131, ""parse_fail"": 11, ""render_engine_error"": 1, ""success"": 881}"
focal_v3_n16_e0_t1_g5_3e-6_4k_Qwen3-4B,2,0,1024,64,0.98828125,1.0,0.0,8.039676910408433,5.601040044331022,5.601040044331022,8.977828936100133,6.163372859025034,6.138339920948616,5.936758893280633,6.553359683794467,6.0,0.3504237021151574,0.2155357872382014,0.5920332812270003,0.625,0.8588774676714112,0.16798418972332016,1.624512137566492,3.2579114508682987,"{""llm_generation_error"": 65, ""parse_fail"": 11, ""render_engine_error"": 1, ""success"": 947}"
focal_v3_n16_e0_t1_g5_3e-6_4k_Qwen3-4B,3,0,1024,64,0.9833984375,1.0,0.0,8.3969375041377,6.277268758351158,6.277268758351158,9.186932240979807,6.816948030453493,6.617676266137041,6.687487586891758,7.07914597815293,6.684210526315789,0.3813158471158855,0.20472871227725442,0.5851088338378304,0.640625,0.835956455706303,0.1906653426017875,0.8684301596173433,2.3162436578540766,"{""llm_generation_error"": 28, ""parse_fail"": 17, ""success"": 979}"
focal_v3_n16_e0_t1_g5_3e-6_4k_Qwen3-4B,4,0,1024,64,0.9912109375,1.0,0.0,8.628741127531462,6.655290425206347,6.655290425206347,9.28357146141215,7.319080459770114,6.953694581280788,7.256650246305418,7.572512315270936,7.12807881773399,0.44508339755438336,0.17981068881027876,0.6252298857594429,0.71875,0.8043090480128805,0.2246305418719212,0.29513262052632216,1.4108362017102973,"{""llm_generation_error"": 4, ""parse_fail"": 9, ""success"": 1011}"
focal_v3_n16_e0_t1_g5_3e-6_4k_Qwen3-4B,5,0,1024,64,0.98828125,1.0,0.0,8.648791293368474,6.760563555238908,6.760563555238908,9.234698797760208,7.476976284584981,6.928853754940712,7.412549407114624,7.695256916996048,7.323122529644269,0.4756311096020491,0.16732272402966045,0.6295965704647473,0.609375,0.8120362789056619,0.21640316205533597,0.427376431536484,1.7083345730340294,"{""llm_generation_error"": 8, ""parse_fail"": 12, ""success"": 1004}"
focal_v3_n16_e0_t1_g5_3e-6_4k_Qwen3-4B,6,0,1024,64,0.990234375,1.0,0.0,8.65246688582073,6.786198169791127,6.786198169791127,9.272273635765943,7.412853385930309,7.055226824457594,7.279881656804734,7.753057199211046,7.205621301775148,0.41533444655779334,0.18788078969957253,0.6054011119283453,0.6875,0.8270431450198659,0.21104536489151873,0.36323863486615987,1.3485317547418953,"{""llm_generation_error"": 6, ""parse_fail"": 10, ""success"": 1008}"
focal_v3_n16_e0_t1_g5_3e-6_4k_Qwen3-4B,7,0,1024,64,0.9873046875,1.0,0.0,8.770182162875042,7.0432510736714065,7.0432510736714065,9.265626030333005,7.779294427959115,7.1137487636003955,7.765776458951533,7.92324431256182,7.648862512363996,0.5047252017699946,0.15662477666306376,0.6439960207632079,0.703125,0.7983477767398959,0.2334322453016815,0.44010611460001,1.5004421084277035,"{""llm_generation_error"": 9, ""parse_fail"": 13, ""success"": 1002}"
focal_v3_n16_e0_t1_g5_3e-6_4k_Qwen3-4B,8,0,1024,64,0.9755859375,1.0,0.0,8.80280735179625,7.139821937085329,7.139821937085329,9.272929746413082,7.862562562562563,7.213213213213213,7.8910910910910905,7.975075075075075,7.721521521521522,0.4661059496329103,0.1624126774398626,0.6232962668880775,0.71875,0.8108291379710061,0.2182182182182182,0.3222655167993796,1.2714552648229873,"{""llm_generation_error"": 5, ""parse_fail"": 24, ""render_engine_error"": 1, ""success"": 994}"
focal_v3_n16_e0_t1_g5_3e-6_4k_Qwen3-4B,9,0,1024,64,0.9765625,1.0,0.0,8.758365711111109,7.117483051404818,7.117483051404818,9.271715233333335,7.7316666666666665,7.216,7.6503000000000005,7.945200000000001,7.5995,0.4430959728875713,0.16914844613835153,0.6152481944893244,0.734375,0.8124061161557126,0.226,0.4427206897092952,1.686695519639059,"{""llm_generation_error"": 9, ""parse_fail"": 16, ""render_engine_error"": 8, ""success"": 991}"
focal_v3_n16_e0_t1_g5_3e-6_4k_Qwen3-4B,10,0,1024,64,0.98046875,1.0,0.0,8.875467950420552,7.299624720834208,7.299624720834208,9.282275630810092,8.061852589641434,7.179282868525896,8.031175298804781,8.05378486055777,8.100597609561753,0.5645743378007559,0.13125666511977482,0.6359830754087854,0.734375,0.8452574948141331,0.20119521912350596,0.3622236910774786,1.4174299983205638,"{""llm_generation_error"": 7, ""parse_fail"": 17, ""render_engine_error"": 3, ""success"": 997}"
focal_v3_n16_e0_t1_g5_3e-6_4k_Qwen3-4B,11,0,1024,64,0.978515625,1.0,0.0,8.892325371479258,7.3632216038409775,7.3632216038409775,9.340833366600132,7.995309381237526,7.42315369261477,7.828343313373254,8.095708582834332,8.06187624750499,0.4816858634255828,0.1632481037800373,0.6335684301655043,0.703125,0.8095895043665071,0.2275449101796407,0.36105316323998576,1.4054274549646053,"{""llm_generation_error"": 6, ""parse_fail"": 21, ""render_engine_error"": 1, ""success"": 996}"
focal_v3_n16_e0_t1_g5_3e-6_4k_Qwen3-4B,12,0,1024,64,0.9755859375,1.0,0.0,8.883438672005349,7.4024058457649105,7.4024058457649105,9.356122305638971,7.938071404738071,7.405405405405405,7.890790790790791,8.118918918918919,7.8045045045045045,0.44226022450772,0.1806885917771781,0.5948807823949456,0.65625,0.8158248640011129,0.2092092092092092,0.3822799671731618,1.362177363884591,"{""llm_generation_error"": 8, ""parse_fail"": 21, ""render_engine_error"": 4, ""success"": 991}"
focal_v3_n16_e0_t1_g5_3e-6_4k_Qwen3-4B,13,0,1024,64,0.9716796875,1.0,0.0,8.907596247906204,7.354606134401096,7.354606134401096,9.399099564489113,7.924589614740369,7.35678391959799,7.887236180904523,8.134773869346734,7.75175879396985,0.44657640770311297,0.18186985859105975,0.5964905195127095,0.671875,0.8158571174954217,0.19195979899497487,0.2171043975917194,1.1145443470491547,"{""llm_generation_error"": 2, ""parse_fail"": 22, ""render_engine_error"": 7, ""success"": 993}"
focal_v3_n16_e0_t1_g5_3e-6_4k_Qwen3-4B,14,0,1024,64,0.974609375,1.0,0.0,9.016092006234686,7.506549405196422,7.506549405196422,9.434692451569806,8.178891115564461,7.448897795591182,8.13877755511022,8.213527054108217,8.18436873747495,0.5206513494038189,0.15779551039823755,0.645036439114548,0.6875,0.8336111498450532,0.19939879759519039,0.24561961415571248,1.259060179906449,"{""llm_generation_error"": 4, ""parse_fail"": 21, ""render_engine_error"": 5, ""success"": 994}"
focal_v3_n16_e0_t1_g5_3e-6_4k_Qwen3-4B,15,0,1024,64,0.974609375,1.0,0.0,9.061573491427314,7.643954087711259,7.643954087711259,9.479718286573148,8.225283901135604,7.649298597194389,8.185971943887775,8.260420841683368,8.229458917835672,0.44776304485024254,0.18292412851435427,0.6280110665154616,0.8125,0.8567189140084046,0.17635270541082165,0.3117105810202573,1.1781382137825955,"{""llm_generation_error"": 6, ""parse_fail"": 26, ""success"": 992}"
focal_v3_n16_e0_t1_g5_3e-6_4k_Qwen3-4B,16,0,1024,64,0.96875,1.0,0.0,9.067266039426537,7.691345582797055,7.691345582797055,9.519783467741936,8.1622311827957,7.685483870967742,8.123891129032259,8.239818548387097,8.122983870967742,0.43863950644526245,0.1869252093725343,0.5739063971553142,0.765625,0.8563555917935798,0.14818548387096775,0.2366844677622402,1.0669612317210113,"{""llm_generation_error"": 3, ""parse_fail"": 23, ""render_engine_error"": 9, ""success"": 989}"
focal_v3_n16_e0_t1_g5_3e-6_4k_Qwen3-4B,17,0,1024,64,0.9638671875,1.0,0.0,9.105255139029612,7.75215018917842,7.75215018917842,9.554944511989195,8.205876393110437,7.748733535967578,8.197061803444782,8.286828774062817,8.133738601823708,0.38856987906729373,0.20371448262332245,0.5761635209460485,0.828125,0.8689951821296528,0.17933130699088146,0.12709328107429232,0.8264986102255544,"{""parse_fail"": 21, ""render_engine_error"": 16, ""success"": 987}"
focal_v3_n16_e0_t1_g5_3e-6_4k_Qwen3-4B,18,0,1024,64,0.9658203125,1.0,0.0,9.171959802269406,7.860157252688604,7.860157252688604,9.576308426019548,8.363262554769127,7.854398382204247,8.313346814964612,8.357330637007077,8.419110212335692,0.43341194164166574,0.1887857854224619,0.6112849295253368,0.828125,0.9003395833995902,0.1769464105156724,0.20369695457047274,1.015437895267095,"{""llm_generation_error"": 3, ""parse_fail"": 30, ""render_engine_error"": 5, ""success"": 986}"
focal_v3_n16_e0_t1_g5_3e-6_4k_Qwen3-4B,19,0,1024,64,0.96875,1.0,0.0,9.077435685483893,7.644052743090922,7.644052743090922,9.560390759408604,8.111525537634408,7.679435483870968,8.123689516129032,8.201814516129033,8.009072580645162,0.41995918194537823,0.19331187229599456,0.5901379239141527,0.84375,0.8989218443279292,0.1532258064516129,0.21183148573396995,1.1262344706407466,"{""llm_generation_error"": 2, ""parse_fail"": 21, ""render_engine_error"": 11, ""success"": 990}"
focal_v3_n16_e0_t1_g5_3e-6_4k_Qwen3-4B,20,0,1024,64,0.9736328125,1.0,0.0,9.169186102752722,7.791314776405315,7.791314776405315,9.611435456369106,8.284687395519892,7.897693079237714,8.274222668004011,8.3320962888666,8.247743229689068,0.36730903440269,0.210883200564854,0.5942762603028549,0.921875,0.9017040614377314,0.15045135406218657,0.13115590280402478,0.9679584648787398,"{""parse_fail"": 25, ""render_engine_error"": 2, ""success"": 997}"
focal_v3_n16_e0_t1_g5_3e-6_4k_Qwen3-4B,21,0,1024,64,0.947265625,1.0,0.0,9.196272142038977,7.9178252908037345,7.9178252908037345,9.630181408934709,8.328453608247424,7.948453608247423,8.31958762886598,8.3740206185567,8.291752577319588,0.38665973695586214,0.20444279929421105,0.5553509890875139,0.890625,0.9219330197930325,0.12061855670103093,0.11848490733273125,0.8473421060355389,"{""parse_fail"": 28, ""render_engine_error"": 26, ""success"": 970}"
focal_v3_n16_e0_t1_g5_3e-6_4k_Qwen3-4B,22,0,1024,64,0.966796875,1.0,0.0,9.226337115600469,8.029169644926927,8.029169644926927,9.657940016835017,8.363131313131314,8.143434343434343,8.332020202020203,8.412929292929292,8.344444444444445,0.32147972706733996,0.2261587596226471,0.5415112791220107,0.890625,0.9255056535873089,0.12727272727272726,0.15206207456447643,0.907376534278843,"{""llm_generation_error"": 1, ""parse_fail"": 31, ""render_engine_error"": 3, ""success"": 989}"
focal_v3_n16_e0_t1_g5_3e-6_4k_Qwen3-4B,23,0,1024,64,0.9775390625,1.0,0.0,9.237398235098258,8.037894021834656,8.037894021834656,9.664339110889111,8.383516483516484,8.131868131868131,8.347652347652348,8.417282717282719,8.385614385614385,0.3483082988023038,0.21722835992182424,0.5547755803573001,0.875,0.9088340599311278,0.11988011988011989,0.13699457632491957,0.838927688390413,"{""llm_generation_error"": 1, ""parse_fail"": 20, ""render_engine_error"": 3, ""success"": 1000}"
focal_v3_n16_e0_t1_g5_3e-6_4k_Qwen3-4B,24,0,1024,64,0.9599609375,1.0,0.0,9.171658426585314,7.822112183493156,7.822112183493156,9.628291302136319,8.258392675483215,7.906408952187182,8.288606307222787,8.329399796541201,8.157171922685656,0.39464690743010383,0.20178178256060697,0.5832643114267915,0.8125,0.9275288517490708,0.12817904374364192,0.14150619416081917,0.9449221447477695,"{""parse_fail"": 33, ""render_engine_error"": 8, ""success"": 983}"
focal_v3_n16_e0_t1_g5_3e-6_4k_Qwen3-4B,25,0,1024,64,0.974609375,1.0,0.0,9.216770151413947,7.921358372707989,7.921358372707989,9.649704325317304,8.350901803607213,8.01803607214429,8.342484969939878,8.444188376753507,8.266032064128256,0.38274655477848407,0.20573041976323966,0.5759164098476346,0.90625,0.9114583042869955,0.18336673346693386,0.0878714107808301,0.6708098385841033,"{""parse_fail"": 22, ""render_engine_error"": 4, ""success"": 998}"
focal_v3_n16_e0_t1_g5_3e-6_4k_Qwen3-4B,26,0,1024,64,0.9658203125,1.0,0.0,9.237714088304704,7.985688964282907,7.985688964282907,9.684039956184698,8.345062352544657,8.190091001011123,8.290495449949443,8.380182002022245,8.364509605662285,0.3298082833739271,0.22339432623674263,0.5655959561778657,0.921875,0.9186529759188182,0.15267947421638017,0.16046582923589173,1.0256032225435725,"{""parse_fail"": 29, ""render_engine_error"": 6, ""success"": 989}"
focal_v3_n16_e0_t1_g5_3e-6_4k_Qwen3-4B,27,0,1024,64,0.970703125,1.0,0.0,9.269010574558488,8.07186319524129,8.07186319524129,9.702325385647216,8.402380952380954,8.30784708249497,8.35774647887324,8.427665995975856,8.421730382293763,0.27985532556519205,0.24004010537197953,0.5713705148055852,0.953125,0.9224126356606949,0.14587525150905434,0.17269771949121546,0.9617921154565678,"{""llm_generation_error"": 1, ""parse_fail"": 20, ""render_engine_error"": 10, ""success"": 993}"
focal_v3_n16_e0_t1_g5_3e-6_4k_Qwen3-4B,28,0,1024,64,0.9697265625,1.0,0.0,9.2715665547723,8.072391524772584,8.072391524772584,9.692898674051696,8.428902316213495,8.211480362537765,8.403826787512589,8.471299093655588,8.411581067472307,0.3321759790380863,0.22260776053679407,0.5694753743326261,0.90625,0.941985142750287,0.12890231621349446,0.10923891607380562,0.7608467992475187,"{""parse_fail"": 30, ""render_engine_error"": 1, ""success"": 993}"
focal_v3_n16_e0_t1_g5_3e-6_4k_Qwen3-4B,29,0,1024,64,0.9658203125,1.0,0.0,9.264858330524676,7.9998739674613475,7.9998739674613475,9.676896528479949,8.440781934614089,8.173913043478262,8.441354903943378,8.499292214357936,8.38169868554095,0.346606726881196,0.21778514667513613,0.6090328967435387,0.90625,0.9108419643472374,0.1597573306370071,0.058230054135361364,0.5876507322692611,"{""parse_fail"": 24, ""render_engine_error"": 11, ""success"": 989}"
focal_v3_n16_e0_t1_g5_3e-6_4k_Qwen3-4B,30,0,1024,64,0.9716796875,1.0,0.0,9.294326934673382,8.117477306264545,8.117477306264545,9.7111721440536,8.460636515912897,8.347738693467337,8.388140703517589,8.520904522613064,8.472864321608041,0.3104863487730307,0.22983510212799188,0.5806315747265739,0.953125,0.9288391807980284,0.13467336683417086,0.09890587414670328,0.7892526766758531,"{""parse_fail"": 27, ""render_engine_error"": 2, ""success"": 995}"
focal_v3_n16_e0_t1_g5_3e-6_4k_Qwen3-4B,31,0,1024,64,0.0625,0.390625,0.9296875,9.410748090277778,8.312983559189,8.312983559189,9.804924218750001,8.622395833333334,8.84375,8.609375,8.6953125,8.5625,0.25218380431913573,0.2492719352599108,0.5467366725475721,1.0,0.9818614217595992,0.09433962264150944,0.015579547963560047,0.14754286514528062,"{""render_engine_error"": 8, ""request_error"": 952, ""success"": 64}"
focal_v3_n16_e0_t1_g5_3e-6_4k_Qwen3-4B,32,1,1024,64,0.0859375,0.703125,0.0,3.3333333333333344,0.0,0.0,5.0,0.0,0.0,0.0,0.0,0.0,0.16666666666666644,0.16666666666666644,0.16666666666666644,1.0,nan,nan,0.0,0.0,"{""judge_fail"": 936, ""llm_generation_error"": 88}"
focal_v3_n16_e0_t1_g5_3e-6_4k_Qwen3-4B,33,1,1024,64,0.099609375,0.640625,0.0,3.3333333333333317,0.0,0.0,5.0,0.0,0.0,0.0,0.0,0.0,0.1666666666666665,0.1666666666666665,0.1666666666666665,1.0,nan,nan,1.5170402023480997e-32,0.0,"{""judge_fail"": 922, ""llm_generation_error"": 102}"
focal_v3_n16_e0_t1_g5_3e-6_Qwen3-4B,1,0,1024,64,0.990234375,1.0,0.0,7.825944214332666,5.443438182733655,5.443438182733655,8.797545512820514,5.882741617357002,5.956607495069034,5.687179487179487,6.254437869822485,5.706607495069034,0.32174659812314976,0.22562902943485752,0.5710241155555783,0.75,0.8720262685977214,0.14990138067061143,2.5119305296897183,4.7803239092950625,"{""llm_generation_error"": 117, ""parse_fail"": 10, ""success"": 897}"
focal_v3_n16_e0_t1_g5_3e-6_Qwen3-4B,2,0,1024,64,0.9892578125,1.0,0.0,8.173702786004162,5.948694964365812,5.948694964365812,9.027237298453437,6.466633761105626,6.211253701875617,6.347581441263574,6.690523198420534,6.361796643632774,0.4120955941984295,0.19546059842525543,0.5660985879550091,0.78125,0.8611503080485404,0.15695952615992104,1.550857680331873,3.3312812730910686,"{""llm_generation_error"": 63, ""parse_fail"": 11, ""success"": 950}"
focal_v3_n16_e0_t1_g5_3e-6_Qwen3-4B,3,0,1024,64,0.99609375,1.0,0.0,8.512342276688452,6.531581417092599,6.531581417092599,9.268317336601307,7.000392156862745,6.852941176470588,6.843823529411765,7.370588235294117,6.786764705882353,0.3669657054841569,0.21039233022793855,0.5653121750442771,0.6875,0.8430661985129824,0.1676470588235294,0.6721376889437372,2.0277856467177515,"{""llm_generation_error"": 19, ""parse_fail"": 4, ""success"": 1001}"
focal_v3_n16_e0_t1_g5_3e-6_Qwen3-4B,4,0,1024,64,0.9853515625,1.0,0.0,8.70255884814447,6.83838561526461,6.83838561526461,9.317217855963,7.473240832507433,7.054509415262636,7.367690782953419,7.725966303270565,7.326065411298315,0.4513573039433692,0.17722408606848306,0.6179808412734338,0.671875,0.8548751517719725,0.1774033696729435,0.310966715114568,1.491460534827658,"{""llm_generation_error"": 4, ""parse_fail"": 15, ""success"": 1005}"
focal_v3_n16_e0_t1_g5_3e-6_Qwen3-4B,5,0,1024,64,0.978515625,1.0,0.0,8.721268008427595,6.998793839200334,6.998793839200334,9.297853443113771,7.568097139055223,7.281437125748503,7.529241516966068,7.768363273453095,7.406686626746507,0.40423811587832137,0.184012012616769,0.602577442192777,0.6875,0.8389492033887812,0.17564870259481039,0.34143399731325574,1.4876426260610944,"{""llm_generation_error"": 5, ""parse_fail"": 20, ""render_engine_error"": 2, ""success"": 997}"
focal_v3_n16_e0_t1_g5_3e-6_Qwen3-4B,6,0,1024,64,0.98828125,1.0,0.0,8.710867808519984,6.963990462416739,6.963990462416739,9.277171277997365,7.578260869565217,7.221343873517786,7.520158102766799,7.87005928853755,7.344565217391304,0.3799170237661501,0.19482148794180917,0.6078143978092788,0.703125,0.7992776879032499,0.2183794466403162,0.28951593562180866,1.26705261885195,"{""llm_generation_error"": 5, ""parse_fail"": 12, ""success"": 1007}"
focal_v3_n16_e0_t1_g5_3e-6_Qwen3-4B,7,0,1024,64,0.9892578125,1.0,0.0,8.778942766260837,7.091334674335705,7.091334674335705,9.288897861138532,7.75903257650543,7.178677196446199,7.72675222112537,7.902764067127346,7.647581441263574,0.46537249817619597,0.16555154923441542,0.5991066925639117,0.734375,0.8245275124552625,0.1895360315893386,0.18538800764456478,1.2100653454691914,"{""parse_fail"": 11, ""success"": 1013}"
focal_v3_n16_e0_t1_g5_3e-6_Qwen3-4B,8,0,1024,64,0.984375,1.0,0.0,8.846571671075838,7.272163371110587,7.272163371110587,9.328223908730159,7.883267195767196,7.430555555555555,7.857142857142857,8.02827380952381,7.764384920634921,0.4402920849722541,0.1706453098100126,0.6084041878514237,0.734375,0.8416623777547065,0.19642857142857142,0.25170701355116587,1.3200924686129551,"{""llm_generation_error"": 1, ""parse_fail"": 16, ""success"": 1007}"
focal_v3_n16_e0_t1_g5_3e-6_Qwen3-4B,9,0,1024,64,0.9951171875,1.0,0.0,8.804604394286343,7.233343091503253,7.233343091503253,9.29887584232908,7.816061498200852,7.236506378802748,7.772423945044161,7.928949950932287,7.746810598626104,0.45060932159903005,0.17233360077194537,0.5859125351515071,0.703125,0.8060749315331809,0.21786064769381747,0.2781256909890763,1.261065372119055,"{""llm_generation_error"": 4, ""parse_fail"": 5, ""success"": 1015}"
focal_v3_n16_e0_t1_g5_3e-6_Qwen3-4B,10,0,1024,64,0.982421875,1.0,0.0,8.902531455710198,7.46372730063611,7.46372730063611,9.399108648111334,7.909377070907886,7.52882703777336,7.811232604373758,8.006361829025845,7.9105367793240555,0.3829592181015906,0.1929072542812287,0.5583422395456217,0.765625,0.8217535913856674,0.17693836978131214,0.1852175215750243,0.9573134733319574,"{""llm_generation_error"": 1, ""parse_fail"": 18, ""success"": 1005}"
focal_v3_n16_e0_t1_g5_3e-6_Qwen3-4B,11,0,1024,64,0.9833984375,1.0,0.0,8.99093872889773,7.546289152457944,7.546289152457944,9.447232323733864,8.078351539225421,7.531281032770606,8.066335650446872,8.127507447864946,8.041211519364449,0.4651449596533234,0.17642040826775154,0.5972560422496063,0.765625,0.8213619591209725,0.2035749751737835,0.1859741417287079,1.066208170899695,"{""llm_generation_error"": 1, ""parse_fail"": 17, ""success"": 1006}"
focal_v3_n16_e0_t1_g5_3e-6_Qwen3-4B,12,0,1024,64,0.984375,1.0,0.0,9.030626355820116,7.616779365996096,7.616779365996096,9.488135300925926,8.115608465608465,7.623015873015873,8.060515873015873,8.142460317460317,8.143849206349206,0.4300591652158888,0.18751379983710928,0.5788817738317943,0.8125,0.8512571028840826,0.18353174603174602,0.19784747861732205,1.1641538068602606,"{""llm_generation_error"": 1, ""parse_fail"": 16, ""success"": 1007}"
focal_v3_n16_e0_t1_g5_3e-6_Qwen3-4B,13,0,1024,64,0.984375,1.0,0.0,9.03760802469136,7.61441288588195,7.61441288588195,9.536372354497354,8.040079365079364,7.73015873015873,8.0375,8.173015873015874,7.909722222222222,0.3570740626260377,0.21383210541383244,0.5507843277417892,0.859375,0.8718684100532125,0.15873015873015872,0.17571933447675692,0.9743120227460045,"{""llm_generation_error"": 1, ""parse_fail"": 16, ""success"": 1007}"
focal_v3_n16_e0_t1_g5_3e-6_Qwen3-4B,14,0,1024,64,0.974609375,1.0,0.0,9.065487808951234,7.644487981613418,7.644487981613418,9.54360579492318,8.109251837007347,7.661322645290581,8.094789579158316,8.117034068136272,8.115931863727456,0.429064040248082,0.19012270779358412,0.5820104350620326,0.875,0.8665558996617685,0.16633266533066132,0.14385003453529221,0.8885430019895569,"{""llm_generation_error"": 1, ""parse_fail"": 24, ""render_engine_error"": 2, ""success"": 997}"
focal_v3_n16_e0_t1_g5_3e-6_Qwen3-4B,15,0,1024,64,0.9677734375,1.0,0.0,9.158745352618027,7.898386700602377,7.898386700602377,9.633425798856374,8.20938446014127,8.092835519677093,8.200605449041372,8.248637739656912,8.17891019172553,0.28000949965887667,0.2397590169233683,0.5253209340939559,0.796875,0.8904544761854469,0.14530776992936428,0.13032947370411885,0.766976431232642,"{""parse_fail"": 28, ""render_engine_error"": 5, ""success"": 991}"
focal_v3_n16_e0_t1_g5_3e-6_Qwen3-4B,16,0,1024,64,0.9833984375,1.0,0.0,9.162543981021749,7.803548058331168,7.803548058331168,9.615679592850048,8.25627275736511,7.904667328699106,8.21588877855015,8.314101290963256,8.238828202581926,0.34882031543541836,0.21699982203701432,0.5748751470762697,0.90625,0.8754159864558243,0.141012909632572,0.09436802763788282,0.6680448541655624,"{""parse_fail"": 16, ""render_engine_error"": 1, ""success"": 1007}"
focal_v3_n16_e0_t1_g5_3e-6_Qwen3-4B,17,0,1024,64,0.978515625,1.0,0.0,9.158258261255288,7.808619932098675,7.808619932098675,9.608578343313374,8.257618097139057,7.872255489021956,8.20059880239521,8.260379241516967,8.31187624750499,0.4148961018989574,0.19498415910344327,0.5876889100626117,0.890625,0.8964703834024909,0.1497005988023952,0.13873758412149975,1.0200222319641492,"{""parse_fail"": 21, ""render_engine_error"": 1, ""success"": 1002}"
focal_v3_n16_e0_t1_g5_3e-6_Qwen3-4B,18,0,1024,64,0.9775390625,1.0,0.0,9.166112498612522,7.816979942480981,7.816979942480981,9.63131993006993,8.235697635697635,7.952047952047952,8.173126873126874,8.265734265734265,8.268231768231768,0.3595807926408751,0.21345922630409797,0.5899554435790714,0.84375,0.9033724223907655,0.15584415584415584,0.15622746006768404,0.9811321731480767,"{""parse_fail"": 23, ""success"": 1001}"
focal_v3_n16_e0_t1_g5_3e-6_Qwen3-4B,19,0,1024,64,0.98828125,1.0,0.0,9.150535946420737,7.7752719045036685,7.7752719045036685,9.627286133069829,8.197035573122529,7.924901185770751,8.229347826086958,8.269861660079052,8.09189723320158,0.34463848197307473,0.2182588443136164,0.565409051168824,0.90625,0.9102407356862615,0.11758893280632411,0.13813343934516945,1.0313137089421631,"{""parse_fail"": 11, ""render_engine_error"": 1, ""success"": 1012}"
focal_v3_n16_e0_t1_g5_3e-6_Qwen3-4B,20,0,1024,64,0.9853515625,1.0,0.0,9.204973516132595,7.946824554224927,7.946824554224927,9.65508168153287,8.304757185332011,8.081268582755204,8.286124876114966,8.303567888999009,8.324578790882061,0.3482074473884158,0.21725323610908406,0.5711183782382993,0.890625,0.9148561702217719,0.15262636273538158,0.12357338326561415,0.6614029521744662,"{""parse_fail"": 14, ""render_engine_error"": 1, ""success"": 1009}"
focal_v3_n16_e0_t1_g5_3e-6_Qwen3-4B,21,0,1024,64,0.9814453125,1.0,0.0,9.156077180762857,7.751126525213512,7.751126525213512,9.621445787728026,8.225339966832506,7.892537313432836,8.181094527363184,8.301393034825873,8.193532338308458,0.3742280148791515,0.2085584250132548,0.5982976098023879,0.828125,0.8970702183270479,0.1582089552238806,0.15429065099293676,1.09901453763263,"{""parse_fail"": 17, ""render_engine_error"": 2, ""success"": 1005}"
focal_v3_n16_e0_t1_g5_3e-6_Qwen3-4B,22,0,1024,64,0.986328125,1.0,0.0,9.141075269526972,7.70986810069413,7.70986810069413,9.62392313531353,8.175379537953797,7.871287128712871,8.113663366336633,8.293960396039605,8.118514851485148,0.35294728723001023,0.21492787955035697,0.5782042178528409,0.875,0.9147908867835277,0.14752475247524752,0.10000572784438316,0.8258739712437867,"{""parse_fail"": 14, ""success"": 1010}"
focal_v3_n16_e0_t1_g5_3e-6_Qwen3-4B,23,0,1024,64,0.982421875,1.0,0.0,9.175777545836107,7.822120410888959,7.822120410888959,9.644879042412194,8.237574552683897,8.01192842942346,8.173956262425447,8.35168986083499,8.187077534791253,0.33830386533196616,0.2205606990747412,0.5801687757184218,0.90625,0.9078000598988509,0.15705765407554673,0.12328722587394145,0.9278530047376616,"{""parse_fail"": 18, ""success"": 1006}"
focal_v3_n16_e0_t1_g5_3e-6_Qwen3-4B,24,0,1024,64,0.9833984375,1.0,0.0,9.18396366545295,7.844834122159071,7.844834122159071,9.655439043363124,8.241012909632573,8.047666335650447,8.176861966236347,8.339920556107248,8.206256206554121,0.32239939066082285,0.22583414719662054,0.5736204665037055,0.890625,0.9039894358364517,0.14299900695134063,0.11355115411617767,0.7811371237050643,"{""parse_fail"": 17, ""success"": 1007}"
focal_v3_n16_e0_t1_g5_3e-6_Qwen3-4B,25,0,1024,64,0.978515625,1.0,0.0,9.189162696828575,7.844347056121893,7.844347056121893,9.68600618762475,8.195475715236194,8.20558882235529,8.122854291417166,8.345808383233534,8.117764471057884,0.2558878075078083,0.24803465362855728,0.5767343740650567,0.84375,0.8982886015519473,0.1377245508982036,0.11623499308814936,0.8825697769482239,"{""parse_fail"": 22, ""success"": 1002}"
focal_v3_n16_e0_t1_g5_3e-6_Qwen3-4B,26,0,1024,64,0.982421875,1.0,0.0,9.216074784625587,7.9753440949883565,7.9753440949883565,9.677508465871439,8.293207422133863,8.184890656063619,8.199304174950298,8.401491053677931,8.27882703777336,0.31347500425188846,0.2288144790437031,0.5461107903385778,0.9375,0.9107573567982391,0.1481113320079523,0.15420743870085024,0.882466588586686,"{""llm_generation_error"": 1, ""parse_fail"": 18, ""success"": 1005}"
focal_v3_n16_e0_t1_g5_3e-6_Qwen3-4B,27,0,1024,64,0.98046875,1.0,0.0,9.183874811863676,7.908605212235529,7.908605212235529,9.654895883134131,8.24183266932271,8.047808764940239,8.184561752988047,8.335258964143426,8.205677290836654,0.3503560776914076,0.21654377024902224,0.5551264521917124,0.921875,0.9206050976456779,0.1344621513944223,0.15314396769642202,0.9759560378363596,"{""parse_fail"": 20, ""success"": 1004}"
focal_v3_n16_e0_t1_g5_3e-6_Qwen3-4B,28,0,1024,64,0.978515625,1.0,0.0,9.203260379241533,7.918466439817844,7.918466439817844,9.667548586161011,8.274683965402529,8.12375249500998,8.190119760479043,8.360978043912176,8.272954091816366,0.3072023072160269,0.2308870424741748,0.5543333747718339,0.890625,0.8934128457573272,0.1686626746506986,0.11428246772310031,0.7810158326940858,"{""parse_fail"": 22, ""success"": 1002}"
focal_v3_n16_e0_t1_g5_3e-6_Qwen3-4B,29,0,1024,64,0.984375,1.0,0.0,9.234155764991199,8.024884132328078,8.024884132328078,9.699166848544973,8.304133597883599,8.35515873015873,8.207043650793652,8.420734126984128,8.284623015873015,0.24045281924391562,0.2531610351145999,0.5382067058700463,0.953125,0.9130572727686234,0.12797619047619047,0.13843990925957447,0.9494933564453408,"{""parse_fail"": 15, ""render_engine_error"": 1, ""success"": 1008}"
focal_v3_n16_e0_t1_g5_3e-6_Qwen3-4B,30,0,1024,64,0.984375,1.0,0.0,9.232874526014145,8.01851899232447,8.01851899232447,9.706421577380953,8.285780423280423,8.337301587301587,8.222123015873017,8.406051587301587,8.229166666666666,0.2407137298279652,0.25309236615130887,0.5379715959165513,0.890625,0.8943200940710915,0.16666666666666666,0.12163473920493839,0.8242783638053929,"{""parse_fail"": 15, ""render_engine_error"": 1, ""success"": 1008}"
focal_v3_n16_e0_t1_g5_3e-6_Qwen3-4B,31,0,1024,64,0.9853515625,1.0,0.0,9.265881896266935,8.092374774544105,8.092374774544105,9.71253278823918,8.37258011232243,8.368681863230922,8.269871159563923,8.468780971258672,8.379088206144697,0.2479632942800739,0.25067469976745,0.5557346641836055,0.875,0.9198160357493678,0.14172447968285432,0.0897911760701771,0.581942495477749,"{""parse_fail"": 15, ""success"": 1009}"
focal_v3_n16_e0_t1_g5_3e-6_Qwen3-4B,32,0,1024,64,0.9775390625,1.0,0.0,9.217992152292181,7.953738182068716,7.953738182068716,9.691989893439894,8.26999666999667,8.237762237762238,8.19060939060939,8.376623376623376,8.242757242757243,0.27105449892936473,0.24296750988464896,0.5491266500727158,0.875,0.9048774138687091,0.14185814185814186,0.13294856730184174,0.9046584088293724,"{""parse_fail"": 20, ""render_engine_error"": 3, ""success"": 1001}"
focal_v3_n16_e0_t1_g5_3e-6_Qwen3-4B,33,0,1024,64,0.986328125,1.0,0.0,9.213590484048423,7.927187204542227,7.927187204542227,9.665468234323432,8.30983498349835,8.106930693069307,8.25,8.415643564356435,8.263861386138613,0.33034595643940057,0.2231597726406365,0.5660935336908461,0.921875,0.9067814521632148,0.1198019801980198,0.08656770121516336,0.7216771104045014,"{""parse_fail"": 14, ""success"": 1010}"
focal_v3_n16_e0_t1_g5_3e-6_Qwen3-4B,34,0,1024,64,0.990234375,1.0,0.0,9.256465691431096,8.070319624524624,8.070319624524624,9.669428977646286,8.430539119000658,8.110453648915188,8.383925049309664,8.439940828402367,8.46775147928994,0.35136178469956375,0.21620997354865432,0.5323140889098825,0.96875,0.9419157201592885,0.09763313609467456,0.10603064179040941,0.8016877178370126,"{""parse_fail"": 10, ""success"": 1014}"
focal_v3_n16_e0_t1_g5_3e-6_Qwen3-4B,35,0,1024,64,0.984375,1.0,0.0,9.224339925044097,7.93473777006819,7.93473777006819,9.692065443121693,8.28888888888889,8.234126984126984,8.232936507936508,8.373809523809523,8.259920634920634,0.2682571844067584,0.243905209466468,0.5872440638262101,0.90625,0.884540831583952,0.14087301587301587,0.09541088393285198,0.7175958754805302,"{""parse_fail"": 15, ""render_engine_error"": 1, ""success"": 1008}"
focal_v3_n16_e0_t1_g5_3e-6_Qwen3-4B,36,0,1024,64,0.9833984375,1.0,0.0,9.20207439037847,7.977788803005092,7.977788803005092,9.693677623303541,8.218867924528302,8.252234359483614,8.180337636544191,8.307944389275075,8.16832174776564,0.22414823667667583,0.258616032363082,0.5234445615161347,0.9375,0.922898317631648,0.13505461767626614,0.1539534343760629,0.9915177660432377,"{""parse_fail"": 17, ""success"": 1007}"
focal_v3_n16_e0_t1_g5_3e-6_Qwen3-4B,37,0,1024,64,0.9892578125,1.0,0.0,9.202288395305484,7.962665948429,7.962665948429,9.691997910496873,8.222869364922671,8.250740375123396,8.138203356367226,8.321125370187563,8.209279368213227,0.24537848646900998,0.251537614111565,0.5244125302204625,0.953125,0.9159871991694108,0.14116485686080948,0.1446801209898554,1.0005055898727995,"{""parse_fail"": 11, ""success"": 1013}"
focal_v3_n16_e0_t1_g5_3e-6_Qwen3-4B,38,0,1024,64,0.9716796875,1.0,0.0,9.279078637632617,8.190990012355124,8.190990012355124,9.695787135678392,8.445661641541038,8.347738693467337,8.470854271356783,8.41467336683417,8.451457286432161,0.2887262876581954,0.2370546663184805,0.5259281895946175,0.953125,0.9189070578501022,0.14271356783919598,0.10546114349210461,0.7050552407487111,"{""parse_fail"": 27, ""render_engine_error"": 2, ""success"": 995}"
focal_v3_n16_e0_t1_g5_3e-6_Qwen3-4B,39,0,1024,64,0.9775390625,1.0,0.0,9.241610200910204,8.046346127071581,8.046346127071581,9.661616100566102,8.4015984015984,8.0999000999001,8.379420579420579,8.390609390609391,8.434765234765235,0.3749742653915792,0.2083333880435291,0.5528953910783923,0.953125,0.9317805266661808,0.12487512487512488,0.1624726330851163,0.9164585531919677,"{""llm_generation_error"": 1, ""parse_fail"": 18, ""render_engine_error"": 5, ""success"": 1000}"
focal_v3_n16_e0_t1_g5_3e-6_Qwen3-4B,40,0,1024,64,0.00390625,0.0625,0.974609375,3.3333333333333335,0.0,0.0,5.0,0.0,0.0,0.0,0.0,0.0,0.16666666666666663,0.16666666666666663,0.16666666666666663,nan,nan,nan,nan,nan,"{""llm_generation_error"": 4, ""render_engine_error"": 22, ""request_error"": 998}"
focal_v3_n16_e0_t1_g5_Qwen3-4B,1,0,1024,64,0.99609375,1.0,0.0,7.744147352941168,5.309778833336697,5.309778833336697,8.734096846405228,5.764248366013072,5.845098039215686,5.565686274509804,6.134411764705883,5.5926470588235295,0.31483474596730093,0.2272231275622353,0.5929258852931737,0.671875,0.8761771887461158,0.15784313725490196,2.748855555123819,4.9146455701408165,"{""llm_generation_error"": 133, ""parse_fail"": 4, ""success"": 887}"
focal_v3_n16_e0_t1_g5_Qwen3-4B,2,0,1024,64,0.9921875,1.0,0.0,8.643753729221347,6.754870104467098,6.754870104467098,9.258494767060368,7.414271653543307,6.923228346456693,7.397244094488189,7.586811023622048,7.258759842519685,0.4563025375214456,0.17088073225729083,0.6057506784516397,0.703125,0.8212638508027414,0.18996062992125984,0.27885961831842504,1.37294499706326,"{""llm_generation_error"": 3, ""parse_fail"": 8, ""success"": 1013}"
focal_v3_n16_e0_t1_g5_Qwen3-4B,3,0,1024,64,0.98828125,1.0,0.0,8.847442248572685,7.188101504724212,7.188101504724212,9.353096837944664,7.836133069828722,7.164031620553359,7.793577075098814,7.950296442687748,7.764525691699604,0.4964370452686047,0.16028711483923824,0.6246450901359005,0.703125,0.8086850804171607,0.2183794466403162,0.20785555914692025,1.2131365346275231,"{""llm_generation_error"": 1, ""parse_fail"": 11, ""render_engine_error"": 1, ""success"": 1011}"
focal_v3_n16_e0_t1_g5_Qwen3-4B,4,0,1024,64,0.9765625,1.0,0.0,8.980133944444457,7.443548397421701,7.443548397421701,9.43708425,8.066233333333335,7.392,8.0088,8.1174,8.0725,0.49704440270570127,0.163784671540771,0.618150334807197,0.75,0.8434053927983759,0.201,0.17429838197792027,1.0456078450365953,"{""llm_generation_error"": 2, ""parse_fail"": 17, ""render_engine_error"": 7, ""success"": 998}"
focal_v3_n16_e0_t1_g5_Qwen3-4B,5,0,1024,64,0.947265625,1.0,0.0,9.123913482245136,7.622332596253597,7.622332596253597,9.593619364261167,8.184501718213058,7.707216494845361,8.206494845360824,8.24340206185567,8.103608247422681,0.4290268340082548,0.19031923449507085,0.6236968070460381,0.890625,0.9221766621460713,0.15463917525773196,0.1779572895720174,1.0895493632987117,"{""llm_generation_error"": 2, ""parse_fail"": 12, ""render_engine_error"": 42, ""success"": 968}"
focal_v3_n16_e0_t1_g5_Qwen3-4B,6,0,1024,64,0.978515625,1.0,0.0,9.126605322687958,7.684825364625881,7.684825364625881,9.623623885562209,8.132568196939454,7.790419161676646,8.107085828343314,8.260678642714572,8.029940119760479,0.3815562581067517,0.20614757166330253,0.5617865996295401,0.828125,0.9235272181959207,0.10878243512974052,0.1443610190730034,0.9547736861774482,"{""llm_generation_error"": 1, ""parse_fail"": 17, ""render_engine_error"": 5, ""success"": 1001}"
focal_v3_n16_e0_t1_g5_Qwen3-4B,7,0,1024,64,0.9609375,1.0,0.0,9.086379200542028,7.596370488145673,7.596370488145673,9.609108096205963,8.040921409214091,7.670731707317073,7.994715447154472,8.142276422764228,7.985772357723577,0.39139238242319735,0.2028690131165165,0.5829777286583131,0.859375,0.930124615907602,0.133130081300813,0.13720929679799726,0.9890659643422386,"{""parse_fail"": 17, ""render_engine_error"": 23, ""success"": 984}"
focal_v3_n16_e0_t1_g5_Qwen3-4B,8,0,1024,64,0.970703125,1.0,0.0,9.093323429465702,7.651452483988304,7.651452483988304,9.645803386988598,7.988363514419852,7.923541247484909,7.804828973843058,8.17132796780684,7.988933601609658,0.2792149652038522,0.2402616679326329,0.5702073842194878,0.90625,0.9152310757349348,0.11468812877263582,0.23366866627619856,1.3039995997570013,"{""llm_generation_error"": 2, ""parse_fail"": 24, ""render_engine_error"": 6, ""success"": 992}"
focal_v3_n16_e0_t1_g5_Qwen3-4B,9,0,1024,64,0.98046875,1.0,0.0,9.05455400619746,7.6045368585464175,7.6045368585464175,9.638238711819389,7.88718459495352,7.830677290836653,7.733366533864542,8.050697211155379,7.877490039840637,0.31808575474025846,0.2273047479098597,0.5505035443297204,0.90625,0.95187912108467,0.11254980079681275,0.22194739036629474,1.2873820778419487,"{""parse_fail"": 14, ""render_engine_error"": 6, ""success"": 1004}"
focal_v3_n16_e0_t1_g5_Qwen3-4B,10,0,1024,64,0.958984375,1.0,0.0,9.108722663498545,7.65132490054316,7.65132490054316,9.670585692464359,7.98499660556687,8.024439918533606,7.758859470468432,8.19429735234216,8.001832993890021,0.27403260679343944,0.24198913040864778,0.5829384471746066,0.84375,0.9077002737946549,0.15173116089613034,0.1369239938653758,1.0218592836292382,"{""parse_fail"": 16, ""render_engine_error"": 26, ""success"": 982}"
focal_v3_n16_e0_t1_g5_Qwen3-4B,11,0,1024,64,0.966796875,1.0,0.0,9.089454870931561,7.594815607458415,7.594815607458415,9.661892744107744,7.944579124579125,7.97979797979798,7.791717171717172,8.145555555555555,7.896464646464646,0.25672461692586374,0.2477584077935134,0.5575502888735531,0.84375,0.9355153091599463,0.10101010101010101,0.12924099167880337,0.9343441407126443,"{""parse_fail"": 29, ""render_engine_error"": 5, ""success"": 990}"
focal_v3_n16_e0_t1_g5_Qwen3-4B,12,0,1024,64,0.9375,1.0,0.0,9.096103136574094,7.668058583662567,7.668058583662567,9.64786998263889,7.992569444444444,7.960416666666666,7.7482291666666665,8.180000000000001,8.049479166666666,0.25318916276634446,0.24893676925658892,0.5416696335253304,0.875,0.9314407784277163,0.13541666666666666,0.18336942542832851,1.0393193888178733,"{""llm_generation_error"": 2, ""parse_fail"": 36, ""render_engine_error"": 28, ""success"": 958}"
focal_v3_n16_e0_t1_g5_Qwen3-4B,13,0,1024,64,0.9697265625,1.0,0.0,9.027729215620463,7.432741261932472,7.432741261932472,9.616770057066129,7.849647532729104,7.7744209466263845,7.6951661631419945,8.134743202416919,7.719033232628399,0.2994883906990135,0.23350378080772408,0.5650203460996817,0.828125,0.9106231790531853,0.1268882175226586,0.14286439622510594,0.7820760463993249,"{""llm_generation_error"": 1, ""parse_fail"": 19, ""render_engine_error"": 12, ""success"": 992}"
focal_v3_n16_e0_t1_g5_Qwen3-4B,14,0,1024,64,0.9521484375,1.0,0.0,9.030053401709418,7.443990667312481,7.443990667312481,9.602892068376066,7.884376068376068,7.686153846153847,7.768205128205128,8.114666666666666,7.77025641025641,0.31615424864343167,0.22794547876963742,0.5716754877137924,0.875,0.9035778700229996,0.13846153846153847,0.11128143702786086,0.8686876433317543,"{""parse_fail"": 38, ""render_engine_error"": 11, ""success"": 975}"
focal_v3_n16_e0_t1_g5_Qwen3-4B,15,0,1024,64,0.953125,1.0,0.0,9.099734061930793,7.7028423004335,7.7028423004335,9.622534836065574,8.054132513661203,7.897540983606557,7.994159836065574,8.191290983606558,7.976946721311475,0.32096591547206227,0.22633131743344506,0.5439803446370142,0.828125,0.9114560568666268,0.1260245901639344,0.1308705047495133,0.973596747558323,"{""parse_fail"": 30, ""render_engine_error"": 18, ""success"": 976}"
focal_v3_n16_e0_t1_g5_Qwen3-4B,16,0,1024,64,0.9091796875,1.0,0.0,9.100668301706644,7.906052560235578,7.906052560235578,9.562674489795919,8.176655925528108,8.152524167561761,8.130612244897959,8.29871106337272,8.100644468313641,0.2794360227430077,0.2359621912096214,0.5220754007180699,0.765625,0.8215149827836944,0.19011815252416756,0.1382472928325023,0.6368589888163458,"{""llm_generation_error"": 1, ""parse_fail"": 34, ""render_engine_error"": 59, ""success"": 930}"
focal_v3_n16_e0_t1_g5_Qwen3-4B,17,0,1024,64,0.96875,1.0,0.0,9.167871684587832,7.800438457179776,7.800438457179776,9.6326375,8.238340053763443,7.828629032258065,8.21421370967742,8.299193548387096,8.201612903225806,0.4205000838752962,0.19316644805141614,0.5759708733165513,0.828125,0.940886055905887,0.11290322580645161,0.0935564124135423,0.5944733153659302,"{""llm_generation_error"": 1, ""parse_fail"": 29, ""render_engine_error"": 3, ""success"": 991}"
focal_v3_n16_e0_t1_g5_Qwen3-4B,18,0,1024,64,0.9521484375,1.0,0.0,9.192486917378933,7.8459475343047,7.8459475343047,9.648422683760684,8.280615384615386,7.915897435897436,8.29271794871795,8.316307692307692,8.232820512820513,0.4092014164973477,0.19693285794074253,0.5911218765556665,0.921875,0.9282228882334473,0.13230769230769232,0.130369809495896,0.7514149392076334,"{""llm_generation_error"": 1, ""parse_fail"": 43, ""render_engine_error"": 6, ""success"": 974}"
focal_v3_n16_e0_t1_g5_Qwen3-4B,19,0,1024,64,0.6279296875,0.84375,0.328125,9.21137031277002,7.916167808426166,7.916167808426166,9.698807672369105,8.2364955935718,8.205287713841368,8.248211508553656,8.274650077760498,8.186625194401245,0.2790129479032305,0.2403289633815144,0.5760096665171842,0.803921568627451,0.922329961570134,0.1484375,0.0896417951005477,0.6462485068624779,"{""parse_fail"": 18, ""render_engine_error"": 27, ""request_error"": 336, ""success"": 643}"
focal_v3_n16_e0_t1_g5_Qwen3-4B,20,0,1024,64,0.9443359375,1.0,0.0,9.25279788578653,7.970698769995692,7.970698769995692,9.697690451568425,8.363012754222682,8.20268872802482,8.387797311271974,8.329989658738366,8.371251292657703,0.31725610539386134,0.22758125680064337,0.5849412932830803,0.9375,0.9451323161380034,0.13236814891416754,0.09892541413533947,0.7403260805332808,"{""parse_fail"": 35, ""render_engine_error"": 22, ""success"": 967}"
focal_v3_n16_e0_t1_g8_Qwen3-1.7B,1,0,1024,64,0.9970703125,1.0,0.0,7.9214461421264355,5.206569442085303,5.206569442085303,8.977973979758406,5.808390466862552,5.974534769833497,5.760822722820764,6.159941234084231,5.504407443682664,0.3323091723390961,0.21784247219164662,0.6840564927176858,0.546875,0.8280088340366706,0.19196865817825662,1.1635675816286655,2.7553168222569804,"{""llm_generation_error"": 46, ""parse_fail"": 3, ""success"": 975}"
focal_v3_n16_e0_t1_g8_Qwen3-1.7B,2,0,1024,64,0.9931640625,1.0,0.0,7.827272183983385,5.133399739307288,5.133399739307288,8.908230465421175,5.665355621107833,5.915437561455261,5.598328416912488,6.048672566371682,5.349065880039332,0.3046934683762348,0.2311200095923692,0.6739950079088224,0.625,0.8264139167648238,0.18682399213372664,1.3879430603804497,2.9905488640491016,"{""llm_generation_error"": 58, ""parse_fail"": 6, ""render_engine_error"": 1, ""success"": 959}"
focal_v3_n16_e0_t1_g8_Qwen3-1.7B,3,0,1024,64,0.9912109375,1.0,0.0,7.803047673782153,5.168807300134331,5.168807300134331,8.851238177339901,5.706666666666667,5.895566502463054,5.613793103448276,6.161674876847291,5.344532019704434,0.34131965947321635,0.2167038832383327,0.6543765062222223,0.609375,0.8512534553965427,0.17635467980295566,1.7737910004117363,3.7652429031745385,"{""llm_generation_error"": 82, ""parse_fail"": 9, ""success"": 933}"
focal_v3_n16_e0_t1_g8_Qwen3-1.7B,4,0,1024,64,0.9951171875,1.0,0.0,7.982174648348048,5.405434612422747,5.405434612422747,8.952195567549886,6.04213280994439,5.992149165848871,5.9877330716388615,6.359764474975466,5.778900883218842,0.4117505085181095,0.1905411687322505,0.7137681604001301,0.53125,0.8148476648658294,0.22276741903827282,1.339205376770738,3.167826000890718,"{""llm_generation_error"": 52, ""parse_fail"": 4, ""render_engine_error"": 1, ""success"": 967}"
focal_v3_n16_e0_t1_g8_Qwen3-1.7B,5,0,1024,64,0.9912109375,1.0,0.0,8.020413355227141,5.533259402098274,5.533259402098274,8.934856486042692,6.191527093596059,6.206896551724138,6.190344827586206,6.473891625615764,5.910344827586207,0.3616228098117812,0.2024106443595628,0.6922717238576617,0.5625,0.8292208803102339,0.1812807881773399,1.3062827995866246,3.3663493888256846,"{""llm_generation_error"": 48, ""parse_fail"": 7, ""render_engine_error"": 2, ""success"": 967}"
focal_v3_n16_e0_t1_g8_Qwen3-1.7B,6,0,1024,64,0.990234375,1.0,0.0,8.042053616042065,5.540630587056154,5.540630587056154,8.902593902038133,6.320973044049968,6.254437869822485,6.206607495069034,6.76173570019724,5.9945759368836296,0.4097351729916335,0.18454321725267664,0.731039379033512,0.640625,0.8113732289232829,0.20611439842209073,1.3360786027669005,3.2959875713279763,"{""llm_generation_error"": 53, ""parse_fail"": 10, ""success"": 961}"
focal_v3_n16_e0_t1_g8_Qwen3-1.7B,7,0,1024,64,0.9921875,1.0,0.0,8.128049781277346,5.726708919149269,5.726708919149269,8.935955905511813,6.512237532808399,6.177165354330708,6.379822834645669,6.921161417322835,6.235728346456693,0.46033290140444555,0.1704742104464471,0.7231067043314293,0.578125,0.8030506982337762,0.1889763779527559,1.0839251713245677,2.7058390047462204,"{""llm_generation_error"": 39, ""parse_fail"": 8, ""success"": 977}"
focal_v3_n16_e0_t1_g8_Qwen3-1.7B,8,0,1024,64,0.9912109375,1.0,0.0,8.124525374931574,5.780452173945594,5.780452173945594,8.918052430213463,6.537471264367817,6.289655172413793,6.464532019704434,6.939014778325124,6.208866995073891,0.42854135600460114,0.18007187892664664,0.7240689618079057,0.625,0.8081824760376918,0.21280788177339902,1.254921725239674,3.0285314260744114,"{""llm_generation_error"": 45, ""parse_fail"": 9, ""success"": 970}"
focal_v3_n16_e0_t1_g8_Qwen3-1.7B,9,0,1024,64,0.9970703125,1.0,0.0,8.139583371422349,5.781298465044259,5.781298465044259,8.935721776036564,6.547306562193928,6.374142997061704,6.351616062683643,6.9954946131243885,6.2948090107737515,0.3613152710504643,0.20188349349805076,0.7122793486696608,0.5,0.7780353990043128,0.21057786483839372,1.0254703630913862,2.694432205107979,"{""llm_generation_error"": 37, ""parse_fail"": 3, ""success"": 984}"
focal_v3_n16_e0_t1_g8_Qwen3-1.7B,10,0,1024,64,0.9921875,1.0,0.0,8.330122047244098,6.0740971853182355,6.0740971853182355,9.063162073490812,6.864041994750656,6.637795275590551,6.571358267716535,7.401673228346457,6.619094488188976,0.4193978967106941,0.18276877120822954,0.7046176983626657,0.53125,0.7550282595055349,0.24606299212598426,0.5233738724390593,1.8139691892529561,"{""llm_generation_error"": 14, ""parse_fail"": 8, ""success"": 1002}"
focal_v3_n16_e0_t1_g8_Qwen3-1.7B,11,0,1024,64,0.986328125,1.0,0.0,8.271660484048395,6.000468596183052,6.000468596183052,9.006401617161716,6.8021782178217824,6.655445544554455,6.585445544554456,7.3106930693069305,6.51039603960396,0.3447591033673722,0.19313834277514275,0.6982113371852162,0.625,0.7714604728813651,0.22178217821782178,0.9022565254249882,2.4407024604202108,"{""llm_generation_error"": 29, ""parse_fail"": 14, ""success"": 981}"
focal_v3_n16_e0_t1_g8_Qwen3-1.7B,12,0,1024,64,0.99609375,1.0,0.0,8.440198442265796,6.139338133586603,6.139338133586603,9.0688270751634,7.182941176470589,6.570588235294117,7.104411764705882,7.534901960784314,6.909509803921568,0.556148207550913,0.13797481105713727,0.7875725397134388,0.59375,0.7826487243154063,0.21568627450980393,0.4948877507019042,1.8759434635486183,"{""llm_generation_error"": 13, ""parse_fail"": 3, ""render_engine_error"": 1, ""success"": 1007}"
focal_v3_n16_e0_t1_g8_Qwen3-1.7B,13,0,1024,64,0.9912109375,1.0,0.0,8.386830071154893,6.083953974899007,6.083953974899007,9.09719091954023,6.966108374384237,6.5793103448275865,6.864039408866995,7.461871921182266,6.572413793103448,0.4332550699785931,0.16940334047067407,0.7341864664731704,0.609375,0.7744925522659032,0.21773399014778325,0.3706013500967514,1.5336444368661044,"{""llm_generation_error"": 7, ""parse_fail"": 9, ""success"": 1008}"
focal_v3_n16_e0_t1_g8_Qwen3-1.7B,14,0,1024,64,0.994140625,1.0,0.0,8.43814287273521,6.310447311089865,6.310447311089865,9.076467747216764,7.161493123772103,6.699410609037328,7.060707269155206,7.562770137524558,6.861001964636542,0.46315757214483416,0.1667961912575269,0.733676632209932,0.671875,0.7517057020667814,0.2554027504911591,0.5125509891459351,1.6894335063292891,"{""llm_generation_error"": 13, ""parse_fail"": 6, ""success"": 1005}"
focal_v3_n16_e0_t1_g8_Qwen3-1.7B,15,0,1024,64,0.98828125,1.0,0.0,8.519584519104097,6.339367418170373,6.339367418170373,9.132703524374177,7.2933465085639,6.737154150197629,7.258695652173913,7.623122529644269,6.998221343873517,0.47904904872417914,0.15224394089132995,0.7306100086434839,0.546875,0.7540531532349637,0.2341897233201581,0.32163170353427334,1.515218888399158,"{""llm_generation_error"": 5, ""parse_fail"": 12, ""success"": 1007}"
focal_v3_n16_e0_t1_g8_Qwen3-1.7B,16,0,1024,64,0.9931640625,1.0,0.0,8.492906085436456,6.482547691275345,6.482547691275345,9.123413536545394,7.231891183218617,6.8023598820058995,7.153392330383481,7.588790560471978,6.953490658800393,0.4550121168620408,0.15700067563034292,0.6983654621425078,0.609375,0.8073239296121039,0.19665683382497542,0.5401420871994007,1.8906057423528129,"{""llm_generation_error"": 12, ""parse_fail"": 7, ""success"": 1005}"
focal_v3_n16_e0_t1_g8_Qwen3-1.7B,17,0,1024,64,0.9921875,1.0,0.0,8.492663156167986,6.293723435371222,6.293723435371222,9.121245390419947,7.235498687664042,6.718503937007874,7.081889763779527,7.590649606299213,7.033956692913386,0.47102216386985746,0.1654828147878948,0.7659486963861403,0.65625,0.7363547574428412,0.23326771653543307,0.3484440787750598,1.5041777850521298,"{""llm_generation_error"": 7, ""parse_fail"": 8, ""success"": 1009}"
focal_v3_n16_e0_t1_g8_Qwen3-1.7B,18,0,1024,64,0.9951171875,1.0,0.0,8.486019060080693,6.159071484783188,6.159071484783188,9.115191494929672,7.227674190382728,6.673209028459274,7.130029440628067,7.593228655544651,6.959764474975466,0.48729214195273785,0.1520605236897615,0.7757368636273801,0.6875,0.7800149905144065,0.2492639842983317,0.3591765711884438,1.9089280004302052,"{""llm_generation_error"": 7, ""parse_fail"": 5, ""success"": 1012}"
focal_v3_n16_e0_t1_g8_Qwen3-1.7B,19,0,1024,64,0.9921875,1.0,0.0,8.50852454068242,6.231163160328856,6.231163160328856,9.167199540682416,7.191174540682415,6.903543307086614,7.018405511811023,7.6666338582677165,6.888484251968504,0.42458510457829063,0.17989838782410505,0.7548885732532894,0.5625,0.7829720881804199,0.2283464566929134,0.2642286287369545,1.5328057480905994,"{""llm_generation_error"": 3, ""parse_fail"": 8, ""success"": 1013}"
focal_v3_n16_e0_t1_g8_Qwen3-1.7B,20,0,1024,64,0.990234375,1.0,0.0,8.60285243261013,6.554151039560758,6.554151039560758,9.183650772518083,7.441255752794215,6.848126232741618,7.325936883629192,7.76508875739645,7.232741617357002,0.5503373079953068,0.1410635911556673,0.7432338022024635,0.6875,0.8029908340048886,0.23471400394477318,0.2597103622886108,1.4330757820884912,"{""llm_generation_error"": 3, ""parse_fail"": 10, ""success"": 1011}"
focal_v3_n16_e0_t1_g8_Qwen3-1.7B,21,0,1024,64,0.9912109375,1.0,0.0,8.586002835249042,6.447975580976208,6.447975580976208,9.177789146141214,7.402430213464696,6.935960591133005,7.286699507389162,7.837438423645321,7.083152709359606,0.46351765403199224,0.16302344790171677,0.7483287713518697,0.625,0.7365469976443388,0.2541871921182266,0.2371726324419205,1.3118878994265042,"{""llm_generation_error"": 3, ""parse_fail"": 9, ""success"": 1012}"
focal_v3_n16_e0_t1_g8_Qwen3-1.7B,22,0,1024,64,0.9921875,1.0,0.0,8.498530150918624,6.1175925007095815,6.1175925007095815,9.173385777559055,7.1488188976377955,6.728346456692913,7.113681102362205,7.561122047244095,6.771653543307087,0.4751057516625699,0.16812750021717246,0.7881263038220919,0.59375,0.7466785854172026,0.25196850393700787,0.30861739078587513,1.5816729357823487,"{""llm_generation_error"": 5, ""parse_fail"": 8, ""success"": 1011}"
focal_v3_n16_e0_t1_g8_Qwen3-1.7B,23,0,1024,64,0.9892578125,1.0,0.0,8.655279302402109,6.620153675055432,6.620153675055432,9.156759032576504,7.6523198420533065,6.945705824284304,7.580947680157947,7.861697926949655,7.51431391905232,0.5822252563012725,0.11818905856650676,0.8017053063997063,0.6875,0.7667578459711943,0.2428430404738401,0.3286659326633027,1.595070051211001,"{""llm_generation_error"": 6, ""parse_fail"": 11, ""success"": 1007}"
focal_v3_n16_e0_t1_g8_Qwen3-1.7B,24,0,1024,64,0.98828125,1.0,0.0,8.629909046991644,6.5850395566503845,6.5850395566503845,9.184504545454544,7.520718050065876,6.83794466403162,7.386363636363637,7.811660079051384,7.364130434782608,0.5498539148980918,0.12734253431933615,0.750152862076271,0.625,0.7598268754302252,0.2490118577075099,0.2435426831229464,1.2979572535538602,"{""llm_generation_error"": 2, ""parse_fail"": 12, ""success"": 1010}"
focal_v3_n16_e0_t1_g8_Qwen3-1.7B,25,0,1024,64,0.9892578125,1.0,0.0,8.602841932653291,6.446268346559262,6.446268346559262,9.188583399144456,7.431358999670945,6.967423494570583,7.275715695952616,7.781934846989142,7.236426456071076,0.48848455632191007,0.1478354932820027,0.7832806393426075,0.671875,0.774131486648941,0.23988153998025666,0.2844205561592811,1.4933387959876698,"{""llm_generation_error"": 5, ""parse_fail"": 11, ""success"": 1008}"
focal_v3_n16_e0_t1_g8_Qwen3-1.7B,26,0,1024,64,0.994140625,1.0,0.0,8.600115509714028,6.486619371879933,6.486619371879933,9.153513146692863,7.493320235756386,6.7956777996070725,7.392337917485265,7.816011787819254,7.2716110019646365,0.5632321997839517,0.13409788332937247,0.7896369232497957,0.421875,0.7786502404307725,0.23673870333988212,0.33183167531895497,1.5095259848179947,"{""llm_generation_error"": 7, ""parse_fail"": 6, ""success"": 1011}"
focal_v3_n16_e0_t1_g8_Qwen3-1.7B,27,0,1024,64,0.9970703125,1.0,0.0,8.708447306562189,6.734428572940019,6.734428572940019,9.239556366307541,7.646229187071499,7.049951028403526,7.544074436826641,7.927130264446621,7.467482859941234,0.5137721233053877,0.1521747427760033,0.7742620422204225,0.578125,0.7745160640213166,0.24289911851126347,0.2662010736130942,1.475040402576741,"{""llm_generation_error"": 4, ""parse_fail"": 3, ""success"": 1017}"
focal_v3_n16_e0_t1_g8_Qwen3-1.7B,28,0,1024,64,0.9921875,1.0,0.0,8.668951826334206,6.691172704814273,6.691172704814273,9.187499261811022,7.631856955380577,7.0137795275590555,7.519685039370079,7.87736220472441,7.498523622047244,0.5386353055306761,0.1351229221117086,0.7554887607163714,0.640625,0.7981018219900465,0.2234251968503937,0.2139885520608484,1.5640874952201718,"{""llm_generation_error"": 2, ""parse_fail"": 8, ""success"": 1014}"
focal_v3_n16_e0_t1_g8_Qwen3-1.7B,29,0,1024,64,0.998046875,1.0,0.0,8.630263502935415,6.563543277724552,6.563543277724552,9.213725326157862,7.463339856490542,6.988258317025441,7.371819960861057,7.8220156555772995,7.196183953033268,0.4873669762643171,0.15852750648387165,0.7867627829467477,0.65625,0.7711636090136813,0.2446183953033268,0.23483877461632474,1.3742336432777418,"{""llm_generation_error"": 3, ""parse_fail"": 2, ""success"": 1019}"
focal_v3_n16_e0_t1_g8_Qwen3-1.7B,30,0,1024,64,0.9951171875,1.0,0.0,8.675213619016452,6.716553214627355,6.716553214627355,9.244158341511286,7.537324174026824,7.15603532875368,7.3662414131501475,7.906182531894014,7.33954857703631,0.45396693218914624,0.1547777510264163,0.740369640080502,0.671875,0.7999006180418144,0.23159960745829244,0.19293342755907927,1.3063552748257987,"{""llm_generation_error"": 1, ""parse_fail"": 5, ""success"": 1018}"
focal_v3_n16_e0_t1_g8_Qwen3-1.7B,31,0,1024,64,0.9912109375,1.0,0.0,8.698892096332788,6.702120948495218,6.702120948495218,9.231490853858785,7.633694581280788,7.0344827586206895,7.472216748768473,7.924630541871922,7.504236453201971,0.4939216786397395,0.1401038529635504,0.7439408730424764,0.609375,0.7704199108222943,0.24630541871921183,0.18120542697672745,1.1897602959053362,"{""llm_generation_error"": 1, ""parse_fail"": 9, ""success"": 1014}"
focal_v3_n16_e0_t1_g8_Qwen3-1.7B,32,0,1024,64,0.994140625,1.0,0.0,8.700484010041485,6.722796670904593,6.722796670904593,9.249252537655533,7.602946954813359,7.06286836935167,7.4372298624754425,7.960707269155206,7.41090373280943,0.5094530581040089,0.15369041606360231,0.755527134323127,0.59375,0.794685548878884,0.2220039292730845,0.27716417530678295,1.3777374388829817,"{""llm_generation_error"": 3, ""parse_fail"": 6, ""success"": 1015}"
focal_v3_n16_e0_t1_g8_Qwen3-1.7B,33,0,1024,64,0.9892578125,1.0,0.0,8.782996676538332,6.918097938447406,6.918097938447406,9.255228808818691,7.838532411977624,7.129318854886476,7.740375123395854,8.063474827245805,7.711747285291215,0.5336398736655097,0.13403242029351467,0.7608946484226966,0.578125,0.793574358101885,0.23099703849950642,0.16036418694133076,1.2968662739692243,"{""llm_generation_error"": 1, ""parse_fail"": 11, ""success"": 1012}"
focal_v3_n16_e0_t1_g8_Qwen3-1.7B,34,0,1024,64,0.9921875,1.0,0.0,8.776199792213477,6.923896405482442,6.923896405482442,9.250684202755904,7.82723097112861,7.106299212598425,7.7672244094488185,8.025688976377953,7.688779527559055,0.5674872088027149,0.13171932680109646,0.758134626273949,0.46875,0.7949238098036416,0.25098425196850394,0.17481372674907547,1.13376488717491,"{""llm_generation_error"": 2, ""parse_fail"": 8, ""success"": 1014}"
focal_v3_n16_e0_t1_g8_Qwen3-1.7B,35,0,1024,64,0.994140625,1.0,0.0,8.668211973368258,6.717272231515215,6.717272231515215,9.242511149312378,7.519613621480026,7.076620825147348,7.31630648330059,7.833595284872299,7.408939096267191,0.4826744481821837,0.15588689862824753,0.7464782233171015,0.640625,0.7993788966197537,0.2200392927308448,0.38361282946308245,1.5446853619485859,"{""llm_generation_error"": 8, ""parse_fail"": 6, ""success"": 1010}"
focal_v3_n16_e0_t1_g8_Qwen3-1.7B,36,0,1024,64,0.990234375,1.0,0.0,8.724492921323707,6.899719450059488,6.899719450059488,9.302617094017094,7.568244575936883,7.319526627218935,7.443293885601578,7.911341222879685,7.350098619329389,0.3793694127809474,0.191687576234883,0.7098666355552197,0.71875,0.7803231694272775,0.22978303747534518,0.15687107852293164,0.9584340090107057,"{""llm_generation_error"": 1, ""parse_fail"": 10, ""success"": 1013}"
focal_v3_n16_e0_t1_g8_Qwen3-1.7B,37,0,1024,64,0.9931640625,1.0,0.0,8.708678324046762,6.671362781516415,6.671362781516415,9.270867371353654,7.584300229432973,7.0993117010816125,7.402458210422813,7.956145526057031,7.394296951819076,0.46064214873675097,0.1726472418279208,0.7636791619334943,0.671875,0.7720938147428061,0.22123893805309736,0.19840752693967184,1.3422749546795196,"{""llm_generation_error"": 2, ""parse_fail"": 7, ""success"": 1015}"
focal_v3_n16_e0_t1_g8_Qwen3-1.7B,38,0,1024,64,0.9912109375,1.0,0.0,8.857788680897638,7.101063142828442,7.101063142828442,9.296847224958947,7.979671592775041,7.261083743842365,7.923940886699508,8.132807881773399,7.882266009852216,0.5874447832050028,0.12845973366602595,0.7900154973053207,0.703125,0.8178820129691093,0.23448275862068965,0.14238213419474227,1.06770981358984,"{""llm_generation_error"": 1, ""parse_fail"": 9, ""success"": 1014}"
focal_v3_n16_e0_t1_g8_Qwen3-1.7B,39,0,1024,64,0.99609375,1.0,0.0,8.780050076252719,6.940363741763304,6.940363741763304,9.248490147058822,7.843169934640524,7.129411764705883,7.7952941176470585,8.047745098039217,7.686470588235294,0.5689505942614764,0.1252040164824182,0.7570281345726664,0.703125,0.8004176261523277,0.25392156862745097,0.17671991171675663,1.3061869400350317,"{""llm_generation_error"": 1, ""parse_fail"": 4, ""success"": 1019}"
focal_v3_n16_e0_t1_g8_Qwen3-1.7B,40,0,1024,64,0.9912109375,1.0,0.0,8.742721401204172,6.779214019100869,6.779214019100869,9.278121510673234,7.6719211822660105,7.144827586206897,7.474679802955666,7.937635467980296,7.603448275862069,0.5161266184377908,0.1511244250019069,0.7686369525950084,0.6875,0.8047970138559251,0.2206896551724138,0.271339914153977,1.495567725280165,"{""llm_generation_error"": 4, ""parse_fail"": 9, ""success"": 1011}"
focal_v3_n16_e0_t1_g8_Qwen3-1.7B,41,0,1024,64,0.994140625,1.0,0.0,8.762739281816204,6.8917209703462925,6.8917209703462925,9.270189472822528,7.747838899803536,7.208251473477406,7.653929273084479,8.001178781925345,7.588408644400785,0.4882586395429473,0.14992195871689015,0.7455474337439246,0.625,0.7826806797919873,0.2357563850687623,0.2900484653551897,1.3750043449194602,"{""llm_generation_error"": 5, ""parse_fail"": 6, ""success"": 1013}"
focal_v3_n16_e0_t1_g8_Qwen3-1.7B,42,0,1024,64,0.9892578125,1.0,0.0,8.788707809586485,6.948209786454469,6.948209786454469,9.270162734452123,7.825797959855215,7.172754195459032,7.798420533070089,8.05557749259625,7.623395853899309,0.5268430306612845,0.14613938136528837,0.7556430125637461,0.625,0.8000685745532884,0.2349457058242843,0.17347129976420936,1.2727609567980078,"{""llm_generation_error"": 1, ""parse_fail"": 10, ""render_engine_error"": 1, ""success"": 1012}"
focal_v3_n16_e0_t1_g8_Qwen3-1.7B,43,0,1024,64,0.9951171875,1.0,0.0,8.782787667648018,6.976739242424165,6.976739242424165,9.31166923454367,7.725024533856723,7.373895976447497,7.566535819430815,7.984102060843965,7.624435721295388,0.4259116655335625,0.17219029103392955,0.7175082642491678,0.640625,0.807494015368476,0.22276741903827282,0.2559852780604154,1.448298981803743,"{""llm_generation_error"": 3, ""parse_fail"": 5, ""success"": 1016}"
focal_v3_n16_e0_t1_g8_Qwen3-1.7B,44,0,1024,64,0.990234375,1.0,0.0,8.82984119000658,7.093128701855674,7.093128701855674,9.308042521367522,7.873438527284681,7.325443786982248,7.852564102564102,8.09861932938856,7.6691321499013805,0.5076383199016782,0.1459451310694857,0.7355194065846606,0.609375,0.7877379893080139,0.21499013806706113,0.16478288900780313,1.2338785750476589,"{""llm_generation_error"": 1, ""parse_fail"": 9, ""render_engine_error"": 1, ""success"": 1013}"
focal_v3_n16_e0_t1_g8_Qwen3-1.7B,45,0,1024,64,0.9921875,1.0,0.0,8.783415627734035,6.916313811598644,6.916313811598644,9.295481053149608,7.759284776902887,7.244094488188976,7.603051181102362,8.083267716535433,7.591535433070866,0.5080024373738079,0.15248380124294106,0.7419392749841015,0.71875,0.7680849060760904,0.24311023622047245,0.1723346449584663,1.1875375502210799,"{""llm_generation_error"": 1, ""parse_fail"": 8, ""success"": 1015}"
focal_v3_n16_e0_t1_g8_Qwen3-1.7B,46,0,1024,64,0.9921875,1.0,0.0,8.80239639107612,7.018336388846686,7.018336388846686,9.30108474409449,7.80501968503937,7.22244094488189,7.700098425196851,8.001870078740158,7.713090551181103,0.5469617518574963,0.1443910463977112,0.732110332981714,0.578125,0.7876963462458301,0.2312992125984252,0.21568685706868923,1.1626842208227712,"{""llm_generation_error"": 3, ""parse_fail"": 8, ""success"": 1013}"
focal_v3_n16_e0_t1_g8_Qwen3-1.7B,47,0,1024,64,0.9931640625,1.0,0.0,8.849640915546816,7.136206430705305,7.136206430705305,9.301337807276303,7.946247132087841,7.28023598820059,7.891543756145526,8.050934119960669,7.8962635201573255,0.5564685136482472,0.12444285260259973,0.7519737441887391,0.625,0.817730355160703,0.232055063913471,0.21506126422446045,1.2325557628309796,"{""llm_generation_error"": 2, ""parse_fail"": 7, ""success"": 1015}"
focal_v3_n16_e0_t1_g8_Qwen3-1.7B,48,0,1024,64,0.9912109375,1.0,0.0,8.804446655719758,6.927183032032227,6.927183032032227,9.293845681444994,7.825648604269293,7.2650246305418715,7.634778325123153,8.039211822660098,7.802955665024631,0.5419206194215855,0.1470624254275105,0.7717033655956256,0.609375,0.7937725468762764,0.2019704433497537,0.3245644587193724,1.5732110899764407,"{""llm_generation_error"": 6, ""parse_fail"": 9, ""success"": 1009}"
focal_v3_n16_e0_t1_g8_Qwen3-1.7B,49,0,1024,64,0.990234375,1.0,0.0,8.79890454744686,6.990466795111121,6.990466795111121,9.271384434582512,7.853944773175542,7.22879684418146,7.729191321499013,8.044674556213018,7.787968441814596,0.5253869364783376,0.1395598571455887,0.7665841117971376,0.671875,0.7745111746859524,0.2455621301775148,0.3407486193016521,1.4583178419730307,"{""llm_generation_error"": 8, ""parse_fail"": 10, ""success"": 1006}"
focal_v3_n16_e0_t1_g8_Qwen3-1.7B,50,0,1024,64,0.9970703125,1.0,0.0,8.836716106213954,7.070937120118338,7.070937120118338,9.302592931766243,7.90496245510937,7.310479921645445,7.733104799216455,8.103232125367288,7.878550440744368,0.5313428201982127,0.14808611161534602,0.7796759129819254,0.578125,0.812739671610266,0.19686581782566112,0.3049684076154583,1.5460401009378477,"{""llm_generation_error"": 5, ""parse_fail"": 3, ""success"": 1016}"
focal_v3_n16_e0_t1_g8_Qwen3-1.7B,51,0,1024,64,0.9912109375,1.0,0.0,8.840784258347023,7.114540711266142,7.114540711266142,9.321045024630545,7.880262725779967,7.34384236453202,7.719901477832512,8.12167487684729,7.799211822660098,0.5072636750019754,0.15438589951492113,0.7410983123320414,0.671875,0.805443033437857,0.21083743842364533,0.30603269459111426,1.3291733800837715,"{""llm_generation_error"": 6, ""parse_fail"": 9, ""success"": 1009}"
focal_v3_n16_e0_t1_g8_Qwen3-1.7B,52,0,1024,64,0.9931640625,1.0,0.0,8.82443397793074,7.0823322218745695,7.0823322218745695,9.332701442150114,7.80789904949197,7.482792527040314,7.6271386430678465,8.042182890855457,7.754375614552606,0.4225646692576941,0.1758840907278869,0.7436608173783604,0.625,0.7828759422887719,0.23303834808259588,0.3062812658067408,1.353062570775585,"{""llm_generation_error"": 5, ""parse_fail"": 6, ""render_engine_error"": 1, ""success"": 1012}"
focal_v3_n16_e0_t1_g8_Qwen3-1.7B,53,0,1024,64,0.9921875,1.0,0.0,8.8173306649169,7.072207502050757,7.072207502050757,9.2937125328084,7.864566929133858,7.293307086614173,7.761023622047244,8.036417322834646,7.796259842519685,0.5115223933421511,0.1570495791338823,0.740715151756938,0.6875,0.8213320819171459,0.2076771653543307,0.4426647485770425,1.6856429302822706,"{""llm_generation_error"": 11, ""parse_fail"": 8, ""success"": 1005}"
focal_v3_n16_e0_t1_g8_Qwen3-1.7B,54,0,1024,64,0.9912109375,1.0,0.0,8.84314925013685,7.068912275188052,7.068912275188052,9.305741937602628,7.917963875205255,7.302463054187192,7.795862068965517,8.136847290640395,7.821182266009852,0.5117678782693875,0.1549164076771673,0.7595011481609932,0.609375,0.8038367612582772,0.21970443349753693,0.2807735874103124,1.2197242022428294,"{""llm_generation_error"": 6, ""parse_fail"": 9, ""success"": 1009}"
focal_v3_n16_e0_t1_g8_Qwen3-1.7B,55,0,1024,64,0.994140625,1.0,0.0,8.895189805719285,7.308648177244659,7.308648177244659,9.3361049443353,8.01335952848723,7.50098231827112,7.898133595284873,8.155697445972494,7.986247544204322,0.5065451930591403,0.13984131380483164,0.7197027018217448,0.640625,0.810191855132641,0.23968565815324164,0.27963176199043516,1.3621060509609864,"{""llm_generation_error"": 5, ""parse_fail"": 6, ""success"": 1013}"
focal_v3_n16_e0_t1_g8_Qwen3-1.7B,56,0,1024,64,0.994140625,1.0,0.0,8.89409884304737,7.2668199955553785,7.2668199955553785,9.351315258677145,7.97966601178782,7.4636542239685655,7.880648330058939,8.160510805500984,7.897838899803537,0.48614460523021014,0.16616539141663852,0.7505228508910182,0.65625,0.7947908862973427,0.22396856581532418,0.17799800159863,1.027875893225809,"{""llm_generation_error"": 2, ""parse_fail"": 6, ""success"": 1016}"
focal_v3_n16_e0_t1_g8_Qwen3-1.7B,57,0,1024,64,0.984375,1.0,0.0,8.88447658730159,7.218499994802759,7.218499994802759,9.335908002645505,7.981613756613757,7.317460317460317,7.893154761904762,8.200992063492064,7.850694444444445,0.5530409725266078,0.14142272645211781,0.7359744386540492,0.609375,0.7766427979594642,0.24603174603174602,0.17485436613177535,1.0852603585069105,"{""llm_generation_error"": 2, ""parse_fail"": 16, ""success"": 1006}"
focal_v3_n16_e0_t1_g8_Qwen3-1.7B,58,0,1024,64,0.9873046875,1.0,0.0,8.845787932739873,7.1049633675570245,7.1049633675570245,9.323380217606331,7.890603363006924,7.396636993076163,7.69891196834817,8.140850642927793,7.832047477744807,0.49236905417954324,0.1600806138081267,0.7526970401345193,0.671875,0.7877773804127213,0.21562809099901087,0.3235520116326882,1.4337694297483068,"{""llm_generation_error"": 7, ""parse_fail"": 10, ""render_engine_error"": 3, ""success"": 1004}"
focal_v3_n16_e0_t1_g8_Qwen3-1.7B,59,0,1024,64,0.98828125,1.0,0.0,8.978195454545455,7.359267543855173,7.359267543855173,9.380106093544137,8.17437417654809,7.533596837944664,8.040415019762845,8.275197628458498,8.207509881422926,0.5603586350199478,0.1365663800907074,0.7695926266739591,0.734375,0.7939019209081452,0.22826086956521738,0.198222917527245,1.3146714773877628,"{""llm_generation_error"": 2, ""parse_fail"": 12, ""success"": 1010}"
focal_v3_n16_e0_t1_g8_Qwen3-1.7B,60,0,1024,64,0.990234375,1.0,0.0,8.891896581196587,7.2485938155604615,7.2485938155604615,9.31580345167653,8.044082840236687,7.378698224852071,7.985502958579882,8.173964497041421,7.972781065088757,0.5691788948725421,0.12939055351308593,0.7434886543916829,0.71875,0.8196855938748093,0.21992110453648916,0.3830307363409805,1.5637549462783242,"{""llm_generation_error"": 8, ""parse_fail"": 10, ""success"": 1006}"
focal_v3_n16_e0_t1_g8_Qwen3-1.7B,61,0,1024,64,0.9853515625,1.0,0.0,8.904750313842078,7.262947031833487,7.262947031833487,9.35083211100099,8.01258671952428,7.427155599603568,7.917145688800793,8.177106045589694,7.943508424182359,0.5496930515736846,0.14207597003755243,0.7471005026049858,0.6875,0.8000525440343595,0.22993062438057482,0.31275649989710064,1.317256801555632,"{""llm_generation_error"": 7, ""parse_fail"": 14, ""render_engine_error"": 1, ""success"": 1002}"
focal_v3_n16_e0_t1_g8_Qwen3-1.7B,62,0,1024,64,0.9677734375,1.0,0.0,8.897360197331542,7.181844249039838,7.181844249039838,9.364472855701312,7.963134880591994,7.463168516649849,7.828153380423815,8.123309788092836,7.937941473259334,0.5103863528477381,0.15606477716399478,0.7592191487044333,0.671875,0.8010453174320411,0.22300706357214933,0.27388832384230655,1.5200462307352887,"{""llm_generation_error"": 3, ""parse_fail"": 16, ""render_engine_error"": 17, ""success"": 988}"
focal_v3_n16_e0_t1_g8_Qwen3-1.7B,63,0,1024,64,0.9833984375,1.0,0.0,8.915560344256864,7.2360311315734664,7.2360311315734664,9.373737735849057,7.999205561072493,7.505461767626613,7.833763654419066,8.120357497517379,8.043495531281033,0.5120334063482508,0.15773836897029359,0.7534111036480519,0.609375,0.8095694703114183,0.21847070506454816,0.38704340257996717,1.5954472369916992,"{""llm_generation_error"": 6, ""parse_fail"": 12, ""render_engine_error"": 5, ""success"": 1001}"
focal_v3_n16_e0_t1_g8_Qwen3-1.7B,64,0,1024,64,0.994140625,1.0,0.0,8.926289762060689,7.135148602023662,7.135148602023662,9.362027963326787,8.054813359528486,7.388998035363458,7.918172888015717,8.198722986247544,8.0475442043222,0.6162411720913727,0.12674419142708113,0.8116415070153933,0.640625,0.8071594867845882,0.224950884086444,0.29257901259264524,1.3092561767545035,"{""llm_generation_error"": 7, ""parse_fail"": 6, ""success"": 1011}"
focal_v3_n16_e0_t1_g8_Qwen3-1.7B,65,0,1024,64,0.9892578125,1.0,0.0,8.918011626631584,7.305390393053608,7.305390393053608,9.36512207963146,8.023790720631787,7.492596248766041,7.922606120434354,8.204540967423496,7.944225074037512,0.5201937080872386,0.15795865542904938,0.7365008749532244,0.625,0.8065517527959004,0.23099703849950642,0.3305420314208986,1.3695707650964055,"{""llm_generation_error"": 8, ""parse_fail"": 5, ""render_engine_error"": 6, ""success"": 1005}"
focal_v3_n16_e0_t1_g8_Qwen3-1.7B,66,0,1024,64,0.986328125,1.0,0.0,8.894688052805284,7.20406549938729,7.20406549938729,9.37663603960396,7.930792079207921,7.465346534653466,7.75970297029703,8.176237623762376,7.856435643564357,0.4865154971096927,0.16927586205887346,0.7387017395303191,0.578125,0.7685536759742366,0.23663366336633662,0.2432577585366646,1.220720019229213,"{""llm_generation_error"": 4, ""parse_fail"": 13, ""render_engine_error"": 1, ""success"": 1006}"
focal_v3_n16_e0_t1_g8_Qwen3-1.7B,67,0,1024,64,0.98828125,1.0,0.0,8.924286023276256,7.405314299070271,7.405314299070271,9.403178046772071,7.966501976284586,7.701581027667984,7.881126482213438,8.155731225296442,7.862648221343873,0.39629749171341816,0.19338614839779145,0.6912340382172882,0.6875,0.8170538144128563,0.19268774703557312,0.3604133728057345,1.4183554527572653,"{""llm_generation_error"": 8, ""parse_fail"": 12, ""success"": 1004}"
focal_v3_n16_e0_t1_g8_Qwen3-1.7B,68,0,1024,64,0.98046875,1.0,0.0,8.97931606905711,7.425923232328616,7.425923232328616,9.430627490039841,8.076693227091633,7.679282868525896,7.9473107569721115,8.20956175298805,8.07320717131474,0.4513427510524871,0.1799084694154145,0.7380845154375095,0.640625,0.8100315317561647,0.2340637450199203,0.14954539072450002,1.0178082923400902,"{""llm_generation_error"": 1, ""parse_fail"": 19, ""render_engine_error"": 1, ""success"": 1003}"
focal_v3_n16_e0_t1_g8_Qwen3-1.7B,69,0,1024,64,0.984375,1.0,0.0,8.921729354056444,7.24929186527967,7.24929186527967,9.396350644841268,7.972486772486772,7.563492063492063,7.773313492063492,8.213591269841269,7.930555555555555,0.43754366061117245,0.18031505514082236,0.7268820070320391,0.640625,0.8055609818765765,0.21726190476190477,0.28774719265343013,1.2133211657374994,"{""llm_generation_error"": 6, ""parse_fail"": 13, ""render_engine_error"": 3, ""success"": 1002}"
focal_v3_n16_e0_t1_g8_Qwen3-1.7B,70,0,1024,64,0.9833984375,1.0,0.0,8.968147909080868,7.3693783137722555,7.3693783137722555,9.411539970208542,8.081363786825554,7.56901688182721,7.958788480635551,8.247070506454815,8.038232373386297,0.4931578446508324,0.16439676069287368,0.7371334148158243,0.6875,0.8027163802513069,0.2323733862959285,0.22023443405828744,1.233203497375129,"{""llm_generation_error"": 3, ""parse_fail"": 16, ""render_engine_error"": 1, ""success"": 1004}"
focal_v3_n16_e0_t1_g8_Qwen3-1.7B,71,0,1024,64,0.984375,1.0,0.0,8.958249283509707,7.332519965044764,7.332519965044764,9.374460565476193,8.12582671957672,7.462301587301587,8.059126984126985,8.238690476190477,8.0796626984127,0.5576463452916439,0.1444385866043234,0.7769259304280139,0.625,0.8111930263164356,0.23313492063492064,0.23146451266086343,1.2258317881361103,"{""llm_generation_error"": 4, ""parse_fail"": 12, ""render_engine_error"": 4, ""success"": 1004}"
focal_v3_n16_e0_t1_g8_Qwen3-1.7B,72,0,1024,64,0.9873046875,1.0,0.0,8.974436938125066,7.523628301724335,7.523628301724335,9.40834185624794,8.106627101879328,7.758654797230465,7.994164193867459,8.19564787339268,8.130069238377844,0.4180901509100654,0.18009813301234476,0.7192409028209449,0.640625,0.8251122785597107,0.20573689416419386,0.3389733000664893,1.3618876300947247,"{""llm_generation_error"": 6, ""parse_fail"": 9, ""render_engine_error"": 4, ""success"": 1005}"
focal_v3_n16_e0_t1_g8_Qwen3-1.7B,73,0,1024,64,0.978515625,1.0,0.0,9.01224810379242,7.529845398321831,7.529845398321831,9.418355522288756,8.200033266799734,7.648702594810379,8.082834331337326,8.237624750499002,8.279640718562876,0.5462861385400128,0.1463317004251555,0.7432729230728473,0.6875,0.8188283161965176,0.2055888223552894,0.2644461003649902,1.2856051723587285,"{""llm_generation_error"": 4, ""parse_fail"": 12, ""render_engine_error"": 10, ""success"": 998}"
focal_v3_n16_e0_t1_g8_Qwen3-1.7B,74,0,1024,64,0.98828125,1.0,0.0,8.96521822573562,7.388386938264835,7.388386938264835,9.400627075098814,8.094400527009224,7.6146245059288535,7.984090909090909,8.202470355731228,8.096640316205534,0.5157256686522218,0.1542042089521358,0.7675837463140207,0.640625,0.7825751206196835,0.23715415019762845,0.32963490570330395,1.306818385208664,"{""llm_generation_error"": 6, ""parse_fail"": 12, ""success"": 1006}"
focal_v3_n16_e0_t1_g8_Qwen3-1.7B,75,0,1024,64,0.9794921875,1.0,0.0,8.993562058269653,7.490582290390656,7.490582290390656,9.424839597873047,8.131006979062812,7.738783649052841,7.97567298105683,8.278763708873381,8.138584247258226,0.45249855682931256,0.17081629014489033,0.6924498795548778,0.71875,0.822929596307142,0.20638085742771686,0.268622583706396,1.4542801286457112,"{""llm_generation_error"": 4, ""parse_fail"": 16, ""render_engine_error"": 5, ""success"": 999}"
focal_v3_n16_e0_t1_g8_Qwen3-1.7B,76,0,1024,64,0.982421875,1.0,0.0,8.905528175392108,7.0910291504715195,7.0910291504715195,9.355823740888006,8.004937044400267,7.353876739562624,7.863121272365805,8.18151093439364,7.970178926441352,0.5792904979037712,0.13845692401692022,0.8099339714937034,0.78125,0.8235081842428069,0.2286282306163022,0.439660691410393,1.67663983017371,"{""llm_generation_error"": 10, ""parse_fail"": 10, ""render_engine_error"": 8, ""success"": 996}"
focal_v3_n16_e0_t1_g8_Qwen3-1.7B,77,0,1024,64,0.9912109375,1.0,0.0,9.001129950738914,7.478813050958335,7.478813050958335,9.447524154351397,8.108341543513959,7.733990147783251,7.991428571428572,8.254679802955666,8.078916256157635,0.4651615680708867,0.17614586964376625,0.7355383125115464,0.734375,0.8076665476887764,0.21280788177339902,0.24832090856859043,1.1875663203714595,"{""llm_generation_error"": 4, ""parse_fail"": 8, ""render_engine_error"": 1, ""success"": 1011}"
focal_v3_n16_e0_t1_g8_Qwen3-1.7B,78,0,1024,64,0.990234375,1.0,0.0,9.022849989042294,7.476176632210426,7.476176632210426,9.447687212360291,8.173175542406312,7.796844181459566,8.035996055226825,8.347435897435897,8.136094674556213,0.44001317987046734,0.1844569964810018,0.7463538421847967,0.6875,0.8058030225375042,0.22287968441814596,0.2383804974146898,1.3515482250579927,"{""llm_generation_error"": 4, ""parse_fail"": 9, ""render_engine_error"": 1, ""success"": 1010}"
focal_v3_n16_e0_t1_g8_Qwen3-1.7B,79,0,1024,64,0.994140625,1.0,0.0,8.965984686749621,7.266599135393169,7.266599135393169,9.415529092992799,8.066895874263261,7.614931237721022,7.871119842829077,8.286051080550099,8.04351669941061,0.4580521719535789,0.1778422835387995,0.7752148088549053,0.625,0.8099696187815277,0.2043222003929273,0.1616291236222584,1.1366419136810884,"{""llm_generation_error"": 1, ""parse_fail"": 6, ""success"": 1017}"
focal_v3_n16_e0_t1_g8_Qwen3-1.7B,80,0,1024,64,0.98828125,1.0,0.0,8.989075296442694,7.387330797452297,7.387330797452297,9.414344169960474,8.138537549407115,7.58498023715415,7.981818181818182,8.271245059288537,8.162549407114625,0.48042258905396407,0.16891087423551987,0.745654016776394,0.671875,0.8331188360762443,0.22924901185770752,0.29066341059399914,1.1899816703008714,"{""llm_generation_error"": 5, ""parse_fail"": 12, ""success"": 1007}"
focal_v3_n16_e0_t1_g8_Qwen3-1.7B,81,0,1024,64,0.9794921875,1.0,0.0,9.026295092500272,7.602205229962251,7.602205229962251,9.450160485211034,8.178564307078764,7.744765702891326,8.117946161515453,8.273479561316051,8.144267198404785,0.47218710430862426,0.17068850012174028,0.7042953374171519,0.65625,0.8133294828274134,0.20638085742771686,0.1955434652587161,1.1648852340246982,"{""llm_generation_error"": 2, ""parse_fail"": 15, ""render_engine_error"": 6, ""success"": 1001}"
focal_v3_n16_e0_t1_g8_Qwen3-1.7B,82,0,1024,64,0.9873046875,1.0,0.0,9.10700498955929,7.70569228944814,7.70569228944814,9.51426613913617,8.292482690405539,7.990108803165183,8.204747774480712,8.403659742828882,8.269040553907022,0.41019851678541785,0.19313831935568324,0.7316822290793596,0.6875,0.8284888415516691,0.19881305637982197,0.10211334414678226,0.8015297964610041,"{""parse_fail"": 12, ""render_engine_error"": 1, ""success"": 1011}"
focal_v3_n16_g2_Qwen3-1.7B-Base,1,0,1024,64,0.951171875,1.0,0.0,6.037705099247077,2.9207127987222012,2.9207127987222012,7.909894404517458,0.0,4.422997946611912,0.0,0.0,0.0,0.1350207058101329,0.25593067802454866,0.2864093439569279,0.78125,0.920277836800828,0.1324435318275154,2.4102432027112535,3.6207981954889465,"{""llm_generation_error"": 217, ""parse_fail"": 4, ""render_engine_error"": 46, ""success"": 757}"
focal_v3_n16_g2_Qwen3-1.7B-Base,2,0,1024,64,0.9599609375,1.0,0.0,5.892897716740118,2.8052828269968333,2.8052828269968333,7.7555045947778956,0.0,4.168870803662267,0.0,0.0,0.0,0.13845819686744654,0.25131454210894777,0.2804838309854534,0.765625,0.9088993502475579,0.10376398779247202,2.5691797610760676,3.758611626014875,"{""llm_generation_error"": 258, ""parse_fail"": 7, ""render_engine_error"": 34, ""success"": 725}"
focal_v3_n16_g2_Qwen3-1.7B-Base,3,0,1024,64,0.935546875,1.0,0.0,6.077160774762216,2.9614229498009856,2.9614229498009856,7.927188622129442,0.0,4.36534446764092,0.0,0.0,0.0,0.13995591553456185,0.2538985165923941,0.2845468899245149,0.78125,0.9131519360539886,0.13778705636743216,2.3226878908634916,3.5327585404399766,"{""llm_generation_error"": 209, ""parse_fail"": 14, ""render_engine_error"": 52, ""success"": 749}"
focal_v3_n16_g2_Qwen3-1.7B-Base,4,0,1024,64,0.955078125,1.0,0.0,6.206531117927726,3.1484623900411637,3.1484623900411637,8.019152505112478,0.0,4.529652351738243,0.0,0.0,0.0,0.14094206562054665,0.25556947256091417,0.2918055167198266,0.703125,0.9258028223938207,0.1359918200408998,2.3816713962309355,3.7190740931932917,"{""llm_generation_error"": 195, ""parse_fail"": 8, ""render_engine_error"": 38, ""success"": 783}"
focal_v3_n16_g2_Qwen3-1.7B-Base,5,0,1024,64,0.9521484375,1.0,0.0,6.207207612535599,3.115690155694043,3.115690155694043,8.043238769230774,0.0,4.549743589743595,0.0,0.0,0.0,0.1395733657539795,0.2572332440740209,0.28942673322323625,0.765625,0.9180327673717693,0.12,2.259023058844723,3.5459686593988464,"{""llm_generation_error"": 185, ""parse_fail"": 8, ""render_engine_error"": 41, ""success"": 790}"
focal_v3_n16_g2_Qwen3-1.7B-Base,6,0,1024,64,0.95703125,1.0,0.0,6.300383265306112,3.1983153901931716,3.1983153901931716,8.136833401360548,0.0,4.7428571428571376,0.0,0.0,0.0,0.13500993316009044,0.2607542963661054,0.2963268035183675,0.703125,0.9004908572191245,0.1469387755102041,2.1824261582257525,3.4225563837422768,"{""llm_generation_error"": 170, ""parse_fail"": 8, ""render_engine_error"": 36, ""success"": 810}"
focal_v3_n16_g2_Qwen3-1.7B-Base,7,0,1024,64,0.939453125,1.0,0.0,6.318960291060287,3.201393399805383,3.201393399805383,8.155536763686765,0.0,4.700623700623697,0.0,0.0,0.0,0.13922098245802317,0.2602087599503179,0.2957732565267201,0.75,0.9036243722907409,0.13721413721413722,2.140857630855883,3.408958296074447,"{""llm_generation_error"": 159, ""parse_fail"": 8, ""render_engine_error"": 54, ""success"": 803}"
focal_v3_n16_g2_Qwen3-1.7B-Base,8,0,1024,64,0.95703125,1.0,0.0,6.429350079365071,3.2987019432333717,3.2987019432333717,8.255504710884354,0.0,4.851020408163268,0.0,0.0,0.0,0.13824338970979258,0.2624994898512451,0.302029172462193,0.765625,0.8959385857098546,0.1377551020408163,1.8961575264618922,3.0917896194944934,"{""llm_generation_error"": 135, ""parse_fail"": 8, ""render_engine_error"": 36, ""success"": 845}"
focal_v3_n16_g2_Qwen3-1.7B-Base,9,0,1024,64,0.947265625,1.0,0.0,6.395737250859096,3.2625300537461857,3.2625300537461857,8.237076666666672,0.0,4.82061855670103,0.0,0.0,0.0,0.1362254374316333,0.2631165315932518,0.30045855928471576,0.75,0.9031925769316872,0.1422680412371134,1.9590830287654166,3.0755654667404926,"{""llm_generation_error"": 142, ""parse_fail"": 6, ""render_engine_error"": 48, ""success"": 828}"
focal_v3_n16_g2_Qwen3-1.7B-Base,10,0,1024,64,0.9580078125,1.0,0.0,6.699027590893642,3.534502631474762,3.534502631474762,8.502414984709484,0.0,5.0907237512742105,0.0,0.0,0.0,0.14181230949489979,0.26717727572683864,0.30728942869673853,0.734375,0.9027851823029625,0.16411824668705402,1.6601850831207743,2.9323507434015235,"{""llm_generation_error"": 99, ""parse_fail"": 4, ""render_engine_error"": 39, ""success"": 882}"
focal_v3_n16_g2_Qwen3-1.7B-Base,11,0,1024,64,0.9599609375,1.0,0.0,6.832280241889898,3.7350445465376385,3.7350445465376385,8.59438509664293,0.0,5.289928789420139,0.0,0.0,0.0,0.14352053161115316,0.2673712851325068,0.309108656534892,0.828125,0.8803053444411809,0.1790437436419125,1.3955578468091983,2.7651626150940785,"{""llm_generation_error"": 70, ""parse_fail"": 6, ""render_engine_error"": 35, ""success"": 913}"
focal_v3_n16_g2_Qwen3-1.7B-Base,12,0,1024,64,0.955078125,1.0,0.0,6.858976391729147,3.8175193129872858,3.8175193129872858,8.58749321745058,0.0,5.204498977505114,0.0,0.0,0.0,0.14984244548607434,0.26556496167530175,0.3075635314809312,0.75,0.8626372628369401,0.18302658486707565,1.3370345204464453,2.5876263211578867,"{""llm_generation_error"": 66, ""parse_fail"": 8, ""render_engine_error"": 38, ""success"": 912}"
focal_v3_n16_g2_Qwen3-1.7B-Base,13,0,1024,64,0.947265625,1.0,0.0,6.8940547422680405,3.7730518375867512,3.7730518375867512,8.649793453608247,0.0,5.342268041237097,0.0,0.0,0.0,0.14224460190638377,0.2688728455068471,0.3214531920810338,0.78125,0.8712669874552869,0.15463917525773196,1.2503571819570087,2.3943655432644735,"{""llm_generation_error"": 62, ""parse_fail"": 6, ""render_engine_error"": 48, ""success"": 908}"
focal_v3_n16_g2_Qwen3-1.7B-Base,14,0,1024,64,0.9580078125,1.0,0.0,6.98257445916864,3.976475557442554,3.976475557442554,8.673046194359499,0.0,5.2599388379204814,0.0,0.0,0.0,0.15585964564835,0.26495434591219796,0.31087065238293804,0.765625,0.8861414252443846,0.15698267074413863,1.2200704038587444,2.4169676349070697,"{""llm_generation_error"": 55, ""parse_fail"": 9, ""render_engine_error"": 34, ""success"": 926}"
focal_v3_n16_g2_Qwen3-1.7B-Base,15,0,1024,64,0.9716796875,1.0,0.0,7.123930262423231,4.078349087061688,4.078349087061688,8.82050175879397,0.0,5.507537688442207,0.0,0.0,0.0,0.15157120297383017,0.2695846268949296,0.3173949552522809,0.75,0.8909512656531373,0.13969849246231156,0.9319730357777926,2.2619316111784817,"{""llm_generation_error"": 34, ""parse_fail"": 5, ""render_engine_error"": 24, ""success"": 961}"
focal_v3_n16_g2_Qwen3-1.7B-Base,16,0,1024,64,0.9609375,1.0,0.0,7.13381301942186,4.185116675199286,4.185116675199286,8.790777117208675,0.0,5.53455284552845,0.0,0.0,0.0,0.15128058135187306,0.2681641046031949,0.3114460508243685,0.765625,0.883417962044283,0.16565040650406504,1.0804335064015604,2.3942849968389655,"{""llm_generation_error"": 45, ""parse_fail"": 3, ""render_engine_error"": 37, ""success"": 939}"
focal_v3_n16_g2_Qwen3-1.7B-Base,17,0,1024,64,0.9658203125,1.0,0.0,7.1801578249634845,4.348181061255176,4.348181061255176,8.749896326255472,0.0,5.342770475227489,0.0,0.0,0.0,0.17023176534451337,0.26088287449152225,0.316289147056174,0.796875,0.8944807644343472,0.1385237613751264,1.1161707286740479,2.447185588948052,"{""llm_generation_error"": 43, ""parse_fail"": 7, ""render_engine_error"": 28, ""success"": 946}"
focal_v3_n16_g2_Qwen3-1.7B-Base,18,0,1024,64,0.9736328125,1.0,0.0,7.227899008135513,4.314942211673072,4.314942211673072,8.83775289200936,0.0,5.446339017051148,0.0,0.0,0.0,0.16466368075458834,0.26488957408746544,0.3134508043281911,0.765625,0.8932153490364658,0.13139418254764293,0.9781319823840401,2.291914806812805,"{""llm_generation_error"": 38, ""parse_fail"": 9, ""render_engine_error"": 18, ""success"": 959}"
focal_v3_n16_g2_Qwen3-1.7B-Base,19,0,1024,64,0.966796875,1.0,0.0,7.308077003366994,4.31628625633152,4.31628625633152,8.936728299663308,0.0,5.660606060606067,0.0,0.0,0.0,0.15858491548412476,0.26904920747691946,0.3202538325244855,0.8125,0.8922450758549001,0.1484848484848485,0.8914763294350353,2.1847681994887416,"{""llm_generation_error"": 30, ""parse_fail"": 10, ""render_engine_error"": 24, ""success"": 960}"
focal_v3_n16_g2_Qwen3-1.7B-Base,20,0,1024,64,0.96484375,1.0,0.0,7.465085267656311,4.69888883933291,4.69888883933291,8.969321558704458,0.0,5.659919028340089,0.0,0.0,0.0,0.17544826679003028,0.2635650892052777,0.31443530304644635,0.765625,0.8992774640747716,0.13866396761133604,0.781197880220069,2.0837703324255465,"{""llm_generation_error"": 21, ""parse_fail"": 6, ""render_engine_error"": 30, ""success"": 967}"
focal_v3_n16_g2_Qwen3-1.7B-Base,21,0,1024,64,0.96875,1.0,0.0,7.448907157258052,4.647595498372039,4.647595498372039,8.953686676747314,0.0,5.53427419354839,0.0,0.0,0.0,0.18329223816484871,0.2610308513089047,0.32159140497459326,0.78125,0.8979072229577745,0.12399193548387097,0.7409183502285566,1.9465585837326922,"{""llm_generation_error"": 21, ""parse_fail"": 4, ""render_engine_error"": 28, ""success"": 971}"
focal_v3_n16_g2_Qwen3-1.7B-Base,22,0,1024,64,0.9765625,1.0,0.0,7.51166654444445,4.693240626233911,4.693240626233911,9.01353315,0.0,5.633999999999994,0.0,0.0,0.0,0.18220143303596883,0.261809826221129,0.31732534382026395,0.8125,0.9082886491119327,0.109,0.6930052652800468,1.93545669890438,"{""llm_generation_error"": 20, ""parse_fail"": 3, ""render_engine_error"": 21, ""success"": 980}"
focal_v3_n16_g2_Qwen3-1.7B-Base,23,0,1024,64,0.98046875,1.0,0.0,7.628931905710484,4.975226225731577,4.975226225731577,9.042584445551133,0.0,5.649402390438249,0.0,0.0,0.0,0.19614109026171409,0.2577005043365638,0.31037588420662177,0.6875,0.9340202985794275,0.09760956175298804,0.727510932921256,2.018628877820277,"{""llm_generation_error"": 20, ""parse_fail"": 3, ""render_engine_error"": 17, ""success"": 984}"
focal_v3_n16_g2_Qwen3-1.7B-Base,24,0,1024,64,0.9765625,1.0,0.0,7.604894144444445,4.924886004138165,4.924886004138165,9.03369121666667,0.0,5.7200000000000015,0.0,0.0,0.0,0.18964325803510262,0.2592910915082456,0.3184922325991092,0.78125,0.9129607704035294,0.12,0.7216288613203933,2.095432073528019,"{""llm_generation_error"": 17, ""parse_fail"": 7, ""render_engine_error"": 17, ""success"": 983}"
focal_v3_n16_g2_Qwen3-1.7B-Base,25,0,1024,64,0.98046875,1.0,0.0,7.690716533864535,5.023610355071071,5.023610355071071,9.085045584329352,0.0,5.737051792828678,0.0,0.0,0.0,0.19768151412369503,0.25709601995616044,0.32412815937107636,0.828125,0.9106660203901038,0.10159362549800798,0.6265704648110495,1.8508189615606887,"{""llm_generation_error"": 17, ""parse_fail"": 6, ""render_engine_error"": 14, ""success"": 987}"
focal_v3_n16_g2_Qwen3-1.7B-Base,26,0,1024,64,0.9814453125,1.0,0.0,7.634989707020457,5.012899858599614,5.012899858599614,9.026564162520728,0.0,5.689552238805971,0.0,0.0,0.0,0.1949767504428453,0.2566364687050388,0.31661919985961123,0.796875,0.9229698352691732,0.11840796019900497,0.7017193532674453,2.0130523687350506,"{""llm_generation_error"": 18, ""parse_fail"": 3, ""render_engine_error"": 16, ""success"": 987}"
focal_v3_n16_g2_Qwen3-1.7B-Base,27,0,1024,64,0.9814453125,1.0,0.0,7.762510613598671,5.221188039115295,5.221188039115295,9.087729436152577,0.0,5.757213930348265,0.0,0.0,0.0,0.20639635894753725,0.2540914834805703,0.32352723596392485,0.796875,0.9194721474998548,0.09651741293532339,0.5952294550574878,1.9110630874549381,"{""llm_generation_error"": 13, ""parse_fail"": 7, ""render_engine_error"": 12, ""success"": 992}"
focal_v3_n16_g2_Qwen3-1.7B-Base,28,0,1024,64,0.9873046875,1.0,0.0,7.783828981206712,5.286323062956363,5.286323062956363,9.078661374876363,0.0,5.756676557863506,0.0,0.0,0.0,0.21161043859668544,0.2507951294694119,0.31670120313223615,0.765625,0.9277945224460232,0.09198813056379822,0.5432557334738403,1.7186351769139387,"{""llm_generation_error"": 11, ""parse_fail"": 5, ""render_engine_error"": 8, ""success"": 1000}"
focal_v3_n16_g2_Qwen3-1.7B-Base,29,0,1024,64,0.986328125,1.0,0.0,7.823765214521449,5.302587152962895,5.302587152962895,9.132396996699669,0.0,5.946534653465353,0.0,0.0,0.0,0.2031909696925866,0.2547119303858755,0.32504392088380335,0.875,0.9132157098631464,0.09801980198019802,0.4718228997392267,1.6375346114793843,"{""llm_generation_error"": 7, ""parse_fail"": 5, ""render_engine_error"": 9, ""success"": 1003}"
focal_v3_n16_g2_Qwen3-1.7B-Base,30,0,1024,64,0.9833984375,1.0,0.0,7.887938122034652,5.435703986145258,5.435703986145258,9.145015425355844,0.0,5.970208540218474,0.0,0.0,0.0,0.20957908968056155,0.25253509233917354,0.32933081025264427,0.859375,0.9224120269286845,0.09235352532274081,0.4652286012524112,1.55870974139513,"{""llm_generation_error"": 7, ""parse_fail"": 6, ""render_engine_error"": 11, ""success"": 1000}"
focal_v3_n16_g2_Qwen3-1.7B-Base,31,0,1024,64,0.982421875,1.0,0.0,7.9668696045946525,5.670977012765268,5.670977012765268,9.130821305500334,0.0,5.928429423459242,0.0,0.0,0.0,0.22657899675987211,0.24467984914070504,0.32156580809266067,0.71875,0.9280381626339008,0.08250497017892644,0.5469054748141939,1.7139971260394815,"{""llm_generation_error"": 9, ""parse_fail"": 10, ""render_engine_error"": 8, ""success"": 997}"
focal_v3_n16_g2_Qwen3-1.7B-Base,32,0,1024,64,0.98828125,1.0,0.0,7.966166809398323,5.612520423034132,5.612520423034132,9.160037434123847,0.0,5.934782608695651,0.0,0.0,0.0,0.22192378888634745,0.24885984290181531,0.3323562195791051,0.75,0.9385313686277771,0.07905138339920949,0.5014053563959915,1.693698410317526,"{""llm_generation_error"": 8, ""parse_fail"": 5, ""render_engine_error"": 7, ""success"": 1004}"
focal_v3_n16_g2_Qwen3-1.7B-Base,33,0,1024,64,0.982421875,1.0,0.0,8.078464976805837,5.876625931315724,5.876625931315724,9.172286597084161,0.0,5.9602385685884665,0.0,0.0,0.0,0.2450724832169576,0.23971317457846175,0.3234814133431045,0.875,0.9345981432180137,0.09343936381709742,0.4913821667264277,1.6599982378336302,"{""llm_generation_error"": 7, ""parse_fail"": 4, ""render_engine_error"": 14, ""success"": 999}"
focal_v3_n16_g2_Qwen3-1.7B-Base,34,0,1024,64,0.986328125,1.0,0.0,8.106182992299233,5.961111081994138,5.961111081994138,9.152871848184818,0.0,5.948514851485145,0.0,0.0,0.0,0.2570990268506753,0.23359355193579834,0.3244833082746955,0.625,0.9273087930900978,0.09900990099009901,0.4169382698788077,1.5179785209166576,"{""llm_generation_error"": 5, ""parse_fail"": 4, ""render_engine_error"": 10, ""success"": 1005}"
focal_v3_n16_g2_Qwen3-1.7B-Base,35,0,1024,64,0.9853515625,1.0,0.0,8.134496586279035,5.908257913840428,5.908257913840428,9.212927568549722,0.0,6.071357779980185,0.0,0.0,0.0,0.24497177187916128,0.24056286323427065,0.33710585253062725,0.875,0.9362126350348434,0.08721506442021804,0.38938823282315826,1.400091416389772,"{""llm_generation_error"": 4, ""parse_fail"": 5, ""render_engine_error"": 10, ""success"": 1005}"
focal_v3_n16_g2_Qwen3-1.7B-Base,36,0,1024,64,0.9833984375,1.0,0.0,8.187901566810101,5.978407129576598,5.978407129576598,9.246168801721288,0.0,6.216484607745784,0.0,0.0,0.0,0.24350731337219209,0.24105131590290907,0.3575865511128213,0.828125,0.9333925175554338,0.09334657398212512,0.4677426532796408,1.520284814696298,"{""llm_generation_error"": 8, ""parse_fail"": 9, ""render_engine_error"": 8, ""success"": 999}"
focal_v3_n16_g2_Qwen3-1.7B-Base,37,0,1024,64,0.9833984375,1.0,0.0,8.198079344587889,6.038305204852947,6.038305204852947,9.21653311817279,0.0,6.119165839126115,0.0,0.0,0.0,0.25914309417724296,0.2353875012231772,0.3482887032753659,0.828125,0.9256520787649162,0.08738828202581926,0.41965401503701005,1.4559367788121145,"{""llm_generation_error"": 6, ""parse_fail"": 10, ""render_engine_error"": 7, ""success"": 1001}"
focal_v3_n16_g2_Qwen3-1.7B-Base,38,0,1024,64,0.9873046875,1.0,0.0,8.370666930431907,6.456867884975128,6.456867884975128,9.250032706890869,0.0,6.2650840751730925,0.0,0.0,0.0,0.2828858252628909,0.22424487147565672,0.3417705436163355,0.796875,0.9168293610187715,0.08110781404549951,0.27458365720048433,1.1378757430102973,"{""llm_generation_error"": 1, ""parse_fail"": 5, ""render_engine_error"": 8, ""success"": 1010}"
focal_v3_n16_g2_Qwen3-1.7B-Base,39,0,1024,64,0.9833984375,1.0,0.0,8.354443528632899,6.420416799011127,6.420416799011127,9.246875488248927,0.0,6.293942403177758,0.0,0.0,0.0,0.27772218598406684,0.22634311801745585,0.3443516230473879,0.828125,0.9352697968116764,0.10228401191658391,0.40504049921315954,1.480367533509514,"{""llm_generation_error"": 4, ""parse_fail"": 4, ""render_engine_error"": 13, ""success"": 1003}"
focal_v3_n16_g2_Qwen3-1.7B-Base,40,0,1024,64,0.984375,1.0,0.0,8.362107208994717,6.380541028267974,6.380541028267974,9.245392956349209,0.0,6.287698412698419,0.0,0.0,0.0,0.282295847626196,0.22463908082047768,0.3595135551775779,0.734375,0.9213510438104712,0.10714285714285714,0.3054920313938015,1.1110676544751596,"{""llm_generation_error"": 3, ""parse_fail"": 9, ""render_engine_error"": 7, ""success"": 1005}"
focal_v3_n16_g2_Qwen3-1.7B-Base,41,0,1024,64,0.9892578125,1.0,0.0,8.418657902818907,6.491612765443202,6.491612765443202,9.287693994735111,0.0,6.367226061204342,0.0,0.0,0.0,0.28702517196078103,0.22522196275966466,0.3587197963231973,0.6875,0.9238881421537882,0.10365251727541955,0.2933367464252712,1.1683423752309996,"{""llm_generation_error"": 2, ""parse_fail"": 7, ""render_engine_error"": 4, ""success"": 1011}"
focal_v3_n16_g2_Qwen3-1.7B-Base,42,0,1024,64,0.9814453125,1.0,0.0,8.477392216694312,6.659373018351885,6.659373018351885,9.280085008291875,0.0,6.4517412935323435,0.0,0.0,0.0,0.2942036789723429,0.2195964248497804,0.3615154913892963,0.796875,0.9201116483761924,0.09651741293532339,0.29366897927328434,1.0519713378117097,"{""llm_generation_error"": 3, ""parse_fail"": 4, ""render_engine_error"": 15, ""success"": 1002}"
focal_v3_n16_g2_Qwen3-1.7B-Base,43,0,1024,64,0.982421875,1.0,0.0,8.484992003534353,6.639438057423527,6.639438057423527,9.29506587143804,0.0,6.526838966202783,0.0,0.0,0.0,0.28796748729832267,0.22051558453294887,0.36530147459964524,0.859375,0.9116694882640792,0.09244532803180915,0.23900761485934127,0.9753760997994063,"{""llm_generation_error"": 1, ""parse_fail"": 8, ""render_engine_error"": 10, ""success"": 1005}"
focal_v3_n16_g2_Qwen3-1.7B-Base,44,0,1024,64,0.984375,1.0,0.0,8.536873622134046,6.811064555846219,6.811064555846219,9.29466228505291,0.0,6.547619047619056,0.0,0.0,0.0,0.29666713119844873,0.21713803550053012,0.3567350915404032,0.8125,0.9211364570513174,0.1111111111111111,0.28430042517261567,1.091703071344057,"{""llm_generation_error"": 3, ""parse_fail"": 9, ""render_engine_error"": 7, ""success"": 1005}"
focal_v3_n16_g2_Qwen3-1.7B-Base,45,0,1024,64,0.98046875,1.0,0.0,8.505743116423197,6.651752809113549,6.651752809113549,9.31258213811421,0.0,6.503984063745028,0.0,0.0,0.0,0.29256836064275044,0.22130780706030886,0.3654006878142947,0.765625,0.8968292997354324,0.12250996015936255,0.2453781018666492,1.0002659543921468,"{""llm_generation_error"": 3, ""parse_fail"": 11, ""render_engine_error"": 9, ""success"": 1001}"
focal_v3_n16_g2_Qwen3-1.7B-Base,46,0,1024,64,0.9912109375,1.0,0.0,8.561278215654067,6.825618634479576,6.825618634479576,9.296350821018061,0.0,6.530049261083745,0.0,0.0,0.0,0.30871817848725586,0.2135292465232174,0.3660646343675013,0.6875,0.90654375419004,0.09753694581280788,0.24421683101534455,0.9363003763154113,"{""llm_generation_error"": 2, ""parse_fail"": 4, ""render_engine_error"": 5, ""success"": 1013}"
focal_v3_n16_g2_Qwen3-1.7B-Base,47,0,1024,64,0.986328125,1.0,0.0,8.651807524752483,7.06712035049155,7.06712035049155,9.31289280528053,0.0,6.625742574257427,0.0,0.0,0.0,0.3210993363692142,0.20695619354958283,0.3588751651747142,0.8125,0.9321543447193843,0.09108910891089109,0.28133095043024525,1.0002645598619495,"{""llm_generation_error"": 3, ""parse_fail"": 9, ""render_engine_error"": 5, ""success"": 1007}"
focal_v3_n16_g2_Qwen3-1.7B-Base,48,0,1024,64,0.986328125,1.0,0.0,8.624194334433438,6.92283384504398,6.92283384504398,9.332265099009907,0.0,6.653465346534662,0.0,0.0,0.0,0.3117868156078961,0.21251630419830478,0.37624383567434727,0.796875,0.8967295085986103,0.13861386138613863,0.21754262762186496,0.886324989907656,"{""llm_generation_error"": 2, ""parse_fail"": 8, ""render_engine_error"": 6, ""success"": 1008}"
focal_v3_n16_g2_Qwen3-1.7B-Base,49,0,1024,64,0.9892578125,1.0,0.0,8.601057793133707,6.905413752519711,6.905413752519711,9.303445853899307,0.0,6.560710760118452,0.0,0.0,0.0,0.31898652473560457,0.20929341661351664,0.3696795183420867,0.75,0.9003483540483386,0.12734452122408688,0.2337039012285781,0.9250440062103673,"{""llm_generation_error"": 2, ""parse_fail"": 6, ""render_engine_error"": 5, ""success"": 1011}"
focal_v3_n16_g2_Qwen3-1.7B-Base,50,0,1024,64,0.982421875,1.0,0.0,8.651110028716595,7.014868988958917,7.014868988958917,9.344988436050368,0.0,6.773359840954284,0.0,0.0,0.0,0.30325020159846766,0.21402532117861162,0.36952828842964314,0.8125,0.8888249369553192,0.13220675944333996,0.21145231229257938,0.9081951761356313,"{""llm_generation_error"": 1, ""parse_fail"": 11, ""render_engine_error"": 7, ""success"": 1005}"
focal_v3_n16_g2_Qwen3-1.7B-Base,51,0,1024,64,0.984375,1.0,0.0,8.664477006172856,7.06985721240067,7.06985721240067,9.352634821428573,0.0,6.7956349206349325,0.0,0.0,0.0,0.30125331213535234,0.21437066672840813,0.3582066081267149,0.859375,0.9020272115407094,0.13988095238095238,0.19221084349235548,0.8245042650725315,"{""llm_generation_error"": 1, ""parse_fail"": 8, ""render_engine_error"": 8, ""success"": 1007}"
focal_v3_n16_g2_Qwen3-1.7B-Base,52,0,1024,64,0.9853515625,1.0,0.0,8.640753441250972,7.008669450010349,7.008669450010349,9.345834489593654,0.0,6.790882061446982,0.0,0.0,0.0,0.2961562862373581,0.2166475177452789,0.3658425135490285,0.78125,0.9183066066742578,0.0981169474727453,0.304159364763173,1.0871013008756873,"{""llm_generation_error"": 4, ""parse_fail"": 8, ""render_engine_error"": 7, ""success"": 1005}"
focal_v3_n16_g2_Qwen3-1.7B-Base,53,0,1024,64,0.98828125,1.0,0.0,8.688826482213436,7.101408473032799,7.101408473032799,9.354863570487487,0.0,6.8873517786561225,0.0,0.0,0.0,0.30173693755657,0.21256178314503538,0.37385619152206934,0.765625,0.9062954962473853,0.13438735177865613,0.16414302408673562,0.7606024046993968,"{""parse_fail"": 3, ""render_engine_error"": 9, ""success"": 1012}"
focal_v3_n16_g2_Qwen3-1.7B-Base,54,0,1024,64,0.9833984375,1.0,0.0,8.684369072051208,7.110415416589061,7.110415416589061,9.342144472029132,0.0,6.798411122144988,0.0,0.0,0.0,0.3105275044228328,0.21051010993721686,0.37278793306289376,0.75,0.8857248967550782,0.1400198609731877,0.18634453186948832,0.7725922232079527,"{""llm_generation_error"": 1, ""parse_fail"": 8, ""render_engine_error"": 9, ""success"": 1006}"
focal_v3_n16_g2_Qwen3-1.7B-Base,55,0,1024,64,0.9833984375,1.0,0.0,8.73891787487587,7.284373679177459,7.284373679177459,9.341163968884475,0.0,6.893743793445867,0.0,0.0,0.0,0.3191636502659991,0.20428310848320877,0.3688087022560926,0.75,0.8817941174395185,0.12711022840119166,0.2405088173848303,0.8450107355373322,"{""llm_generation_error"": 3, ""parse_fail"": 10, ""render_engine_error"": 7, ""success"": 1004}"
focal_v3_n16_g2_Qwen3-1.7B-Base,56,0,1024,64,0.98046875,1.0,0.0,8.714071945551128,7.229330814058259,7.229330814058259,9.35796050796813,0.0,6.868525896414358,0.0,0.0,0.0,0.30597281408478494,0.21218485062187323,0.35134450562573905,0.796875,0.9064167385770857,0.11553784860557768,0.2401400872339944,0.8376423981891319,"{""llm_generation_error"": 3, ""parse_fail"": 10, ""render_engine_error"": 10, ""success"": 1001}"
focal_v3_n16_g2_Qwen3-1.7B-Base,57,0,1024,64,0.9833984375,1.0,0.0,8.753242204568037,7.2922554669604125,7.2922554669604125,9.383190019860969,0.0,7.006951340615689,0.0,0.0,0.0,0.29873485371582426,0.21333208357431843,0.35452209712690597,0.796875,0.9001330079857155,0.1221449851042701,0.2155887282520619,0.8356742945821631,"{""llm_generation_error"": 2, ""parse_fail"": 10, ""render_engine_error"": 7, ""success"": 1005}"
focal_v3_n16_g2_Qwen3-1.7B-Base,58,0,1024,64,0.98828125,1.0,0.0,8.678836835748793,7.138127770165936,7.138127770165936,9.367892934782608,0.0,7.03952569169961,0.0,0.0,0.0,0.2767421558625332,0.22043024883001086,0.3592154941793478,0.734375,0.8963312346285656,0.1324110671936759,0.2601421794635975,0.8990503606107744,"{""llm_generation_error"": 3, ""parse_fail"": 5, ""render_engine_error"": 7, ""success"": 1009}"
focal_v3_n16_g2_Qwen3-1.7B-Base,59,0,1024,64,0.97265625,1.0,0.0,8.788388464971,7.384169168671683,7.384169168671683,9.365865829986612,0.0,7.0040160642570335,0.0,0.0,0.0,0.3205876598913155,0.20359133009078656,0.37273146067099333,0.78125,0.9109157321622467,0.13052208835341367,0.3272548133893561,1.0703423104277878,"{""llm_generation_error"": 5, ""parse_fail"": 16, ""render_engine_error"": 12, ""success"": 991}"
focal_v3_n16_g2_Qwen3-1.7B-Base,60,0,1024,64,0.986328125,1.0,0.0,8.79246752475248,7.39691304914997,7.39691304914997,9.389427359735981,0.0,7.051485148514862,0.0,0.0,0.0,0.3066097161060894,0.20937025470281012,0.3606542082382094,0.78125,0.8985487413171106,0.14356435643564355,0.17239487865863076,0.6686699537850067,"{""llm_generation_error"": 1, ""parse_fail"": 7, ""render_engine_error"": 7, ""success"": 1009}"
focal_v3_n16_g2_Qwen3-1.7B-Base,61,0,1024,64,0.9892578125,1.0,0.0,8.793623560381722,7.327701108762289,7.327701108762289,9.406756498848305,0.0,7.058242843040473,0.0,0.0,0.0,0.30950779505495435,0.210669930468669,0.3721008686057633,0.8125,0.9036303670851861,0.1372161895360316,0.13987585802567,0.6788459861162126,"{""parse_fail"": 7, ""render_engine_error"": 4, ""success"": 1013}"
focal_v3_n16_g2_Qwen3-1.7B-Base,62,0,1024,64,0.9873046875,1.0,0.0,8.790308847126068,7.337155797873077,7.337155797873077,9.410949587866801,0.0,7.101879327398621,0.0,0.0,0.0,0.30085299729366194,0.21238828950140995,0.3638794063522031,0.796875,0.8973179678891702,0.11869436201780416,0.2150140195709691,0.899430984196321,"{""llm_generation_error"": 1, ""parse_fail"": 6, ""render_engine_error"": 7, ""success"": 1010}"
focal_v3_n16_g2_Qwen3-1.7B-Base,63,0,1024,64,0.982421875,1.0,0.0,8.831941782637516,7.430545104714589,7.430545104714589,9.425447465208745,0.0,7.168986083499008,0.0,0.0,0.0,0.3017603642046361,0.21139281553693534,0.3632829586240882,0.796875,0.8996387274419927,0.11530815109343936,0.17141167571265456,0.7085608662515445,"{""llm_generation_error"": 1, ""parse_fail"": 13, ""render_engine_error"": 5, ""success"": 1005}"
focal_v3_n16_g2_Qwen3-1.7B-Base,64,0,1024,64,0.9892578125,1.0,0.0,8.80453196226829,7.371687372167018,7.371687372167018,9.3951987331359,0.0,7.068114511352412,0.0,0.0,0.0,0.31707604097223063,0.20520118271961188,0.3706195294266864,0.828125,0.8936129791580023,0.1441263573543929,0.1722768982537698,0.7067178329101835,"{""llm_generation_error"": 1, ""parse_fail"": 6, ""render_engine_error"": 5, ""success"": 1012}"
focal_v3_n16_g2_Qwen3-1.7B-Base,65,0,1024,64,0.9755859375,1.0,0.0,8.823937504170841,7.403826861959737,7.403826861959737,9.424961978645312,0.0,7.123123123123109,0.0,0.0,0.0,0.3052033068173284,0.21136981841858526,0.36580543057274434,0.890625,0.916968012626019,0.1041041041041041,0.20139375268706505,0.86451408510527,"{""llm_generation_error"": 1, ""parse_fail"": 14, ""render_engine_error"": 11, ""success"": 998}"
focal_v3_n16_g2_Qwen3-1.7B-Base,66,0,1024,64,0.9833984375,1.0,0.0,8.829717367317674,7.446169657188924,7.446169657188924,9.446893164515059,0.0,7.285004965243287,0.0,0.0,0.0,0.2794418461201906,0.21901842108296551,0.35557194819212307,0.859375,0.9006641456720846,0.13505461767626614,0.11970469701101534,0.5179093230143048,"{""parse_fail"": 11, ""render_engine_error"": 6, ""success"": 1007}"
focal_v3_n16_g2_Qwen3-1.7B-Base,67,0,1024,64,0.9853515625,1.0,0.0,8.87261591234447,7.508905423833284,7.508905423833284,9.470800313842085,0.0,7.351833498513384,0.0,0.0,0.0,0.28322970500028316,0.21905936839099546,0.3628955751223773,0.78125,0.9081978262657738,0.1159563924677899,0.20803393523384875,0.8201071727537372,"{""llm_generation_error"": 2, ""parse_fail"": 9, ""render_engine_error"": 6, ""success"": 1007}"
focal_v3_n16_g2_Qwen3-1.7B-Base,68,0,1024,64,0.984375,1.0,0.0,8.873888051146412,7.4741735066360215,7.4741735066360215,9.47364623015873,0.0,7.311507936507941,0.0,0.0,0.0,0.29099096899266635,0.21801254024812655,0.3707293538435006,0.796875,0.8891675995553223,0.11408730158730158,0.15317491779210102,0.6454428221873127,"{""llm_generation_error"": 1, ""parse_fail"": 11, ""render_engine_error"": 5, ""success"": 1007}"
focal_v3_n16_g2_Qwen3-1.7B-Base,69,0,1024,64,0.99609375,1.0,0.0,8.844552374727673,7.422298367677455,7.422298367677455,9.476420065359479,0.0,7.374509803921572,0.0,0.0,0.0,0.26758285565397927,0.22407315469782255,0.36524428899389616,0.75,0.9024703595908554,0.1284313725490196,0.17018145426528405,0.7347041222477446,"{""llm_generation_error"": 1, ""parse_fail"": 3, ""render_engine_error"": 1, ""success"": 1019}"
focal_v3_n16_g2_Qwen3-1.7B-Base,70,0,1024,64,0.9951171875,1.0,0.0,8.888450397993694,7.552693790384489,7.552693790384489,9.461347497546612,0.0,7.307163886162905,0.0,0.0,0.0,0.2994318506271942,0.21307410336166535,0.3630929477986006,0.765625,0.8918228594345484,0.11481844946025516,0.11907068308608927,0.5754818045954911,"{""parse_fail"": 1, ""render_engine_error"": 4, ""success"": 1019}"
focal_v3_n16_g2_Qwen3-1.7B-Base,71,0,1024,64,0.9873046875,1.0,0.0,8.914039916474337,7.58883989776599,7.58883989776599,9.480060863831195,0.0,7.2858555885262115,0.0,0.0,0.0,0.3090718833780334,0.2116799916282233,0.35877934520136634,0.859375,0.9220011986316008,0.10682492581602374,0.13841369103007384,0.6596327284824273,"{""parse_fail"": 9, ""render_engine_error"": 4, ""success"": 1011}"
focal_v3_n16_g2_Qwen3-1.7B-Base,72,0,1024,64,0.994140625,1.0,0.0,8.934848330058943,7.682944851514962,7.682944851514962,9.4948068762279,0.0,7.47937131630648,0.0,0.0,0.0,0.28520600831798537,0.21676996773488488,0.35216859565853914,0.765625,0.8808515611797094,0.12573673870333987,0.16618221260602678,0.636312212782617,"{""llm_generation_error"": 2, ""parse_fail"": 5, ""render_engine_error"": 1, ""success"": 1016}"
focal_v3_n16_g2_Qwen3-1.7B-Base,73,0,1024,64,0.98828125,1.0,0.0,8.974435364514722,7.7606051005497125,7.7606051005497125,9.501162269433465,0.0,7.494071146245046,0.0,0.0,0.0,0.30093353520092514,0.21089104782106027,0.35709680771926205,0.84375,0.9076473035315473,0.1007905138339921,0.1608032837525534,0.68664492424469,"{""llm_generation_error"": 1, ""parse_fail"": 10, ""render_engine_error"": 2, ""success"": 1011}"
focal_v3_n16_g2_Qwen3-1.7B-Base,74,0,1024,64,0.994140625,1.0,0.0,8.948017146911148,7.659904143138612,7.659904143138612,9.49910496070727,0.0,7.426326129666016,0.0,0.0,0.0,0.301610108713514,0.2126378584988187,0.36242872100926515,0.859375,0.9136781118259786,0.12082514734774066,0.18734785769924486,0.7468010516894287,"{""llm_generation_error"": 2, ""parse_fail"": 5, ""render_engine_error"": 1, ""success"": 1016}"
focal_v3_n16_g2_Qwen3-1.7B-Base,75,0,1024,64,0.9853515625,1.0,0.0,8.924818158793093,7.586363568875923,7.586363568875923,9.513358721506444,0.0,7.46878097125868,0.0,0.0,0.0,0.2835942116193266,0.21993855440952684,0.3666968626055093,0.84375,0.9116274808097838,0.10505450941526263,0.1278932535590621,0.6490961982520552,"{""parse_fail"": 14, ""render_engine_error"": 1, ""success"": 1009}"
focal_v3_n16_g2_Qwen3-1.7B-Base,76,0,1024,64,0.98828125,1.0,0.0,8.931634848484844,7.630457217134454,7.630457217134454,9.505620915678522,0.0,7.46442687747035,0.0,0.0,0.0,0.2855465398961677,0.2184469574981288,0.3636925273632738,0.796875,0.893696690409864,0.13537549407114624,0.18064179475332565,0.6935617135653822,"{""llm_generation_error"": 2, ""parse_fail"": 10, ""render_engine_error"": 2, ""success"": 1010}"
focal_v3_n16_g2_Qwen3-1.7B-Base,77,0,1024,64,0.990234375,1.0,0.0,8.945441135218061,7.650118843253492,7.650118843253492,9.52932212360289,0.0,7.55818540433925,0.0,0.0,0.0,0.27353798806507673,0.22266924001027388,0.34868908767257845,0.875,0.9267465324510658,0.09763313609467456,0.16760313127725923,0.655510637389008,"{""llm_generation_error"": 2, ""parse_fail"": 9, ""render_engine_error"": 1, ""success"": 1012}"
focal_v3_n16_g2_Qwen3-1.7B-Base,78,0,1024,64,0.9892578125,1.0,0.0,8.954440945486446,7.629703246895374,7.629703246895374,9.52029254689043,0.0,7.457058242843041,0.0,0.0,0.0,0.2918413123580528,0.21792001874386482,0.36941016423258516,0.734375,0.900257175144502,0.11549851924975321,0.12528862016435438,0.6244704212306116,"{""parse_fail"": 9, ""render_engine_error"": 2, ""success"": 1013}"
focal_v3_n16_g2_Qwen3-1.7B-Base,79,0,1024,64,0.9921875,1.0,0.0,8.93208713910761,7.565535250740628,7.565535250740628,9.531431233595802,0.0,7.49015748031496,0.0,0.0,0.0,0.27932617977329266,0.22330017137843414,0.37239062851370164,0.859375,0.8946684567795633,0.10039370078740158,0.1794747653003164,0.7736851759553323,"{""llm_generation_error"": 1, ""parse_fail"": 5, ""render_engine_error"": 3, ""success"": 1015}"
focal_v3_n16_g2_Qwen3-1.7B-Base,80,0,1024,64,0.98828125,1.0,0.0,8.989668741765483,7.731213703584894,7.731213703584894,9.540234337944662,0.0,7.561264822134393,0.0,0.0,0.0,0.28809871206100535,0.21801826603042684,0.362856826069317,0.796875,0.9265351268804786,0.08893280632411067,0.13454577832296105,0.6327173953293974,"{""parse_fail"": 10, ""render_engine_error"": 2, ""success"": 1012}"
focal_v3_n16_g2_Qwen3-1.7B-Base,81,0,1024,64,0.9912109375,1.0,0.0,8.980248637110009,7.721079021026957,7.721079021026957,9.538090525451556,0.0,7.542857142857143,0.0,0.0,0.0,0.2854382168031487,0.21964046942451432,0.35837526150156446,0.84375,0.9185950413480858,0.10344827586206896,0.1314170353113285,0.5706029395726837,"{""llm_generation_error"": 1, ""parse_fail"": 6, ""render_engine_error"": 3, ""success"": 1014}"
focal_v3_n16_g2_Qwen3-1.7B-Base,82,0,1024,64,0.9814453125,1.0,0.0,9.014146567164179,7.812064768495953,7.812064768495953,9.566145223880598,0.0,7.70149253731343,0.0,0.0,0.0,0.2751070799046089,0.2215538218350169,0.3513024618989334,0.765625,0.9232666958745391,0.10149253731343283,0.12698708639623485,0.6134297262601578,"{""parse_fail"": 16, ""render_engine_error"": 3, ""success"": 1005}"
focal_v3_n16_g2_Qwen3-1.7B-Base,83,0,1024,64,0.994140625,1.0,0.0,8.969855249945432,7.699453637664859,7.699453637664859,9.550444302554027,0.0,7.614931237721025,0.0,0.0,0.0,0.27005815058224003,0.22473057480172362,0.3570455200060807,0.828125,0.9198226119118632,0.10609037328094302,0.14944210518810874,0.6625555600021339,"{""llm_generation_error"": 1, ""parse_fail"": 5, ""render_engine_error"": 1, ""success"": 1017}"
focal_v3_n16_g2_Qwen3-1.7B-Base,84,0,1024,64,0.9853515625,1.0,0.0,8.955698733619654,7.634100952640152,7.634100952640152,9.533151668318467,0.0,7.5024777006937615,0.0,0.0,0.0,0.287902021730374,0.2193610326703305,0.3600921996398169,0.78125,0.915524668187862,0.10406342913776016,0.14079939326674237,0.7178031526057187,"{""parse_fail"": 12, ""render_engine_error"": 3, ""success"": 1009}"
focal_v3_n16_g2_Qwen3-1.7B-Base,85,0,1024,64,0.9912109375,1.0,0.0,8.96271938697318,7.695614271399458,7.695614271399458,9.535441970443353,0.0,7.558620689655186,0.0,0.0,0.0,0.2815963639620114,0.2201986069048214,0.360264254730193,0.75,0.9358991273941624,0.08768472906403942,0.2321469564733473,0.8475822686256219,"{""llm_generation_error"": 3, ""parse_fail"": 9, ""success"": 1012}"
focal_v3_n16_g2_Qwen3-1.7B-Base,86,0,1024,64,0.98828125,1.0,0.0,9.033097002635053,7.832887181273142,7.832887181273142,9.580162631752305,0.0,7.709486166007909,0.0,0.0,0.0,0.2725121861002534,0.22363085637468724,0.34900150537484365,0.875,0.9353810887816394,0.09980237154150198,0.1515358813918592,0.7433003312488076,"{""parse_fail"": 9, ""render_engine_error"": 3, ""success"": 1012}"
focal_v3_n16_g2_Qwen3-1.7B-Base,87,0,1024,64,0.9892578125,1.0,0.0,9.022037632993321,7.783931712746319,7.783931712746319,9.579190046067787,0.0,7.7097729516288265,0.0,0.0,0.0,0.27043923103534273,0.22484664611303376,0.35790928558899576,0.828125,0.9210982138015511,0.09970384995064166,0.11382378591431035,0.5686910316350564,"{""parse_fail"": 10, ""render_engine_error"": 1, ""success"": 1013}"
focal_v3_n16_g2_Qwen3-1.7B-Base,88,0,1024,64,0.9873046875,1.0,0.0,8.999667370040662,7.7411683020710695,7.7411683020710695,9.577048038245962,0.0,7.7091988130563855,0.0,0.0,0.0,0.27225333050885314,0.22308997903638292,0.3497473316555081,0.828125,0.94768380745732,0.05934718100890208,0.21368719015566884,0.895992164893017,"{""llm_generation_error"": 2, ""parse_fail"": 8, ""render_engine_error"": 5, ""success"": 1009}"
focal_v3_n16_g2_Qwen3-1.7B-Base,89,0,1024,64,0.990234375,1.0,0.0,9.023350876616263,7.819104702815165,7.819104702815165,9.57135110124918,0.0,7.670611439842215,0.0,0.0,0.0,0.2787895059382062,0.22148579221394435,0.35333922904125453,0.765625,0.924738081747612,0.09763313609467456,0.11523733104464032,0.5738731118992019,"{""parse_fail"": 9, ""render_engine_error"": 1, ""success"": 1014}"
focal_v3_n16_g2_Qwen3-1.7B-Base,90,0,1024,64,0.9921875,1.0,0.0,9.035101531058626,7.859162169644119,7.859162169644119,9.577324212598421,0.0,7.718503937007865,0.0,0.0,0.0,0.2765553242625829,0.22228945153663562,0.34094095570003824,0.90625,0.9440784931041791,0.07775590551181102,0.19292757614177863,0.7022591414912329,"{""llm_generation_error"": 3, ""parse_fail"": 7, ""render_engine_error"": 1, ""success"": 1013}"
focal_v3_n16_g2_Qwen3-1.7B-Base,91,0,1024,64,0.984375,1.0,0.0,9.00274641754849,7.780046899573722,7.780046899573722,9.581384837962968,0.0,7.763888888888902,0.0,0.0,0.0,0.25510051118763716,0.2287895985197305,0.3450844719837751,0.859375,0.9334729665392764,0.06845238095238096,0.14106000296359464,0.61071073108091,"{""llm_generation_error"": 1, ""parse_fail"": 9, ""render_engine_error"": 7, ""success"": 1007}"
focal_v3_n16_g2_Qwen3-1.7B-Base,92,0,1024,64,0.990234375,1.0,0.0,9.027069186938414,7.765875848877114,7.765875848877114,9.605445989480605,0.0,7.822485207100592,0.0,0.0,0.0,0.2514613116193051,0.23127708519552168,0.35189627913846117,0.828125,0.9264820460930525,0.09566074950690336,0.15619215695896685,0.7777634731901713,"{""parse_fail"": 9, ""render_engine_error"": 1, ""success"": 1014}"
focal_v3_n16_g2_Qwen3-1.7B-Base,93,0,1024,64,0.990234375,1.0,0.0,9.078057549857547,7.946834046705987,7.946834046705987,9.591280933596323,0.0,7.733727810650901,0.0,0.0,0.0,0.28698636529585486,0.21862786371121704,0.34554038008783744,0.859375,0.9393395141361265,0.07495069033530571,0.08230902517998831,0.4135239501340477,"{""parse_fail"": 8, ""render_engine_error"": 2, ""success"": 1014}"
focal_v3_n16_g2_Qwen3-1.7B-Base,94,0,1024,64,0.9892578125,1.0,0.0,9.066250619721398,7.9275305329838455,7.9275305329838455,9.600774415926296,0.0,7.788746298124384,0.0,0.0,0.0,0.27100282169045,0.2240564891015853,0.33815064755257707,0.875,0.9513429629249112,0.08193484698914116,0.10615270874657866,0.5277257600894882,"{""parse_fail"": 10, ""render_engine_error"": 1, ""success"": 1013}"
focal_v3_n16_g2_Qwen3-1.7B-Base,95,0,1024,64,0.990234375,1.0,0.0,9.079801775147931,7.957578894806938,7.957578894806938,9.602805884286653,0.0,7.818540433925052,0.0,0.0,0.0,0.27394399070214986,0.22165051913060238,0.33952764531746693,0.859375,0.9480419117285953,0.07593688362919132,0.12401464108588045,0.6207310928383749,"{""parse_fail"": 7, ""render_engine_error"": 3, ""success"": 1014}"
focal_v3_n16_g2_Qwen3-1.7B-Base,96,0,1024,64,0.9853515625,1.0,0.0,9.047943145028096,7.884766219388864,7.884766219388864,9.582717492566898,0.0,7.754212091179389,0.0,0.0,0.0,0.27382621141218605,0.22294868835068668,0.34892280972160067,0.828125,0.935814317472372,0.07333994053518335,0.17544035961417628,0.6682597042113055,"{""llm_generation_error"": 2, ""parse_fail"": 9, ""render_engine_error"": 6, ""success"": 1007}"
focal_v3_n16_g2_Qwen3-1.7B-Base,97,0,1024,64,0.9853515625,1.0,0.0,9.090963120801673,7.984071927696841,7.984071927696841,9.607273885034692,0.0,7.829534192269576,0.0,0.0,0.0,0.27450905786251306,0.22174454360896978,0.33888727844278527,0.828125,0.9449405901955648,0.07234886025768088,0.13217466285807625,0.5468044006454843,"{""llm_generation_error"": 1, ""parse_fail"": 8, ""render_engine_error"": 7, ""success"": 1008}"
focal_v3_n16_g2_Qwen3-1.7B-Base,98,0,1024,64,0.9794921875,1.0,0.0,9.08514787858648,7.953643924906126,7.953643924906126,9.621041857760055,0.0,7.914257228315065,0.0,0.0,0.0,0.2566583109930324,0.22801647437859573,0.34448932943000354,0.84375,0.9411473226269852,0.0707876370887338,0.17486208590245608,0.7773761127848426,"{""llm_generation_error"": 1, ""parse_fail"": 9, ""render_engine_error"": 12, ""success"": 1002}"
focal_v3_n16_g2_Qwen3-1.7B-Base,99,0,1024,64,0.9931640625,1.0,0.0,9.070183491751335,7.897215065405405,7.897215065405405,9.59462299246149,0.0,7.764011799410023,0.0,0.0,0.0,0.28026946946563236,0.22073168454467437,0.3561713352650814,0.8125,0.9499344529281543,0.063913470993117,0.14709058566626615,0.6231996277433874,"{""llm_generation_error"": 1, ""parse_fail"": 7, ""success"": 1016}"
focal_v3_n16_g2_Qwen3-1.7B-Base,100,0,1024,64,0.994140625,1.0,0.0,9.053188757913125,7.851905240456428,7.851905240456428,9.58358143418468,0.0,7.685658153241651,0.0,0.0,0.0,0.2886622795588293,0.2185205861847123,0.35299930324073814,0.890625,0.9522310706822781,0.09037328094302555,0.1252376551834773,0.5341070627957378,"{""llm_generation_error"": 1, ""parse_fail"": 4, ""render_engine_error"": 2, ""success"": 1017}"
focal_v3_n16_g2_Qwen3-1.7B-Base,101,0,1024,64,0.9853515625,1.0,0.0,9.103248364717551,7.986499955960191,7.986499955960191,9.621853055830854,0.0,7.888999008919722,0.0,0.0,0.0,0.2672038896814367,0.22479241876401876,0.3419737546341603,0.90625,0.9498609354004172,0.09217046580773043,0.11486272512975375,0.48029128191119314,"{""llm_generation_error"": 1, ""parse_fail"": 5, ""render_engine_error"": 10, ""success"": 1008}"
focal_v3_n16_g2_Qwen3-1.7B-Base,102,0,1024,64,0.9873046875,1.0,0.0,9.086886163314663,7.9355580411602835,7.9355580411602835,9.612722914606003,0.0,7.839762611275975,0.0,0.0,0.0,0.270205617529446,0.22448451120298527,0.34985890731853475,0.90625,0.9544483851597709,0.08506429277942631,0.15104752204657013,0.5480697482130445,"{""llm_generation_error"": 2, ""parse_fail"": 12, ""render_engine_error"": 1, ""success"": 1009}"
focal_v3_n16_g2_Qwen3-1.7B-Base,103,0,1024,64,0.9873046875,1.0,0.0,9.108704857676658,7.985451874443944,7.985451874443944,9.613271595779759,0.0,7.84767556874382,0.0,0.0,0.0,0.28194881014737294,0.21956369173901882,0.35477758701099243,0.796875,0.9457686971541426,0.0702274975272008,0.13006776212442925,0.5771083664455925,"{""llm_generation_error"": 1, ""parse_fail"": 9, ""render_engine_error"": 4, ""success"": 1010}"
focal_v3_n16_g2_Qwen3-1.7B-Base,104,0,1024,64,0.9921875,1.0,0.0,9.098955741469807,7.958278532813064,7.958278532813064,9.612623244750655,0.0,7.781496062992126,0.0,0.0,0.0,0.28698289357797013,0.2191506506129501,0.3488746293790228,0.90625,0.9652038582511789,0.06692913385826772,0.1468567125633254,0.7505518239228063,"{""parse_fail"": 7, ""render_engine_error"": 1, ""success"": 1016}"
focal_v3_n16_g2_Qwen3-1.7B-Base,105,0,1024,64,0.9873046875,1.0,0.0,9.096430893504788,7.946082902815614,7.946082902815614,9.623792400263769,0.0,7.8813056379822,0.0,0.0,0.0,0.2663850696467039,0.2258537133063634,0.35096292515507405,0.828125,0.9461688793492569,0.08011869436201781,0.1270690371154999,0.5672722279283359,"{""llm_generation_error"": 1, ""parse_fail"": 13, ""success"": 1010}"
focal_v3_n16_g2_Qwen3-1.7B-Base,106,0,1024,64,0.9892578125,1.0,0.0,9.094142722386747,7.983297036210429,7.983297036210429,9.606844225074036,0.0,7.796643632773941,0.0,0.0,0.0,0.2812797368142541,0.22068470920808178,0.3404749263552796,0.828125,0.9515761277520836,0.06712734452122408,0.134746999897009,0.5609000200336236,"{""llm_generation_error"": 1, ""parse_fail"": 2, ""render_engine_error"": 9, ""success"": 1012}"
focal_v3_n16_g3_Qwen3-1.7B-Base,1,0,1024,64,0.9755859375,1.0,0.0,6.069972917361802,2.664962872857907,2.664962872857907,7.925279696363032,0.0,4.43043043043043,0.0,0.0,0.0,0.11228129387444213,0.279238016618133,0.33298885359456437,0.734375,0.8987822052906507,0.15815815815815815,2.33768122522804,3.4145098731162413,"{""llm_generation_error"": 211, ""parse_fail"": 10, ""render_engine_error"": 15, ""success"": 788}"
focal_v3_n16_g3_Qwen3-1.7B-Base,2,0,1024,64,0.9755859375,1.0,0.0009765625,5.975229840952042,2.6260379369195066,2.6260379369195066,7.814446363029698,0.0,4.250250250250248,0.0,0.0,0.0,0.11653487878967796,0.2762208091285013,0.32467143693533024,0.78125,0.9072117493194595,0.14914914914914915,2.508369155375079,3.5773000590696236,"{""llm_generation_error"": 247, ""parse_fail"": 7, ""render_engine_error"": 17, ""request_error"": 1, ""success"": 752}"
focal_v3_n16_g3_Qwen3-1.7B-Base,3,0,1024,64,0.9736328125,1.0,0.0,6.0418890449125024,2.637523265441223,2.637523265441223,7.902301972584425,0.0,4.389167502507525,0.0,0.0,0.0,0.112831920586849,0.2790933231691383,0.3275496383453159,0.796875,0.9028438804506285,0.14844533600802406,2.4656016478052316,3.4837053575068513,"{""llm_generation_error"": 230, ""parse_fail"": 11, ""render_engine_error"": 16, ""success"": 767}"
focal_v3_n16_g3_Qwen3-1.7B-Base,4,0,1024,64,0.97265625,1.0,0.0,6.1348621597500985,2.7782034574204117,2.7782034574204117,7.963755756358771,0.0,4.443775100401605,0.0,0.0,0.0,0.1166850357269864,0.2790958440812346,0.3317079123473654,0.734375,0.8975909181586492,0.14759036144578314,2.4165646819783233,3.591463713813586,"{""llm_generation_error"": 213, ""parse_fail"": 10, ""render_engine_error"": 18, ""success"": 783}"
focal_v3_n16_g3_Qwen3-1.7B-Base,5,0,1024,64,0.9736328125,1.0,0.0,6.207423503844856,2.8316498315026344,2.8316498315026344,8.0392362253427,0.0,4.545636910732201,0.0,0.0,0.0,0.1166377683350133,0.2810368836615887,0.3346685007367266,0.734375,0.8775805113018635,0.17853560682046138,2.3116347061967915,3.5079553757591535,"{""llm_generation_error"": 189, ""parse_fail"": 13, ""render_engine_error"": 14, ""success"": 808}"
focal_v3_n16_g3_Qwen3-1.7B-Base,6,0,1024,64,0.9736328125,1.0,0.0,6.491440242951061,3.183131477431183,3.183131477431183,8.268454246071558,0.0,4.93681043129388,0.0,0.0,0.0,0.11300455220255207,0.28487945311333696,0.3445349151976328,0.671875,0.8889374584605422,0.18756268806419257,2.058289030717172,3.4269320438124,"{""judge_fail"": 1, ""llm_generation_error"": 138, ""parse_fail"": 12, ""render_engine_error"": 14, ""success"": 859}"
focal_v3_n16_g3_Qwen3-1.7B-Base,7,0,1024,64,0.9560546875,1.0,0.0,6.402914323005322,2.975849756529675,2.975849756529675,8.232478396322785,0.0,4.802860061287036,0.0,0.0,0.0,0.11191768417016867,0.2855876972041236,0.3503211493107752,0.6875,0.8726099402020995,0.1644535240040858,2.065551604162501,3.3007855691049572,"{""llm_generation_error"": 153, ""parse_fail"": 9, ""render_engine_error"": 36, ""success"": 826}"
focal_v3_n16_g3_Qwen3-1.7B-Base,8,0,1024,64,0.97265625,1.0,0.0,6.50483721552878,3.056304009947833,3.056304009947833,8.33264069611781,0.0,5.034136546184733,0.0,0.0,0.0,0.10713719341830719,0.2878903885114595,0.35908970363567705,0.609375,0.8521295644296508,0.1817269076305221,1.802341749164407,2.9809235225633737,"{""llm_generation_error"": 117, ""parse_fail"": 3, ""render_engine_error"": 25, ""success"": 879}"
focal_v3_n16_g3_Qwen3-1.7B-Base,9,0,1024,64,0.95703125,1.0,0.0,6.470321927437622,3.076754585948608,3.076754585948608,8.28162234693878,0.0,4.934693877551016,0.0,0.0,0.0,0.1090697506787655,0.2860716463902451,0.35211058418930685,0.734375,0.8749720846980484,0.1653061224489796,1.839707621492408,3.0657660918069634,"{""llm_generation_error"": 129, ""parse_fail"": 8, ""render_engine_error"": 36, ""success"": 851}"
focal_v3_n16_g3_Qwen3-1.7B-Base,10,0,1024,64,0.986328125,1.0,0.0,6.690702882288216,3.342855168880509,3.342855168880509,8.45277049504951,0.0,5.146534653465347,0.0,0.0,0.0,0.11720281539957503,0.2854979608969148,0.34950249270513284,0.609375,0.8603755257278204,0.17425742574257425,1.6189906332470358,2.9618288476065455,"{""llm_generation_error"": 94, ""parse_fail"": 7, ""render_engine_error"": 7, ""success"": 916}"
focal_v3_n16_g3_Qwen3-1.7B-Base,11,0,1024,64,0.9716796875,1.0,0.0,6.826859776661078,3.4193169007047155,3.4193169007047155,8.601009932998323,0.0,5.300502512562814,0.0,0.0,0.0,0.11246326052299423,0.2893483607821362,0.3604584935618822,0.671875,0.8507421562638903,0.18391959798994975,1.3631103891561012,2.6991275991544526,"{""llm_generation_error"": 73, ""parse_fail"": 5, ""render_engine_error"": 24, ""success"": 922}"
focal_v3_n16_g3_Qwen3-1.7B-Base,12,0,1024,64,0.984375,1.0,0.0,6.8941298721340365,3.6510892914664157,3.6510892914664157,8.58901226851852,0.0,5.230158730158725,0.0,0.0,0.0,0.1266289426674118,0.2846096156749725,0.35976096655197937,0.640625,0.8670246001643975,0.16567460317460317,1.451040095774291,2.902744892279625,"{""llm_generation_error"": 76, ""parse_fail"": 2, ""render_engine_error"": 14, ""success"": 932}"
focal_v3_n16_g3_Qwen3-1.7B-Base,13,0,1024,64,0.982421875,1.0,0.0,6.932197327148213,3.6643860859359694,3.6643860859359694,8.62405808482439,0.0,5.343936381709739,0.0,0.0,0.0,0.12188549020319553,0.2862611924523841,0.37162924818671556,0.65625,0.8416299130364238,0.1779324055666004,1.2748396346463537,2.6775132516414137,"{""llm_generation_error"": 61, ""parse_fail"": 13, ""render_engine_error"": 5, ""success"": 945}"
focal_v3_n16_g3_Qwen3-1.7B-Base,14,0,1024,64,0.9853515625,1.0,0.0,7.0539954079947185,3.878052520115368,3.878052520115368,8.695215113974232,0.0,5.369672943508426,0.0,0.0,0.0,0.13094987485481493,0.28416736998752906,0.36535436142419153,0.6875,0.8591066043577177,0.17443012884043607,1.223725812396499,2.6157756815543114,"{""llm_generation_error"": 53, ""parse_fail"": 4, ""render_engine_error"": 11, ""success"": 956}"
focal_v3_n16_g3_Qwen3-1.7B-Base,15,0,1024,64,0.9765625,1.0,0.0,7.121661122222214,4.017258893573345,4.017258893573345,8.72224168333333,0.0,5.4380000000000015,0.0,0.0,0.0,0.1364815614887095,0.282106988332321,0.3671607810020903,0.734375,0.860244859915388,0.165,1.299669282839871,2.885465738243711,"{""llm_generation_error"": 54, ""parse_fail"": 6, ""render_engine_error"": 18, ""success"": 946}"
focal_v3_n16_g3_Qwen3-1.7B-Base,16,0,1024,64,0.97265625,1.0,0.0,7.138850814368575,4.019632194243037,4.019632194243037,8.748771536144579,0.0,5.518072289156627,0.0,0.0,0.0,0.1318851092504724,0.2836658103589458,0.3605735726839929,0.671875,0.8711786323323744,0.15461847389558234,1.2364857093165635,2.8381511178660426,"{""llm_generation_error"": 50, ""parse_fail"": 9, ""render_engine_error"": 19, ""success"": 946}"
focal_v3_n16_g3_Qwen3-1.7B-Base,17,0,1024,64,0.9873046875,1.0,0.0,7.218388746016039,4.129133368328253,4.129133368328253,8.788545862182657,0.0,5.463897131552915,0.0,0.0,0.0,0.14616785091977116,0.2797160719361872,0.37111839134681057,0.640625,0.8688495307233334,0.1582591493570722,1.08131606130264,2.5713666697628086,"{""judge_fail"": 1, ""llm_generation_error"": 43, ""parse_fail"": 3, ""render_engine_error"": 9, ""success"": 968}"
focal_v3_n16_g3_Qwen3-1.7B-Base,18,0,1024,64,0.9833984375,1.0,0.0,7.2837365331567865,4.219693543140379,4.219693543140379,8.853476365441908,0.0,5.499503475670308,0.0,0.0,0.0,0.14655579792878629,0.28004698133507056,0.358534962141816,0.640625,0.866859387280697,0.141012909632572,0.9972222653014694,2.6156118290916757,"{""llm_generation_error"": 35, ""parse_fail"": 5, ""render_engine_error"": 12, ""success"": 972}"
focal_v3_n16_g3_Qwen3-1.7B-Base,19,0,1024,64,0.9892578125,1.0,0.0,7.338807118569702,4.224663326616972,4.224663326616972,8.916469973675552,0.0,5.632773938795653,0.0,0.0,0.0,0.14361300681920391,0.28206794631327187,0.3602825261464234,0.765625,0.8618038176639102,0.16683119447186576,0.9133756424164939,2.3283583767225817,"{""llm_generation_error"": 31, ""parse_fail"": 5, ""render_engine_error"": 6, ""success"": 982}"
focal_v3_n16_g3_Qwen3-1.7B-Base,20,0,1024,64,0.994140625,1.0,0.0,7.476487295350354,4.547773557182336,4.547773557182336,8.956037426326132,0.0,5.614931237721021,0.0,0.0,0.0,0.1602018369098711,0.27705328537994295,0.3624913764150208,0.78125,0.8770982845555585,0.14047151277013753,0.8620376493752928,2.3085563103313036,"{""llm_generation_error"": 29, ""parse_fail"": 4, ""render_engine_error"": 2, ""success"": 989}"
focal_v3_n16_g3_Qwen3-1.7B-Base,21,0,1024,64,0.98828125,1.0,0.0,7.536190261308729,4.63989801729711,4.63989801729711,8.979252453886696,0.0,5.656126482213444,0.0,0.0,0.0,0.16873029521854718,0.27409539353652895,0.3734077218245784,0.71875,0.8724544730600855,0.14031620553359683,0.7354555992420242,2.1017614135535156,"{""llm_generation_error"": 21, ""parse_fail"": 8, ""render_engine_error"": 4, ""success"": 991}"
focal_v3_n16_g3_Qwen3-1.7B-Base,22,0,1024,64,0.9931640625,1.0,0.0,7.5515567245711726,4.680564966535724,4.680564966535724,8.9732544575549,0.0,5.6165191740412945,0.0,0.0,0.0,0.179095164085277,0.26983505895677456,0.36506323718657024,0.71875,0.8693294860261666,0.14454277286135694,0.7348181293727358,2.0778073333242912,"{""llm_generation_error"": 23, ""parse_fail"": 6, ""render_engine_error"": 1, ""success"": 994}"
focal_v3_n16_g3_Qwen3-1.7B-Base,23,0,1024,64,0.98828125,1.0,0.0,7.72724406016689,5.03745495661106,5.03745495661106,9.052559107378134,0.0,5.727272727272728,0.0,0.0,0.0,0.198534798971103,0.2638726979647554,0.3660240922175735,0.703125,0.900552316726926,0.10276679841897234,0.6098458058220394,2.056154697028112,"{""llm_generation_error"": 11, ""parse_fail"": 3, ""render_engine_error"": 9, ""success"": 1001}"
focal_v3_n16_g3_Qwen3-1.7B-Base,24,0,1024,64,0.9931640625,1.0,0.0,7.735417163771432,5.061978539636076,5.061978539636076,9.046619682071453,0.0,5.7030481809242835,0.0,0.0,0.0,0.20361324548606735,0.262038233561233,0.359193338045589,0.734375,0.8788689031874029,0.11307767944936087,0.5080665154152896,1.7171966986828022,"{""llm_generation_error"": 7, ""parse_fail"": 4, ""render_engine_error"": 3, ""success"": 1010}"
focal_v3_n16_g3_Qwen3-1.7B-Base,25,0,1024,64,0.9912109375,1.0,0.0,7.749600591133002,5.0329512972955595,5.0329512972955595,9.077143087027919,0.0,5.783251231527089,0.0,0.0,0.0,0.19914705167639496,0.26327142077472443,0.3657181357737328,0.703125,0.8947085110328852,0.11133004926108374,0.5576251978135603,1.973978606361017,"{""llm_generation_error"": 9, ""parse_fail"": 6, ""render_engine_error"": 3, ""success"": 1006}"
focal_v3_n16_g3_Qwen3-1.7B-Base,26,0,1024,64,0.9892578125,1.0,0.0,7.728746144565095,5.0382528901022505,5.0382528901022505,9.029660842382363,0.0,5.695952615992101,0.0,0.0,0.0,0.2078431305309575,0.26025381981053936,0.3681310290715953,0.8125,0.8880751253918037,0.11549851924975321,0.6402057101410835,2.083352533408841,"{""llm_generation_error"": 13, ""parse_fail"": 8, ""render_engine_error"": 3, ""success"": 1000}"
focal_v3_n16_g3_Qwen3-1.7B-Base,27,0,1024,64,0.9873046875,1.0,0.0,7.7863965820419745,5.150052729585954,5.150052729585954,9.050481783712497,0.0,5.689416419386738,0.0,0.0,0.0,0.21816241971482567,0.2574050709092661,0.3715904913170828,0.71875,0.8887946793492955,0.1493570722057369,0.6098785431565661,1.8956047439991133,"{""llm_generation_error"": 14, ""parse_fail"": 9, ""render_engine_error"": 4, ""success"": 997}"
focal_v3_n16_g3_Qwen3-1.7B-Base,28,0,1024,64,0.990234375,1.0,0.0,7.83184618671927,5.247832870130502,5.247832870130502,9.075777169625246,0.0,5.781065088757393,0.0,0.0,0.0,0.2160900498604521,0.2572325808186196,0.36604595518450517,0.75,0.8812823569487375,0.1390532544378698,0.42270209011910864,1.6258370754073013,"{""llm_generation_error"": 3, ""parse_fail"": 9, ""render_engine_error"": 1, ""success"": 1011}"
focal_v3_n16_g3_Qwen3-1.7B-Base,29,0,1024,64,0.9921875,1.0,0.0,7.854180522747147,5.27365722319792,5.27365722319792,9.084371177821518,0.0,5.897637795275588,0.0,0.0,0.0,0.21342254088971324,0.2570290827170057,0.36979385387602076,0.65625,0.8869333539973042,0.13681102362204725,0.5272072490332133,1.7976948725336455,"{""llm_generation_error"": 9, ""parse_fail"": 5, ""render_engine_error"": 3, ""success"": 1007}"
focal_v3_n16_g3_Qwen3-1.7B-Base,30,0,1024,64,0.98828125,1.0,0.0,7.93354356609575,5.415114733142131,5.415114733142131,9.111382542819497,0.0,5.9328063241106745,0.0,0.0,0.0,0.22433290719526977,0.2548335439625475,0.3842920680617374,0.8125,0.881259081391526,0.11462450592885376,0.4493557706575967,1.6500748164260826,"{""llm_generation_error"": 5, ""parse_fail"": 9, ""render_engine_error"": 3, ""success"": 1007}"
focal_v3_n16_g3_Qwen3-1.7B-Base,31,0,1024,64,0.9931640625,1.0,0.0,8.015640839069167,5.606047174047979,5.606047174047979,9.13424460832514,0.0,5.952802359882009,0.0,0.0,0.0,0.24229032129352907,0.24781003112752722,0.3875557321680272,0.75,0.8965647692302522,0.1160275319567355,0.5162950604155523,1.883051827157829,"{""llm_generation_error"": 7, ""parse_fail"": 6, ""render_engine_error"": 1, ""success"": 1010}"
focal_v3_n16_g3_Qwen3-1.7B-Base,32,0,1024,64,0.994140625,1.0,0.0,7.948846540056756,5.476058301243641,5.476058301243641,9.116606417812706,0.0,5.854616895874261,0.0,0.0,0.0,0.23288830937791316,0.2525420247942639,0.37422487871421845,0.890625,0.9012914000509762,0.11100196463654224,0.5441445282490097,1.819535886306456,"{""llm_generation_error"": 10, ""parse_fail"": 4, ""render_engine_error"": 2, ""success"": 1008}"
focal_v3_n16_g3_Qwen3-1.7B-Base,33,0,1024,64,0.9873046875,1.0,0.0,8.138352808000882,5.924502801373934,5.924502801373934,9.147225881965051,0.0,6.025717111770523,0.0,0.0,0.0,0.27538881508221175,0.2369501888702382,0.3820572758023178,0.71875,0.8926055114855592,0.11671612265084075,0.5031168508261429,1.7950934393869948,"{""llm_generation_error"": 7, ""parse_fail"": 9, ""render_engine_error"": 4, ""success"": 1004}"
focal_v3_n16_g3_Qwen3-1.7B-Base,34,0,1024,64,0.9912109375,1.0,0.0,8.164084126984122,5.979993787815844,5.979993787815844,9.13436921182266,0.0,5.980295566502464,0.0,0.0,0.0,0.2959954926881053,0.2285923366001296,0.38278448311731134,0.765625,0.8776851990088218,0.1123152709359606,0.45611996821329437,1.565581141289844,"{""llm_generation_error"": 7, ""parse_fail"": 7, ""render_engine_error"": 2, ""success"": 1008}"
focal_v3_n16_g3_Qwen3-1.7B-Base,35,0,1024,64,0.9873046875,1.0,0.0,8.142387262336525,5.793971440250338,5.793971440250338,9.17564815364326,0.0,5.988130563798217,0.0,0.0,0.0,0.2795127941885356,0.23655615183474796,0.39469400930787957,0.6875,0.9070790924277843,0.10880316518298715,0.49758046596472416,1.6678567550643604,"{""llm_generation_error"": 9, ""parse_fail"": 4, ""render_engine_error"": 9, ""success"": 1002}"
focal_v3_n16_g3_Qwen3-1.7B-Base,36,0,1024,64,0.994140625,1.0,0.0,8.20790094957433,5.81799051196527,5.81799051196527,9.263603225278322,0.0,6.216110019646365,0.0,0.0,0.0,0.256480552721234,0.24567977089415072,0.41705262110949465,0.6875,0.8928037680919958,0.12671905697445973,0.3579673591192305,1.56725081971587,"{""llm_generation_error"": 3, ""parse_fail"": 4, ""render_engine_error"": 2, ""success"": 1015}"
focal_v3_n16_g3_Qwen3-1.7B-Base,37,0,1024,64,0.99609375,1.0,0.0,8.236667777777782,5.884605448056476,5.884605448056476,9.237338267973858,0.0,6.227450980392156,0.0,0.0,0.0,0.2765746617320262,0.23805594505072802,0.43368637589771347,0.78125,0.8754466348493378,0.1284313725490196,0.3573439106453338,1.4379033276277804,"{""llm_generation_error"": 4, ""parse_fail"": 3, ""render_engine_error"": 1, ""success"": 1016}"
focal_v3_n16_g3_Qwen3-1.7B-Base,38,0,1024,64,0.9931640625,1.0,0.0,8.389462766306115,6.343026987645833,6.343026987645833,9.228081399541137,0.0,6.3028515240904595,0.0,0.0,0.0,0.3253235022553766,0.2188106047372315,0.4176718859634273,0.734375,0.8775654785420933,0.11897738446411013,0.34599705659790203,1.3389389933413232,"{""llm_generation_error"": 4, ""parse_fail"": 5, ""render_engine_error"": 2, ""success"": 1013}"
focal_v3_n16_g3_Qwen3-1.7B-Base,39,0,1024,64,0.9912109375,1.0,0.0,8.384230870279145,6.3375829250199045,6.3375829250199045,9.229827422003284,0.0,6.317241379310347,0.0,0.0,0.0,0.32370595373226524,0.21884213977374734,0.41868487212128086,0.75,0.8887586997939575,0.129064039408867,0.32257264584697654,1.313745231121617,"{""llm_generation_error"": 2, ""parse_fail"": 7, ""render_engine_error"": 2, ""success"": 1013}"
focal_v3_n16_g3_Qwen3-1.7B-Base,40,0,1024,64,0.9921875,1.0,0.0,8.371704549431326,6.226431898644332,6.226431898644332,9.231326509186347,0.0,6.291338582677159,0.0,0.0,0.0,0.3227760080583498,0.2194933309015559,0.4327501110729408,0.796875,0.8966152536092714,0.10334645669291338,0.29117550883095067,1.1426692082884942,"{""llm_generation_error"": 3, ""parse_fail"": 6, ""render_engine_error"": 2, ""success"": 1013}"
focal_v3_n16_g3_Qwen3-1.7B-Base,41,0,1024,64,0.98828125,1.0,0.0,8.477230412823886,6.5039575593507895,6.5039575593507895,9.283763932806325,0.0,6.4466403162055315,0.0,0.0,0.0,0.33338306103185034,0.2178526391394782,0.4238184696481641,0.703125,0.8882348437781842,0.11857707509881422,0.2630035896608464,1.1737114616408775,"{""judge_fail"": 1, ""llm_generation_error"": 1, ""parse_fail"": 4, ""render_engine_error"": 7, ""success"": 1011}"
focal_v3_n16_g3_Qwen3-1.7B-Base,42,0,1024,64,0.99609375,1.0,0.0,8.499675849673194,6.5680709357902645,6.5680709357902645,9.270428807189544,0.0,6.425490196078432,0.0,0.0,0.0,0.34539401466340514,0.21300610194577865,0.4187622138434224,0.734375,0.8886693106293897,0.11764705882352941,0.24678692878294023,1.1159830150002306,"{""llm_generation_error"": 1, ""parse_fail"": 4, ""success"": 1019}"
focal_v3_n16_g3_Qwen3-1.7B-Base,43,0,1024,64,0.984375,1.0,0.0,8.425309953703708,6.406681352058055,6.406681352058055,9.228871015211645,0.0,6.380952380952392,0.0,0.0,0.0,0.33327494767477966,0.2151132780936754,0.43216676836173096,0.765625,0.883646383896142,0.1388888888888889,0.3772383853238931,1.3746170228659607,"{""llm_generation_error"": 6, ""parse_fail"": 13, ""render_engine_error"": 3, ""success"": 1002}"
focal_v3_n16_g3_Qwen3-1.7B-Base,44,0,1024,64,0.9912109375,1.0,0.0,8.553207553366171,6.64803144044567,6.64803144044567,9.296034646962239,0.0,6.593103448275862,0.0,0.0,0.0,0.344625272489075,0.21335215840836852,0.44325048901910225,0.84375,0.861491963552629,0.16551724137931034,0.2743015602189249,1.2127222263904134,"{""llm_generation_error"": 3, ""parse_fail"": 9, ""success"": 1012}"
focal_v3_n16_g3_Qwen3-1.7B-Base,45,0,1024,64,0.9951171875,1.0,0.0,8.525543550321673,6.519379444075166,6.519379444075166,9.300189712136087,0.0,6.55937193326791,0.0,0.0,0.0,0.33081355216779873,0.2164608606297882,0.44340322779115476,0.671875,0.8698893358752008,0.13542688910696762,0.2914460407870119,1.261043951783104,"{""llm_generation_error"": 4, ""parse_fail"": 5, ""success"": 1015}"
focal_v3_n16_g3_Qwen3-1.7B-Base,46,0,1024,64,0.9931640625,1.0,0.0,8.554955730361629,6.681086496672037,6.681086496672037,9.288775778433303,0.0,6.574237954768932,0.0,0.0,0.0,0.35278866795910035,0.20921301758906272,0.4340604723154604,0.75,0.8745176478555463,0.13470993117010815,0.26321404285135175,1.129874171352851,"{""llm_generation_error"": 2, ""parse_fail"": 7, ""success"": 1015}"
focal_v3_n16_g3_Qwen3-1.7B-Base,47,0,1024,64,0.9873046875,1.0,0.0,8.656306154522476,6.875609494897344,6.875609494897344,9.277733217936039,0.0,6.571711177052433,0.0,0.0,0.0,0.40401543249105704,0.189571134326876,0.4637282497521159,0.703125,0.8719193120266302,0.1404549950544016,0.24167813597485704,0.9927898529722538,"{""llm_generation_error"": 2, ""parse_fail"": 12, ""render_engine_error"": 1, ""success"": 1009}"
focal_v3_n16_g3_Qwen3-1.7B-Base,48,0,1024,64,0.994140625,1.0,0.0,8.622009757694821,6.735391450409996,6.735391450409996,9.302595514079899,0.0,6.618860510805509,0.0,0.0,0.0,0.37618428542983945,0.20144541023487003,0.46377792610235175,0.6875,0.8581853862146133,0.16110019646365423,0.21192875598427593,0.9328478050231762,"{""llm_generation_error"": 2, ""parse_fail"": 4, ""render_engine_error"": 2, ""success"": 1016}"
focal_v3_n16_g3_Qwen3-1.7B-Base,49,0,1024,64,0.990234375,1.0,0.0,8.600782401928573,6.793504817883089,6.793504817883089,9.277258415516108,0.0,6.593688362919138,0.0,0.0,0.0,0.37240851904970257,0.20048822693678514,0.43941183591665894,0.75,0.8632802674043014,0.14990138067061143,0.23982280648830642,0.9979323322402925,"{""llm_generation_error"": 2, ""parse_fail"": 9, ""render_engine_error"": 1, ""success"": 1012}"
focal_v3_n16_g3_Qwen3-1.7B-Base,50,0,1024,64,0.9921875,1.0,0.0,8.64969355861766,6.779024792134323,6.779024792134323,9.317420915354335,0.0,6.718503937007878,0.0,0.0,0.0,0.3734953497141168,0.20202999291035817,0.4716157552719936,0.734375,0.8612409536451198,0.17913385826771652,0.252566991579083,1.0743834742273852,"{""llm_generation_error"": 3, ""parse_fail"": 7, ""render_engine_error"": 1, ""success"": 1013}"
focal_v3_n16_g3_Qwen3-1.7B-Base,51,0,1024,64,0.99609375,1.0,0.0,8.672064183006537,6.958156050170905,6.958156050170905,9.336200849673205,0.0,6.827450980392157,0.0,0.0,0.0,0.3498587601993163,0.20942718641925726,0.4285443059970223,0.75,0.8669182095238777,0.1480392156862745,0.22655109345622104,0.9463617620807578,"{""llm_generation_error"": 2, ""parse_fail"": 4, ""success"": 1018}"
focal_v3_n16_g3_Qwen3-1.7B-Base,52,0,1024,64,0.9912109375,1.0,0.0,8.666009994526547,6.87585126088271,6.87585126088271,9.330821231527093,0.0,6.8137931034482815,0.0,0.0,0.0,0.3531096748455784,0.20806407988150463,0.4565878013671117,0.671875,0.8727946902866713,0.1566502463054187,0.22122216485855697,1.0224992365087495,"{""llm_generation_error"": 1, ""parse_fail"": 8, ""render_engine_error"": 1, ""success"": 1014}"
focal_v3_n16_g3_Qwen3-1.7B-Base,53,0,1024,64,0.9873046875,1.0,0.0,8.652563094845592,6.867278224457157,6.867278224457157,9.30700158259149,0.0,6.805143422354103,0.0,0.0,0.0,0.3573270727977721,0.20528835919409136,0.4548871905825973,0.59375,0.8685081930318039,0.1641938674579624,0.29165287317680416,1.0961789648859974,"{""llm_generation_error"": 4, ""parse_fail"": 11, ""render_engine_error"": 2, ""success"": 1007}"
focal_v3_n16_g3_Qwen3-1.7B-Base,54,0,1024,64,0.98828125,1.0,0.0,8.714372771190167,6.992187636145439,6.992187636145439,9.353080895915678,0.0,6.901185770750989,0.0,0.0,0.0,0.3560416440078298,0.2074154260207254,0.45484404169562714,0.71875,0.8363799158640624,0.18280632411067194,0.14477527622827693,0.7219942801883308,"{""parse_fail"": 12, ""success"": 1012}"
focal_v3_n16_g3_Qwen3-1.7B-Base,55,0,1024,64,0.98046875,1.0,0.0,8.73049755422754,7.153850332389574,7.153850332389574,9.330606889110227,0.0,6.976095617529879,0.0,0.0,0.0,0.359531861940463,0.20311052450987896,0.43231935300909935,0.703125,0.8573337209289417,0.15239043824701196,0.2784112210907107,1.039996183684016,"{""llm_generation_error"": 4, ""parse_fail"": 18, ""render_engine_error"": 2, ""success"": 1000}"
focal_v3_n16_g3_Qwen3-1.7B-Base,56,0,1024,64,0.9931640625,1.0,0.0,8.71121874795149,7.060789973034857,7.060789973034857,9.358322713864307,0.0,6.945919370698131,0.0,0.0,0.0,0.3422769196184349,0.21228548593523744,0.42246381157971274,0.71875,0.8707245684414495,0.13864306784660768,0.18691063403497854,0.8892823799592603,"{""llm_generation_error"": 1, ""parse_fail"": 6, ""render_engine_error"": 1, ""success"": 1016}"
focal_v3_n16_g3_Qwen3-1.7B-Base,57,0,1024,64,0.9912109375,1.0,0.0,8.759934887794206,7.134717345981534,7.134717345981534,9.3658629228243,0.0,6.999014778325127,0.0,0.0,0.0,0.3535810669343328,0.20701005895194893,0.43872708131692983,0.75,0.8686213465070628,0.16748768472906403,0.16634149387249897,0.8854069894181686,"{""parse_fail"": 7, ""render_engine_error"": 2, ""success"": 1015}"
focal_v3_n16_g3_Qwen3-1.7B-Base,58,0,1024,64,0.9833984375,1.0,0.0,8.728386483504353,7.056184315743466,7.056184315743466,9.388408920887127,0.0,7.1539225422045645,0.0,0.0,0.0,0.30854004089459114,0.22279571862740588,0.4330229610874855,0.75,0.8566054756456527,0.1529294935451837,0.17635129486620763,0.8520633404920939,"{""llm_generation_error"": 1, ""parse_fail"": 13, ""render_engine_error"": 4, ""success"": 1006}"
focal_v3_n16_g3_Qwen3-1.7B-Base,59,0,1024,64,0.9912109375,1.0,0.0,8.799705188834144,7.293653496099787,7.293653496099787,9.363038899835797,0.0,7.140886699507384,0.0,0.0,0.0,0.3574273815459835,0.20296339850225645,0.43865835262164243,0.65625,0.8693616613586421,0.15763546798029557,0.3678410859359068,1.2456068367319528,"{""llm_generation_error"": 7, ""parse_fail"": 9, ""success"": 1008}"
focal_v3_n16_g3_Qwen3-1.7B-Base,60,0,1024,64,0.994140625,1.0,0.0,8.793944389871205,7.242615580506698,7.242615580506698,9.37637827439424,0.0,7.1159135559921465,0.0,0.0,0.0,0.35141575074394094,0.20680682730634678,0.44327606783792745,0.75,0.8574712825228448,0.1581532416502947,0.18007537265526793,0.8581955147616543,"{""llm_generation_error"": 1, ""parse_fail"": 6, ""success"": 1017}"
focal_v3_n16_g3_Qwen3-1.7B-Base,61,0,1024,64,0.9892578125,1.0,0.0,8.776776165405291,7.169552030378855,7.169552030378855,9.380827295162879,0.0,7.058242843040471,0.0,0.0,0.0,0.3580067616472318,0.20652636072823438,0.44189979216611297,0.75,0.8788806593862853,0.16584402764067127,0.2217225352709432,0.9290570166074228,"{""llm_generation_error"": 3, ""parse_fail"": 11, ""success"": 1010}"
focal_v3_n16_g3_Qwen3-1.7B-Base,62,0,1024,64,0.986328125,1.0,0.0,8.780652882288233,7.188270016746745,7.188270016746745,9.368075033003299,0.0,7.08316831683168,0.0,0.0,0.0,0.3608830420575206,0.20303123441158477,0.45172573570181557,0.734375,0.872542810220085,0.17326732673267325,0.27263615358838383,1.0054231870893429,"{""llm_generation_error"": 5, ""parse_fail"": 14, ""success"": 1005}"
focal_v3_n16_g3_Qwen3-1.7B-Base,63,0,1024,64,0.9912109375,1.0,0.0,8.803202594417067,7.271716081486015,7.271716081486015,9.382225894909686,0.0,7.123152709359598,0.0,0.0,0.0,0.362851439973213,0.20283219395663374,0.4309484984190564,0.84375,0.8555029694638989,0.16945812807881774,0.15753931367429558,0.8339179205904205,"{""parse_fail"": 9, ""success"": 1015}"
focal_v3_n16_g3_Qwen3-1.7B-Base,64,0,1024,64,0.990234375,1.0,0.0,8.806488275257502,7.181258296225728,7.181258296225728,9.381494411571332,0.0,7.122287968441811,0.0,0.0,0.0,0.38302886731884767,0.19651667949225704,0.47873248511999383,0.75,0.8393385261535098,0.20414201183431951,0.20426740254206185,0.8919925671495341,"{""llm_generation_error"": 2, ""parse_fail"": 9, ""render_engine_error"": 1, ""success"": 1012}"
focal_v3_n16_g3_Qwen3-1.7B-Base,65,0,1024,64,0.9892578125,1.0,0.0,8.825451442360443,7.295392238242713,7.295392238242713,9.402606252056597,0.0,7.2161895360315835,0.0,0.0,0.0,0.342646116946478,0.20936360760371017,0.43731344908102054,0.703125,0.8581908042859767,0.16386969397828233,0.1426969393703811,0.6705763289251597,"{""llm_generation_error"": 1, ""parse_fail"": 10, ""render_engine_error"": 1, ""success"": 1012}"
focal_v3_n16_g3_Qwen3-1.7B-Base,66,0,1024,64,0.9951171875,1.0,0.0,8.764019289063343,7.15450306730985,7.15450306730985,9.382518956493294,0.0,7.179587831207056,0.0,0.0,0.0,0.3239146970244206,0.2161962300082101,0.44919335929177223,0.734375,0.8463085279169771,0.17271835132482827,0.24113365260890357,0.8899998590826493,"{""llm_generation_error"": 4, ""parse_fail"": 5, ""success"": 1015}"
focal_v3_n16_g3_Qwen3-1.7B-Base,67,0,1024,64,0.9853515625,1.0,0.0,8.836902455676684,7.317997375539548,7.317997375539548,9.431022662702345,0.0,7.355797819623385,0.0,0.0,0.0,0.3166898110674412,0.21917499092225792,0.43368555857938196,0.734375,0.8685352064157813,0.15163528245787908,0.20704201205559927,0.9721626568264145,"{""llm_generation_error"": 1, ""parse_fail"": 13, ""render_engine_error"": 2, ""success"": 1008}"
focal_v3_n16_g3_Qwen3-1.7B-Base,68,0,1024,64,0.986328125,1.0,0.0,8.81593211221123,7.214523128130813,7.214523128130813,9.418980676567656,0.0,7.261386138613859,0.0,0.0,0.0,0.32941648626644304,0.21532522564894388,0.45700273767141647,0.734375,0.8702262152307679,0.17326732673267325,0.16939128393520478,0.8828831953946061,"{""parse_fail"": 14, ""success"": 1010}"
focal_v3_n16_g3_Qwen3-1.7B-Base,69,0,1024,64,0.98828125,1.0,0.0,8.810986835748796,7.243200033466682,7.243200033466682,9.422804364295121,0.0,7.3557312252964335,0.0,0.0,0.0,0.29923146090944847,0.2232397574216267,0.43986699851897554,0.75,0.8581943980936608,0.16600790513833993,0.19944706711698018,0.9078166185246996,"{""llm_generation_error"": 1, ""parse_fail"": 12, ""success"": 1011}"
focal_v3_n16_g3_Qwen3-1.7B-Base,70,0,1024,64,0.994140625,1.0,0.0,8.879466939532874,7.411842153197352,7.411842153197352,9.427943041912245,0.0,7.365422396856575,0.0,0.0,0.0,0.3408654772680301,0.20920638551467832,0.44095874306935234,0.796875,0.8558296857917892,0.18860510805500982,0.14111262844662928,0.6637729613994174,"{""llm_generation_error"": 1, ""parse_fail"": 6, ""success"": 1017}"
focal_v3_n16_g3_Qwen3-1.7B-Base,71,0,1024,64,0.98828125,1.0,0.0,8.874274846288992,7.41322507681659,7.41322507681659,9.4272060770751,0.0,7.250988142292478,0.0,0.0,0.0,0.35854720069494567,0.20511832417326012,0.4326355669659174,0.6875,0.8785367945049931,0.1541501976284585,0.16421517592808504,0.7340466528969808,"{""llm_generation_error"": 1, ""parse_fail"": 12, ""success"": 1011}"
focal_v3_n16_g3_Qwen3-1.7B-Base,72,0,1024,64,0.9873046875,1.0,0.0,8.904105198373463,7.55315398891638,7.55315398891638,9.442359577975603,0.0,7.477744807121663,0.0,0.0,0.0,0.3225644478984067,0.21389076050091863,0.411632368578695,0.765625,0.8801841038877705,0.1394658753709199,0.15835739793258372,0.7191227131949695,"{""llm_generation_error"": 1, ""parse_fail"": 12, ""render_engine_error"": 1, ""success"": 1010}"
focal_v3_n16_g3_Qwen3-1.7B-Base,73,0,1024,64,0.9892578125,1.0,0.0,8.933176406712747,7.586287785580529,7.586287785580529,9.442015350444226,0.0,7.441263573543925,0.0,0.0,0.0,0.3563551268729206,0.20285216487367638,0.4294294263562075,0.8125,0.895109406919606,0.14807502467917077,0.19708107135485198,0.8613427388085063,"{""llm_generation_error"": 2, ""parse_fail"": 11, ""success"": 1011}"
focal_v3_n16_g3_Qwen3-1.7B-Base,74,0,1024,64,0.9853515625,1.0,0.0,8.904932518445118,7.501016780559259,7.501016780559259,9.439691476709616,0.0,7.407333994053522,0.0,0.0,0.0,0.34294203031855003,0.2073406915308115,0.4344673399272889,0.75,0.8610454155902856,0.1645193260654113,0.1785727976145269,0.7308821390385074,"{""llm_generation_error"": 2, ""parse_fail"": 12, ""render_engine_error"": 3, ""success"": 1007}"
focal_v3_n16_g3_Qwen3-1.7B-Base,75,0,1024,64,0.98828125,1.0,0.0,8.928795904699163,7.52886431078123,7.52886431078123,9.47995275032938,0.0,7.569169960474298,0.0,0.0,0.0,0.3059373395312237,0.221297943112171,0.4239337997313998,0.78125,0.8747442084261902,0.1492094861660079,0.14345064231008034,0.7220813260542999,"{""llm_generation_error"": 1, ""parse_fail"": 10, ""render_engine_error"": 2, ""success"": 1011}"
focal_v3_n16_g3_Qwen3-1.7B-Base,76,0,1024,64,0.9912109375,1.0,0.0,8.897380536398472,7.4657184569187764,7.4657184569187764,9.455972282430215,0.0,7.422660098522164,0.0,0.0,0.0,0.33609024079587213,0.21231936400005255,0.43395869428136247,0.78125,0.8775078304349903,0.15172413793103448,0.15784273105495839,0.82853986131642,"{""parse_fail"": 8, ""render_engine_error"": 1, ""success"": 1015}"
focal_v3_n16_g3_Qwen3-1.7B-Base,77,0,1024,64,0.9794921875,1.0,0.0,8.935549639968968,7.517101756475407,7.517101756475407,9.50046636756398,0.0,7.6011964107677,0.0,0.0,0.0,0.30709130630268044,0.22125646813602828,0.4194606055825646,0.75,0.8706417433470225,0.14556331006979062,0.13962091582979486,0.7954252906109529,"{""parse_fail"": 15, ""render_engine_error"": 6, ""success"": 1003}"
focal_v3_n16_g3_Qwen3-1.7B-Base,78,0,1024,64,0.9931640625,1.0,0.0,8.942563487381191,7.519970497762401,7.519970497762401,9.477693149786957,0.0,7.494591937069812,0.0,0.0,0.0,0.3377712893357435,0.21273422619733626,0.4496180890291333,0.734375,0.8647723846728426,0.16617502458210423,0.1485007011601447,0.7342591217467332,"{""llm_generation_error"": 1, ""parse_fail"": 6, ""render_engine_error"": 1, ""success"": 1016}"
focal_v3_n16_g3_Qwen3-1.7B-Base,79,0,1024,64,0.986328125,1.0,0.0,8.910386809680972,7.420586364628499,7.420586364628499,9.47930958745874,0.0,7.5148514851485055,0.0,0.0,0.0,0.31007315243859823,0.2223159150164019,0.4480734981079607,0.78125,0.8759721875820018,0.13861386138613863,0.1536705816093135,0.7486626049414136,"{""llm_generation_error"": 1, ""parse_fail"": 9, ""render_engine_error"": 5, ""success"": 1009}"
focal_v3_n16_g3_Qwen3-1.7B-Base,80,0,1024,64,0.994140625,1.0,0.0,8.986659386596822,7.645889982809143,7.645889982809143,9.481806368696793,0.0,7.536345776031445,0.0,0.0,0.0,0.3467734874850682,0.20824197342695494,0.44871265939818267,0.78125,0.848425063025008,0.15913555992141454,0.0937900299592996,0.5514887759530082,"{""parse_fail"": 6, ""success"": 1018}"
focal_v3_n16_g3_Qwen3-1.7B-Base,81,0,1024,64,0.9873046875,1.0,0.0,8.979263787229373,7.6595124934407774,7.6595124934407774,9.494316056709529,0.0,7.58852621167161,0.0,0.0,0.0,0.3231949287340235,0.21675570565717442,0.43096024467697136,0.734375,0.8779791690453477,0.13748763600395647,0.1474473499941573,0.6720857620490115,"{""llm_generation_error"": 1, ""parse_fail"": 11, ""render_engine_error"": 2, ""success"": 1010}"
focal_v3_n16_g3_Qwen3-1.7B-Base,82,0,1024,64,0.9814453125,1.0,0.0,8.993630867882821,7.647475587271112,7.647475587271112,9.521872504145938,0.0,7.68358208955224,0.0,0.0,0.0,0.31718446641893544,0.21867048653085275,0.43551885925218375,0.796875,0.8828208142424879,0.14228855721393036,0.16056083780706562,0.7172399521061609,"{""llm_generation_error"": 1, ""parse_fail"": 15, ""render_engine_error"": 4, ""success"": 1004}"
focal_v3_n16_g3_Qwen3-1.7B-Base,83,0,1024,64,0.982421875,1.0,0.0,8.943734018113533,7.575628845848214,7.575628845848214,9.498950927766733,0.0,7.588469184890653,0.0,0.0,0.0,0.308919894612284,0.22219630048589648,0.4234602478281009,0.78125,0.8838875104320009,0.13021868787276342,0.2303460920761657,0.892105222273213,"{""llm_generation_error"": 3, ""parse_fail"": 14, ""render_engine_error"": 4, ""success"": 1003}"
focal_v3_n16_g3_Qwen3-1.7B-Base,84,0,1024,64,0.982421875,1.0,0.0,8.925561608129003,7.490488073719921,7.490488073719921,9.465032273028495,0.0,7.399602385685887,0.0,0.0,0.0,0.3512751807181839,0.20738627411147278,0.4328673091869164,0.75,0.866116487929443,0.16500994035785288,0.15604871436293993,0.7050761980840866,"{""llm_generation_error"": 1, ""parse_fail"": 10, ""render_engine_error"": 8, ""success"": 1005}"
focal_v3_n16_g3_Qwen3-1.7B-Base,85,0,1024,64,0.990234375,1.0,0.0,8.996879333771652,7.671165094779641,7.671165094779641,9.512445890861274,0.0,7.575936883629198,0.0,0.0,0.0,0.33841959128371146,0.21268795901419213,0.4265698437029819,0.6875,0.8711337565936411,0.14891518737672585,0.09319280351316458,0.4953291153371784,"{""parse_fail"": 9, ""render_engine_error"": 1, ""success"": 1014}"
focal_v3_n16_g3_Qwen3-1.7B-Base,86,0,1024,64,0.986328125,1.0,0.0,9.011730891089123,7.700346560468473,7.700346560468473,9.517117788778874,0.0,7.601980198019803,0.0,0.0,0.0,0.33868851234916114,0.2123618183438586,0.4331697183452195,0.796875,0.881739386633832,0.14554455445544554,0.10414317912238044,0.5705092125087566,"{""parse_fail"": 7, ""render_engine_error"": 7, ""success"": 1010}"
focal_v3_n16_g3_Qwen3-1.7B-Base,87,0,1024,64,0.98046875,1.0,0.0,8.989967507746794,7.636499761584676,7.636499761584676,9.52032642762284,0.0,7.619521912350595,0.0,0.0,0.0,0.3191052809931315,0.21947055279644456,0.42530024092809154,0.71875,0.8872546694012498,0.13147410358565736,0.14732043933709094,0.7076267583733216,"{""llm_generation_error"": 1, ""parse_fail"": 10, ""render_engine_error"": 10, ""success"": 1003}"
focal_v3_n16_g3_Qwen3-1.7B-Base,88,0,1024,64,0.978515625,1.0,0.0,8.973884408959863,7.551860250621513,7.551860250621513,9.520806653359953,0.0,7.58483033932136,0.0,0.0,0.0,0.34902429011088576,0.20869970740210886,0.43623392765454133,0.796875,0.9015934786151604,0.12574850299401197,0.1339448840823799,0.7109832082852603,"{""llm_generation_error"": 1, ""parse_fail"": 16, ""render_engine_error"": 6, ""success"": 1001}"
focal_v3_n16_g3_Qwen3-1.7B-Base,89,0,1024,64,0.9765625,1.0,0.0,8.976978544444439,7.6143976975407135,7.6143976975407135,9.506117816666661,0.0,7.586000000000003,0.0,0.0,0.0,0.3286019467094036,0.21471443821362413,0.43516965561019394,0.796875,0.8776855088148626,0.155,0.16492974181399944,0.7528015584650204,"{""llm_generation_error"": 1, ""parse_fail"": 16, ""render_engine_error"": 8, ""success"": 999}"
focal_v3_n16_g3_Qwen3-1.7B-Base,90,0,1024,64,0.98828125,1.0,0.0,9.029532784365408,7.7956221808081105,7.7956221808081105,9.548185869565213,0.0,7.772727272727274,0.0,0.0,0.0,0.30275175376908825,0.22427512174811529,0.40323081475488226,0.78125,0.8914329953922563,0.12944664031620554,0.1019588489640199,0.54894432072404,"{""parse_fail"": 10, ""render_engine_error"": 2, ""success"": 1012}"
focal_v3_n16_g3_Qwen3-1.7B-Base,91,0,1024,64,0.9560546875,1.0,0.0,8.975036533878104,7.5961359966677025,7.5961359966677025,9.55247648961525,0.0,7.760980592441269,0.0,0.0,0.0,0.27367620624109834,0.23569790175544494,0.4229839427280931,0.78125,0.8725593495579074,0.13789581205311544,0.16040952728108665,0.7402923726590211,"{""llm_generation_error"": 1, ""parse_fail"": 9, ""render_engine_error"": 36, ""success"": 978}"
focal_v3_n16_g3_Qwen3-1.7B-Base,92,0,1024,64,0.9853515625,1.0,0.0,9.002226175531336,7.589453035258645,7.589453035258645,9.560623703336633,0.0,7.776015857284433,0.0,0.0,0.0,0.2861404559111233,0.23107237039838724,0.44292972551724313,0.6875,0.8868069828826792,0.13875123885034688,0.15569046952924834,0.8133128608449683,"{""llm_generation_error"": 1, ""parse_fail"": 7, ""render_engine_error"": 8, ""success"": 1008}"
focal_v3_n16_g3_Qwen3-1.7B-Base,93,0,1024,64,0.974609375,1.0,0.0,9.035545602315747,7.707825609122113,7.707825609122113,9.532794021376082,0.0,7.575150300601195,0.0,0.0,0.0,0.362617317879624,0.2065927676366167,0.440877348972441,0.828125,0.888518483785701,0.125250501002004,0.10296272680473671,0.586157263508123,"{""parse_fail"": 11, ""render_engine_error"": 15, ""success"": 998}"
focal_v3_n16_g3_Qwen3-1.7B-Base,94,0,1024,64,0.9833984375,1.0,0.0,9.050515844643062,7.804090803123439,7.804090803123439,9.545717494207214,0.0,7.670307845084403,0.0,0.0,0.0,0.3345141918887434,0.21489221879472206,0.4113401435404484,0.8125,0.9017836075089579,0.13306852035749753,0.12130111710611102,0.5610765269481802,"{""llm_generation_error"": 1, ""parse_fail"": 11, ""render_engine_error"": 6, ""success"": 1006}"
focal_v3_n8_g2_Qwen3-1.7B-Base,1,0,512,64,0.994140625,1.0,0.0,6.029941322855273,2.9441273638961185,2.9441273638961185,7.865049508840863,0.0,4.459724950884085,0.0,0.0,0.0,0.13571999988362,0.2535335060186106,0.2892254334603685,0.828125,0.8824031718834584,0.1512770137524558,2.3486541272952652,3.599543659358789,"{""llm_generation_error"": 116, ""parse_fail"": 3, ""success"": 393}"
focal_v3_n8_g2_Qwen3-1.7B-Base,2,0,512,64,0.99609375,1.0,0.0,6.086366535947714,2.950292321402854,2.950292321402854,7.939941960784313,0.0,4.552941176470588,0.0,0.0,0.0,0.1333604228127279,0.2552151038791722,0.2913002828205218,0.765625,0.8966503573951533,0.11568627450980393,2.0851646965513675,3.407220726434001,"{""llm_generation_error"": 102, ""parse_fail"": 2, ""success"": 408}"
focal_v3_n8_g2_Qwen3-1.7B-Base,3,0,512,64,0.9921875,1.0,0.0,6.070993482064748,2.983635331165774,2.983635331165774,7.903406233595802,0.0,4.464566929133858,0.0,0.0,0.0,0.1367340724622249,0.2539851536653991,0.2928342510230802,0.765625,0.8943423270642311,0.12401574803149606,2.37597314992792,3.7756666274736994,"{""llm_generation_error"": 114, ""parse_fail"": 3, ""render_engine_error"": 1, ""success"": 394}"
focal_v3_n8_g2_Qwen3-1.7B-Base,4,0,512,64,0.986328125,1.0,0.0,6.291154257425747,3.130135044993309,3.130135044993309,8.14201191419142,0.0,4.871287128712869,0.0,0.0,0.0,0.13089213203012148,0.26048622318062065,0.2984352520111591,0.75,0.887040053596588,0.1405940594059406,1.9890432688458937,3.455213053041842,"{""llm_generation_error"": 84, ""parse_fail"": 7, ""success"": 421}"
focal_v3_n8_g2_Qwen3-1.7B-Base,5,0,512,64,0.98828125,1.0,0.0,6.136709552042169,3.005234097726435,3.005234097726435,7.994754710144929,0.0,4.691699604743082,0.0,0.0,0.0,0.13133525393815243,0.2571091809193266,0.2911565995863224,0.734375,0.8718581994115363,0.10869565217391304,2.1143456692918936,3.415166701797553,"{""llm_generation_error"": 96, ""parse_fail"": 5, ""render_engine_error"": 1, ""success"": 410}"
focal_v3_n8_g2_Qwen3-1.7B-Base,6,0,512,64,0.9921875,1.0,0.0,6.420336832895896,3.255841779508221,3.255841779508221,8.252388451443572,0.0,4.870078740157481,0.0,0.0,0.0,0.13696106115829063,0.2625472263274439,0.3037545823403354,0.75,0.8839410619905969,0.1377952755905512,1.8951967668585814,3.099654805750692,"{""llm_generation_error"": 73, ""parse_fail"": 4, ""success"": 435}"
focal_v3_n8_g2_Qwen3-1.7B-Base,7,0,512,64,0.9921875,1.0,0.0,6.413080402449701,3.3104411792747954,3.3104411792747954,8.218866010498688,0.0,4.893700787401575,0.0,0.0,0.0,0.13776236478454376,0.2608282824448898,0.2986777184234874,0.90625,0.9045900224484286,0.1279527559055118,1.9015528403528745,3.1480174613916345,"{""llm_generation_error"": 76, ""parse_fail"": 4, ""success"": 432}"
focal_v3_n8_g2_Qwen3-1.7B-Base,8,0,512,64,0.982421875,1.0,0.0,6.340952639717247,3.2540030416434447,3.2540030416434447,8.146949171636846,0.0,4.850894632206758,0.0,0.0,0.0,0.1338520817813184,0.2589888997743501,0.30235318131113337,0.6875,0.9088539470258977,0.11928429423459244,1.9832189520378887,3.331642605791567,"{""llm_generation_error"": 81, ""parse_fail"": 9, ""success"": 422}"
focal_v3_n8_g2_Qwen3-1.7B-Base,9,0,512,64,0.990234375,1.0,0.0,6.264194827964064,3.080339223259233,3.080339223259233,8.135115384615384,0.0,4.927021696252465,0.0,0.0,0.0,0.12394748725274707,0.2626269145408247,0.3032822535403069,0.828125,0.886940118714053,0.16370808678500987,1.9446279829084723,3.1713553071207183,"{""llm_generation_error"": 84, ""parse_fail"": 5, ""success"": 423}"
focal_v3_n8_g2_Qwen3-1.7B-Base,10,0,512,64,0.9921875,1.0,0.0,6.555422222222222,3.405176988140926,3.405176988140926,8.3621687664042,0.0,5.027559055118108,0.0,0.0,0.0,0.13878059454598923,0.26432542051996377,0.3097279113165283,0.796875,0.8730873635709661,0.13385826771653545,1.8053890906347867,3.1105994082884436,"{""llm_generation_error"": 63, ""parse_fail"": 4, ""success"": 445}"
focal_v3_n8_g2_Qwen3-1.7B-Base,11,0,512,64,0.9921875,1.0,0.0,6.683048884514434,3.5988676173629686,3.5988676173629686,8.448785925196852,0.0,5.3110236220472435,0.0,0.0,0.0,0.1340360339780982,0.2643727911418819,0.31217254161316643,0.703125,0.8815117171931064,0.1377952755905512,1.591507632804006,3.013970394691115,"{""llm_generation_error"": 47, ""parse_fail"": 4, ""success"": 461}"
focal_v3_n8_g2_Qwen3-1.7B-Base,12,0,512,64,0.990234375,1.0,0.0,6.774523449484989,3.6869543063967236,3.6869543063967236,8.5168147600263,0.0,5.128205128205129,0.0,0.0,0.0,0.15069971333212984,0.2627627172581595,0.31080638426953255,0.78125,0.8646227024872757,0.17357001972386588,1.4121538194511176,2.6647873923185292,"{""llm_generation_error"": 41, ""parse_fail"": 5, ""success"": 466}"
focal_v3_n8_g2_Qwen3-1.7B-Base,13,0,512,64,0.99609375,1.0,0.0,6.790566492374728,3.6844916256552955,3.6844916256552955,8.544771307189542,0.0,5.274509803921568,0.0,0.0,0.0,0.14132153453176036,0.2662676774041557,0.32087277818807053,0.703125,0.8757789864050529,0.1411764705882353,1.4457594502773894,2.7038334876979286,"{""llm_generation_error"": 45, ""parse_fail"": 2, ""success"": 465}"
focal_v3_n8_g2_Qwen3-1.7B-Base,14,0,512,64,0.99609375,1.0,0.0,6.801635337690634,3.7908420388979613,3.7908420388979613,8.50970790849673,0.0,5.113725490196077,0.0,0.0,0.0,0.15058265794050504,0.2623022390588962,0.3111206637151299,0.765625,0.8875899350096329,0.14313725490196078,1.535232283500473,2.8394894141356,"{""llm_generation_error"": 49, ""parse_fail"": 2, ""success"": 461}"
focal_v3_n8_g2_Qwen3-1.7B-Base,15,0,512,64,0.998046875,1.0,0.0,6.883860839312896,3.9149621763978253,3.9149621763978253,8.565810828440965,0.0,5.217221135029354,0.0,0.0,0.0,0.15254809739875103,0.2626114409856116,0.31182358784750236,0.640625,0.8612062366023441,0.14481409001956946,1.3512998556344096,2.6087981981898976,"{""llm_generation_error"": 38, ""parse_fail"": 1, ""success"": 473}"
focal_v3_n8_g2_Qwen3-1.7B-Base,16,0,512,64,0.986328125,1.0,0.0,6.903379713971393,3.926846762594505,3.926846762594505,8.58830389438944,0.0,5.326732673267325,0.0,0.0,0.0,0.14671082771456687,0.2637471024577156,0.311094019778629,0.734375,0.8459307356251102,0.15445544554455445,1.2605191621158531,2.5530102445858853,"{""judge_fail"": 2, ""llm_generation_error"": 37, ""parse_fail"": 5, ""success"": 468}"
focal_v3_n8_g2_Qwen3-1.7B-Base,17,0,512,64,0.99609375,1.0,0.0,6.960928605664488,4.023230703671783,4.023230703671783,8.606915784313726,0.0,5.243137254901961,0.0,0.0,0.0,0.1606488723187767,0.26040856993973094,0.3114769820353534,0.765625,0.8786674503308373,0.13529411764705881,1.3365115350288506,2.6178423828005633,"{""llm_generation_error"": 35, ""parse_fail"": 2, ""success"": 475}"
focal_v3_n8_g2_Qwen3-1.7B-Base,18,0,512,64,0.9921875,1.0,0.0,7.095814698162729,4.183708163248394,4.183708163248394,8.71015905511811,0.0,5.499999999999998,0.0,0.0,0.0,0.15652203871422618,0.2625502728062498,0.32214695348090194,0.78125,0.8833349268629659,0.14566929133858267,1.2056262133752895,2.6134325984423943,"{""llm_generation_error"": 27, ""parse_fail"": 4, ""success"": 481}"
focal_v3_n8_g2_Qwen3-1.7B-Base,19,0,512,64,0.990234375,1.0,0.0,7.10786863905326,4.060242425618942,4.060242425618942,8.785635963182116,0.0,5.522682445759369,0.0,0.0,0.0,0.15243788632811653,0.26691922495685594,0.31794303369612986,0.828125,0.8741125505409715,0.1341222879684418,1.1871478199624197,2.5380633887956865,"{""llm_generation_error"": 29, ""parse_fail"": 5, ""success"": 478}"
focal_v3_n8_g2_Qwen3-1.7B-Base,20,0,512,64,0.9921875,1.0,0.0,7.198176071741032,4.388493342971087,4.388493342971087,8.761240485564308,0.0,5.507874015748031,0.0,0.0,0.0,0.1647900150742277,0.2613607347837462,0.31356105351509117,0.828125,0.8602149772984096,0.13385826771653545,1.0693285250443962,2.374486435991,"{""llm_generation_error"": 24, ""parse_fail"": 4, ""success"": 484}"
focal_v3_n8_g2_Qwen3-1.7B-Base,21,0,512,64,0.9921875,1.0,0.0,7.244332589676287,4.383489829578554,4.383489829578554,8.823585498687665,0.0,5.5236220472440944,0.0,0.0,0.0,0.16300921784561184,0.2633539240811041,0.31495844260611805,0.765625,0.8537897486146,0.10039370078740158,0.953679703282612,2.3432551008246523,"{""llm_generation_error"": 21, ""parse_fail"": 4, ""success"": 487}"
focal_v3_n8_g2_Qwen3-1.7B-Base,22,0,512,64,0.998046875,1.0,0.0,7.323303392041752,4.479378200241913,4.479378200241913,8.872593705153292,0.0,5.596868884540117,0.0,0.0,0.0,0.1675510620693239,0.26293728260448307,0.3214266217637238,0.734375,0.8626665894081174,0.13307240704500978,0.9000552294217915,2.1667591382661278,"{""llm_generation_error"": 18, ""parse_fail"": 1, ""success"": 493}"
focal_v3_n8_g2_Qwen3-1.7B-Base,23,0,512,64,0.994140625,1.0,0.0,7.506055009823187,4.777924604901904,4.777924604901904,8.970346430910283,0.0,5.721021611001966,0.0,0.0,0.0,0.18012078802309736,0.2590771490288027,0.3234605329918651,0.8125,0.8952098292626284,0.12966601178781925,0.630551912641524,1.8282929436919553,"{""llm_generation_error"": 7, ""parse_fail"": 3, ""success"": 502}"
focal_v3_n8_g2_Qwen3-1.7B-Base,24,0,512,64,0.998046875,1.0,0.0,7.475662383126767,4.8205715557744195,4.8205715557744195,8.902502054794523,0.0,5.659491193737769,0.0,0.0,0.0,0.18503348995231997,0.25557399940981046,0.3145983263356927,0.8125,0.8818137411208151,0.11741682974559686,0.7153553217747962,1.7704762815709816,"{""llm_generation_error"": 10, ""parse_fail"": 1, ""success"": 501}"
focal_v3_n8_g2_Qwen3-1.7B-Base,25,0,512,64,0.99609375,1.0,0.0,7.4738305446623094,4.735769604862668,4.735769604862668,8.95110529411765,0.0,5.623529411764705,0.0,0.0,0.0,0.18353578534295995,0.2586732646040205,0.3121793429975572,0.828125,0.8858431628579435,0.09803921568627451,0.7348246180128083,2.063832256946911,"{""llm_generation_error"": 10, ""parse_fail"": 2, ""success"": 500}"
focal_v3_n8_g2_Qwen3-1.7B-Base,26,0,512,64,0.9921875,1.0,0.0,7.589507524059488,4.856626182038363,4.856626182038363,9.038132677165356,0.0,5.826771653543308,0.0,0.0,0.0,0.1794933101644475,0.260811905458692,0.3295830850430557,0.828125,0.8538860435408833,0.09251968503937008,0.5059329038236273,1.7890038728224165,"{""llm_generation_error"": 4, ""parse_fail"": 4, ""success"": 504}"
focal_v3_n8_g2_Qwen3-1.7B-Base,27,0,512,64,0.98828125,1.0,0.0,7.623765700483099,4.930274008415049,4.930274008415049,9.048099143610015,0.0,5.675889328063242,0.0,0.0,0.0,0.19165636165708305,0.25828554077296645,0.318540771987386,0.84375,0.9144280692053275,0.10474308300395258,0.5597101858229764,1.8170892131302865,"{""llm_generation_error"": 5, ""parse_fail"": 6, ""success"": 501}"
focal_v3_n8_g2_Qwen3-1.7B-Base,28,0,512,64,0.994140625,1.0,0.0,7.628674983628036,4.972430820110529,4.972430820110529,9.02389001309758,0.0,5.7092337917485265,0.0,0.0,0.0,0.19328723533802186,0.25654137016503986,0.3263561053251704,0.703125,0.8846401419666187,0.0962671905697446,0.46828891543063594,1.651162103988764,"{""llm_generation_error"": 3, ""parse_fail"": 3, ""success"": 506}"
focal_v3_n8_g2_Qwen3-1.7B-Base,29,0,512,64,0.994140625,1.0,0.0,7.586075682165467,4.892378153296625,4.892378153296625,8.99502707924034,0.0,5.713163064833005,0.0,0.0,0.0,0.18673278468345023,0.25695751945739015,0.33496635672118363,0.734375,0.8589974200896144,0.0962671905697446,0.6093355402332479,1.690073222364742,"{""llm_generation_error"": 8, ""parse_fail"": 3, ""success"": 501}"
focal_v3_n8_g2_Qwen3-1.7B-Base,30,0,512,64,0.994140625,1.0,0.0,7.725504016590271,5.083327193107357,5.083327193107357,9.111831663392273,0.0,5.972495088408646,0.0,0.0,0.0,0.1851583088643144,0.26043302510396854,0.33173286105193484,0.796875,0.9054909827157621,0.11394891944990176,0.546602038973684,1.7237908884988253,"{""llm_generation_error"": 5, ""parse_fail"": 3, ""success"": 504}"
focal_v3_n8_g2_Qwen3-1.7B-Base,31,0,512,64,0.9921875,1.0,0.0,7.762210761154858,5.239045494212666,5.239045494212666,9.063099606299211,0.0,5.858267716535431,0.0,0.0,0.0,0.20054120882589638,0.25348994720987766,0.33521464156908526,0.734375,0.8849504471845392,0.09251968503937008,0.6947116780497821,2.084622041500762,"{""llm_generation_error"": 9, ""parse_fail"": 4, ""success"": 499}"
focal_v3_n8_g2_Qwen3-1.7B-Base,32,0,512,64,0.9921875,1.0,0.0,7.763888604549429,5.213208213125303,5.213208213125303,9.081265977690292,0.0,5.811023622047246,0.0,0.0,0.0,0.20379117364385357,0.25399353294409327,0.33129444781404016,0.8125,0.9060733586288441,0.10826771653543307,0.6444937690212833,1.872087264345629,"{""llm_generation_error"": 9, ""parse_fail"": 4, ""success"": 499}"
focal_v3_n8_g2_Qwen3-1.7B-Base,33,0,512,64,0.99609375,1.0,0.0,7.835968736383434,5.392468386299421,5.392468386299421,9.085783169934642,0.0,5.8352941176470585,0.0,0.0,0.0,0.2156926376090181,0.24819707932530952,0.324071157748466,0.796875,0.8896140661615832,0.08431372549019608,0.552589323736068,1.8535673083475257,"{""llm_generation_error"": 6, ""parse_fail"": 2, ""success"": 504}"
focal_v3_n8_g2_Qwen3-1.7B-Base,34,0,512,64,0.994140625,1.0,0.0,7.954880702903294,5.692013042741075,5.692013042741075,9.09790717092338,0.0,5.9646365422396865,0.0,0.0,0.0,0.22647745061374008,0.2415999079104257,0.3218853097656312,0.859375,0.901938830406547,0.10019646365422397,0.5013905844264073,1.5968278064956065,"{""llm_generation_error"": 4, ""parse_fail"": 3, ""success"": 505}"
focal_v3_n8_g2_Qwen3-1.7B-Base,35,0,512,64,0.98828125,1.0,0.0,7.882275186649106,5.434273052038055,5.434273052038055,9.115738208168645,0.0,5.92490118577075,0.0,0.0,0.0,0.21823136589262734,0.24709807756469745,0.3347280058146736,0.78125,0.8915602707083188,0.09486166007905138,0.5448780707470874,1.696023441947894,"{""llm_generation_error"": 6, ""parse_fail"": 6, ""success"": 500}"
focal_v3_n8_g2_Qwen3-1.7B-Base,36,0,512,64,0.9921875,1.0,0.0,7.952338057742794,5.478966729019004,5.478966729019004,9.186118635170603,0.0,6.0748031496063,0.0,0.0,0.0,0.20998018865635967,0.252550892574776,0.3476758461281996,0.8125,0.9243125668449794,0.09645669291338582,0.4510040270483859,1.5571631271889512,"{""llm_generation_error"": 4, ""parse_fail"": 4, ""success"": 504}"
focal_v3_n8_g2_Qwen3-1.7B-Base,37,0,512,64,0.99609375,1.0,0.0,7.958794095860566,5.484950472991054,5.484950472991054,9.199400294117645,0.0,6.043137254901961,0.0,0.0,0.0,0.21582058217673133,0.25111546869349155,0.3399617919752193,0.84375,0.9269404514997089,0.09019607843137255,0.4453700088549706,1.6703775201960114,"{""llm_generation_error"": 3, ""parse_fail"": 2, ""success"": 507}"
focal_v3_n8_g2_Qwen3-1.7B-Base,38,0,512,64,0.994140625,1.0,0.0,8.124838026631744,5.978100149304837,5.978100149304837,9.166268172888017,0.0,6.007858546168959,0.0,0.0,0.0,0.25529966186193087,0.23433023804112507,0.33102372059447155,0.78125,0.8963760972740917,0.10609037328094302,0.45304915610450835,1.5634912258661058,"{""llm_generation_error"": 4, ""parse_fail"": 3, ""success"": 505}"
focal_v3_n8_g2_Qwen3-1.7B-Base,39,0,512,64,0.990234375,1.0,0.0,8.128699254876182,5.954547333620036,5.954547333620036,9.179110683760685,0.0,6.074950690335306,0.0,0.0,0.0,0.25061920981771385,0.23653391102365648,0.3401013257910412,0.859375,0.9041625044016781,0.10453648915187377,0.3897523347249428,1.547651199528173,"{""llm_generation_error"": 2, ""parse_fail"": 5, ""success"": 505}"
focal_v3_n8_g2_Qwen3-1.7B-Base,40,0,512,64,0.994140625,1.0,0.0,8.12081787819253,5.9406200386465216,5.9406200386465216,9.143145612311722,0.0,5.976424361493125,0.0,0.0,0.0,0.2626538653861508,0.2312939732235572,0.3474167839502151,0.84375,0.9025849027984701,0.09430255402750491,0.5053407988219281,1.6237839556057607,"{""llm_generation_error"": 5, ""parse_fail"": 3, ""success"": 504}"
focal_v3_n8_g2_Qwen3-1.7B-Base,41,0,512,64,0.984375,1.0,0.0,8.199582275132272,6.069952324576712,6.069952324576712,9.203705423280423,0.0,6.162698412698409,0.0,0.0,0.0,0.2568433917026127,0.23428916969427047,0.3504802499785926,0.796875,0.9180084661909451,0.07738095238095238,0.4616459847027943,1.5678092507376,"{""llm_generation_error"": 5, ""parse_fail"": 8, ""success"": 499}"
focal_v3_n8_g2_Qwen3-1.7B-Base,42,0,512,64,0.9921875,1.0,0.0,8.164558005249337,6.043602762935196,6.043602762935196,9.180662467191603,0.0,6.157480314960629,0.0,0.0,0.0,0.25203954882547863,0.23460031871286469,0.34396664382370207,0.78125,0.9072628245711826,0.09448818897637795,0.4343566121521664,1.647294174842327,"{""llm_generation_error"": 3, ""parse_fail"": 4, ""success"": 505}"
focal_v3_n8_g2_Qwen3-1.7B-Base,43,0,512,64,0.994140625,1.0,0.0,8.259124950884079,6.192093692434049,6.192093692434049,9.219892403405371,0.0,6.223968565815324,0.0,0.0,0.0,0.26270545614020935,0.23070602062415335,0.34814879450177644,0.703125,0.9032363628261629,0.08447937131630648,0.3084814767787522,1.2330352879478759,"{""llm_generation_error"": 1, ""parse_fail"": 3, ""success"": 508}"
focal_v3_n8_g2_Qwen3-1.7B-Base,44,0,512,64,0.99609375,1.0,0.0,8.310466427015253,6.33714466502516,6.33714466502516,9.228477418300654,0.0,6.278431372549018,0.0,0.0,0.0,0.2709844398128657,0.22793203671161447,0.3472848908173174,0.828125,0.8972989163703691,0.0803921568627451,0.36578013766950673,1.2934640681976093,"{""llm_generation_error"": 3, ""parse_fail"": 2, ""success"": 507}"
focal_v3_n8_g2_Qwen3-1.7B-Base,45,0,512,64,0.9921875,1.0,0.0,8.267435083114613,6.161714046077614,6.161714046077614,9.221657874015747,0.0,6.220472440944882,0.0,0.0,0.0,0.26481407030860804,0.2310618871530523,0.3651669941908806,0.8125,0.8979800646077524,0.10433070866141732,0.3967129424256714,1.339539700330467,"{""llm_generation_error"": 4, ""parse_fail"": 4, ""success"": 504}"
focal_v3_n8_g2_Qwen3-1.7B-Base,46,0,512,64,0.990234375,1.0,0.0,8.308725882095107,6.346975544942101,6.346975544942101,9.211675279421433,0.0,6.248520710059172,0.0,0.0,0.0,0.2735031916807046,0.2257942281493497,0.3444500054751611,0.828125,0.9241279499889725,0.09270216962524655,0.37861243411061996,1.2675358638764298,"{""llm_generation_error"": 3, ""parse_fail"": 5, ""success"": 504}"
focal_v3_n8_g2_Qwen3-1.7B-Base,47,0,512,64,0.984375,1.0,0.0,8.436921340388002,6.559218527472794,6.559218527472794,9.23507777777778,0.0,6.194444444444444,0.0,0.0,0.0,0.31075362017091035,0.21371195724169811,0.35906682345680263,0.859375,0.8906858206119115,0.11706349206349206,0.36325423901320647,1.2788284171121027,"{""llm_generation_error"": 3, ""parse_fail"": 8, ""success"": 501}"
focal_v3_n8_g2_Qwen3-1.7B-Base,48,0,512,64,0.990234375,1.0,0.0,8.417291650230112,6.521901842537359,6.521901842537359,9.240040039447733,0.0,6.398422090729781,0.0,0.0,0.0,0.28802625729039927,0.22042224661793441,0.3724032800200022,0.671875,0.8420957149148737,0.10848126232741617,0.3138117425357604,1.2476830286929934,"{""llm_generation_error"": 1, ""parse_fail"": 5, ""success"": 506}"
focal_v3_n8_g2_Qwen3-1.7B-Base,49,0,512,64,0.998046875,1.0,0.0,8.381496368775826,6.445054558191694,6.445054558191694,9.225440900195697,0.0,6.160469667318982,0.0,0.0,0.0,0.3012351973888738,0.2175335001661682,0.3539474775947926,0.78125,0.9220304449293772,0.09001956947162426,0.29515204760338903,1.1550272665672328,"{""llm_generation_error"": 1, ""parse_fail"": 1, ""success"": 510}"
focal_v3_n8_g2_Qwen3-1.7B-Base,50,0,512,64,0.99609375,1.0,0.0,8.489999433551198,6.682375636915123,6.682375636915123,9.268855359477124,0.0,6.470588235294119,0.0,0.0,0.0,0.29736574027627133,0.21603507586739726,0.365030384192472,0.78125,0.8841296057593626,0.11176470588235295,0.2615942049879547,1.039497122668539,"{""llm_generation_error"": 1, ""parse_fail"": 2, ""success"": 509}"
focal_v3_n8_g2_Qwen3-1.7B-Base,51,0,512,64,0.986328125,1.0,0.0,8.501370693069312,6.691936419140363,6.691936419140363,9.28291412541254,0.0,6.459405940594059,0.0,0.0,0.0,0.2953818495892041,0.21745832525996986,0.36066244222299737,0.84375,0.91874261507552,0.0891089108910891,0.22601352801327446,0.9116435460848547,"{""parse_fail"": 7, ""success"": 505}"
focal_v3_n8_g2_Qwen3-1.7B-Base,52,0,512,64,0.98828125,1.0,0.0,8.459887549407117,6.574113436245007,6.574113436245007,9.266741732542819,0.0,6.403162055335968,0.0,0.0,0.0,0.29813636459005755,0.21750532786868956,0.3739453716664068,0.890625,0.9054314407186925,0.12648221343873517,0.29563730874450933,1.0966160942402359,"{""llm_generation_error"": 2, ""parse_fail"": 6, ""success"": 504}"
focal_v3_n8_g2_Qwen3-1.7B-Base,53,0,512,64,0.986328125,1.0,0.0,8.507429812981304,6.688766638361844,6.688766638361844,9.27279488448845,0.0,6.443564356435647,0.0,0.0,0.0,0.3090930679413537,0.21294476292421174,0.36963767271288384,0.78125,0.8909059899842521,0.09702970297029703,0.22731628838961979,1.086321562107022,"{""parse_fail"": 7, ""success"": 505}"
focal_v3_n8_g2_Qwen3-1.7B-Base,54,0,512,64,0.994140625,1.0,0.0,8.537629360401663,6.725053147393746,6.725053147393746,9.278251506221348,0.0,6.4400785854616895,0.0,0.0,0.0,0.3127255380696149,0.21154947166624158,0.37490761062596384,0.84375,0.9045252591476257,0.10019646365422397,0.20811155623906002,0.8591679759663733,"{""llm_generation_error"": 1, ""parse_fail"": 3, ""success"": 508}"
focal_v3_n8_g2_Qwen3-1.7B-Base,55,0,512,64,0.98828125,1.0,0.0,8.560328304787006,6.877971747721162,6.877971747721162,9.286144631093544,0.0,6.584980237154149,0.0,0.0,0.0,0.3002392333787121,0.21310079208401575,0.3508434928861343,0.84375,0.8890086765606321,0.11857707509881422,0.26563871878890505,1.2382017214793422,"{""parse_fail"": 6, ""success"": 506}"
focal_v3_n8_g2_Qwen3-1.7B-Base,56,0,512,64,0.98828125,1.0,0.0,8.584295849802372,6.853875716339015,6.853875716339015,9.31340029644269,0.0,6.545454545454548,0.0,0.0,0.0,0.3093723669028991,0.2132381104371193,0.36259165966007856,0.75,0.8928281091467752,0.10869565217391304,0.17190303035445537,0.7849103195578505,"{""parse_fail"": 6, ""success"": 506}"
focal_v3_n8_g2_Qwen3-1.7B-Base,57,0,512,64,0.984375,1.0,0.0,8.555083619929443,6.859714588612112,6.859714588612112,9.28322066798942,0.0,6.559523809523808,0.0,0.0,0.0,0.30074408177802253,0.21399398006574813,0.3595568109698198,0.796875,0.8682111192899876,0.12103174603174603,0.36522499761834215,1.2150909552077873,"{""llm_generation_error"": 3, ""parse_fail"": 8, ""success"": 501}"
focal_v3_n8_g2_Qwen3-1.7B-Base,58,0,512,64,0.990234375,1.0,0.0,8.545073307034848,6.831928093085333,6.831928093085333,9.295321992110454,0.0,6.710059171597632,0.0,0.0,0.0,0.2837000831584407,0.21954588213439874,0.3624382656227836,0.75,0.8833079829475076,0.1282051282051282,0.2577830279778912,1.0028190514984097,"{""llm_generation_error"": 1, ""parse_fail"": 5, ""success"": 506}"
focal_v3_n8_g2_Qwen3-1.7B-Base,59,0,512,64,0.990234375,1.0,0.0,8.661806947183878,7.098087605950445,7.098087605950445,9.301027317554244,0.0,6.678500986193295,0.0,0.0,0.0,0.3212544800438667,0.20438897857001673,0.3619775912040407,0.859375,0.8943296396145127,0.11637080867850098,0.3256851006167168,1.048911741718471,"{""llm_generation_error"": 3, ""parse_fail"": 5, ""success"": 504}"
focal_v3_n8_g2_Qwen3-1.7B-Base,60,0,512,64,0.990234375,1.0,0.0,8.634908568923953,7.016923387627391,7.016923387627391,9.318076199868507,0.0,6.694280078895462,0.0,0.0,0.0,0.3095351681516873,0.2106993033452056,0.3647970038768969,0.75,0.8872846088324468,0.11637080867850098,0.21170012040084693,0.8481139858797946,"{""parse_fail"": 5, ""success"": 507}"
focal_v3_n8_g2_Qwen3-1.7B-Base,61,0,512,64,0.982421875,1.0,0.0,8.644231301082392,7.023739061259564,7.023739061259564,9.298918190854872,0.0,6.6600397614314115,0.0,0.0,0.0,0.31717362419112466,0.20615004239571968,0.37488929302552754,0.8125,0.8662156514166791,0.147117296222664,0.20712741068391485,0.8199426957203823,"{""llm_generation_error"": 1, ""parse_fail"": 9, ""success"": 502}"
focal_v3_n8_g2_Qwen3-1.7B-Base,62,0,512,64,0.984375,1.0,0.0,8.646978395061728,7.011055566851717,7.011055566851717,9.32403902116402,0.0,6.722222222222225,0.0,0.0,0.0,0.3098494822055423,0.2101185284430662,0.37506691551663823,0.71875,0.8823287223473135,0.12896825396825398,0.22057395078797015,0.8549502901428583,"{""llm_generation_error"": 1, ""parse_fail"": 8, ""success"": 503}"
focal_v3_n8_g2_Qwen3-1.7B-Base,63,0,512,64,0.9921875,1.0,0.0,8.663895538057746,7.048854049589878,7.048854049589878,9.327437795275591,0.0,6.712598425196851,0.0,0.0,0.0,0.3176105416467169,0.20725748367612898,0.37333200307720305,0.734375,0.8857338832232067,0.1377952755905512,0.22638801916549353,0.8838181615386586,"{""llm_generation_error"": 1, ""parse_fail"": 4, ""success"": 507}"
focal_v3_n8_g2_Qwen3-1.7B-Base,64,0,512,64,0.990234375,1.0,0.0,8.678238724523347,7.067824307452983,7.067824307452983,9.327778862590398,0.0,6.702169625246547,0.0,0.0,0.0,0.32616686564280123,0.20494772890608862,0.37310110580731876,0.8125,0.8673561605193829,0.1222879684418146,0.20411864379933978,0.8658219739889125,"{""llm_generation_error"": 1, ""parse_fail"": 5, ""success"": 506}"
focal_v3_n8_g2_Qwen3-1.7B-Base,65,0,512,64,0.998046875,1.0,0.0,8.67713283322461,7.10761048141757,7.10761048141757,9.3185042074364,0.0,6.767123287671233,0.0,0.0,0.0,0.31358159758052123,0.20620315885923615,0.36723470142069675,0.78125,0.8827119956180792,0.13894324853228962,0.19198824905210085,0.7582116409066554,"{""llm_generation_error"": 1, ""parse_fail"": 1, ""success"": 510}"
focal_v3_n8_g2_Qwen3-1.7B-Base,66,0,512,64,0.994140625,1.0,0.0,8.645476948264562,7.057142157688595,7.057142157688595,9.328922691552064,0.0,6.80943025540275,0.0,0.0,0.0,0.29629684024762976,0.21247704940554704,0.35668597693939963,0.71875,0.8828978351002088,0.11591355599214145,0.15244900561198096,0.6534693959608289,"{""parse_fail"": 3, ""success"": 509}"
focal_v3_n8_g2_Qwen3-1.7B-Base,67,0,512,64,0.986328125,1.0,0.0,8.698425610561053,7.202400057505603,7.202400057505603,9.360806732673266,0.0,7.033663366336634,0.0,0.0,0.0,0.2812029210437257,0.21717103337914398,0.3529889082372802,0.859375,0.8874431577245597,0.11089108910891089,0.18019087296052766,0.8305002130578085,"{""parse_fail"": 7, ""success"": 505}"
focal_v3_n8_g2_Qwen3-1.7B-Base,68,0,512,64,0.990234375,1.0,0.0,8.712324369932073,7.098581232302298,7.098581232302298,9.37022882971729,0.0,6.879684418145958,0.0,0.0,0.0,0.30844644035957464,0.21187307477748077,0.3816071716996628,0.78125,0.90220575608679,0.10848126232741617,0.19315933561328202,0.8032107763028398,"{""llm_generation_error"": 1, ""parse_fail"": 5, ""success"": 506}"
focal_v3_n8_g2_Qwen3-1.7B-Base,69,0,512,64,0.9921875,1.0,0.0,8.691197287839021,7.113165931617902,7.113165931617902,9.371474409448817,0.0,7.031496062992128,0.0,0.0,0.0,0.27678908453013185,0.21772990400740702,0.3617938941662194,0.78125,0.8967150331090527,0.12007874015748031,0.20813040420679516,0.8045498357784324,"{""llm_generation_error"": 2, ""parse_fail"": 4, ""success"": 506}"
focal_v3_n8_g2_Qwen3-1.7B-Base,70,0,512,64,0.994140625,1.0,0.0,8.669967736302121,7.134226550039909,7.134226550039909,9.309994171578257,0.0,6.840864440078584,0.0,0.0,0.0,0.30525036953064516,0.2082700983520566,0.36586582480994256,0.796875,0.9010095048005394,0.1237721021611002,0.37114511931952854,1.1380751198518966,"{""llm_generation_error"": 4, ""parse_fail"": 3, ""success"": 505}"
focal_v3_n8_g2_Qwen3-1.7B-Base,71,0,512,64,0.9921875,1.0,0.0,8.73389724409449,7.1867644827124035,7.1867644827124035,9.317414107611548,0.0,6.75196850393701,0.0,0.0,0.0,0.33357687469894026,0.19839943108935454,0.38316420207860424,0.734375,0.8633715841274326,0.13188976377952755,0.13314829069418727,0.6180749126810883,"{""parse_fail"": 4, ""success"": 508}"
focal_v3_n8_g2_Qwen3-1.7B-Base,72,0,512,64,0.99609375,1.0,0.0,8.763449651416126,7.346567966416038,7.346567966416038,9.36010911764706,0.0,7.019607843137256,0.0,0.0,0.0,0.30564882195570225,0.20732141974411847,0.3576186247784676,0.78125,0.8609755536466048,0.16862745098039217,0.20953792085312395,0.812443205352331,"{""llm_generation_error"": 1, ""parse_fail"": 2, ""success"": 509}"
focal_v3_n8_g2_Qwen3-1.7B-Base,73,0,512,64,0.9921875,1.0,0.0,8.790830118110241,7.364460887169586,7.364460887169586,9.35264937664042,0.0,6.956692913385824,0.0,0.0,0.0,0.32691670917144033,0.19913942475141722,0.376709594447954,0.75,0.8656486976686336,0.12598425196850394,0.19494279973320447,0.7776613851158316,"{""llm_generation_error"": 1, ""parse_fail"": 4, ""success"": 507}"
focal_v3_n8_g2_Qwen3-1.7B-Base,74,0,512,64,0.9921875,1.0,0.0,8.809950984251971,7.356469369583842,7.356469369583842,9.399834612860895,0.0,7.08661417322835,0.0,0.0,0.0,0.3095707121801971,0.20759227283816836,0.3751147057709084,0.796875,0.8527937761685921,0.14763779527559054,0.14901649852220672,0.6865651740419659,"{""parse_fail"": 4, ""success"": 508}"
focal_v3_n8_g2_Qwen3-1.7B-Base,75,0,512,64,0.994140625,1.0,0.0,8.763638070290327,7.293128384185209,7.293128384185209,9.390774721676491,0.0,7.0569744597249535,0.0,0.0,0.0,0.29440980326856253,0.21365217010960993,0.3580821733124012,0.875,0.8577584512680848,0.13948919449901767,0.17318612633521235,0.8045612508210959,"{""parse_fail"": 3, ""success"": 509}"
focal_v3_n8_g2_Qwen3-1.7B-Base,76,0,512,64,0.990234375,1.0,0.0,8.735887595879909,7.262401314895024,7.262401314895024,9.339531591058515,0.0,6.954635108481263,0.0,0.0,0.0,0.3087981383680873,0.20585875296044706,0.37039113975083016,0.84375,0.8803266045890283,0.11242603550295859,0.35312198364648967,1.021617409365528,"{""llm_generation_error"": 4, ""parse_fail"": 5, ""success"": 503}"
focal_v3_n8_g2_Qwen3-1.7B-Base,77,0,512,64,0.984375,1.0,0.0,8.754517107583776,7.216041019737753,7.216041019737753,9.408858994708995,0.0,7.0793650793650755,0.0,0.0,0.0,0.29402299321606823,0.2157347122814313,0.37174856892238745,0.875,0.9037320874152805,0.10714285714285714,0.209288470026482,0.907404395745114,"{""llm_generation_error"": 1, ""parse_fail"": 8, ""success"": 503}"
focal_v3_n8_g2_Qwen3-1.7B-Base,78,0,512,64,0.98828125,1.0,0.0,8.791133289415901,7.316278901919649,7.316278901919649,9.40033629776021,0.0,7.079051383399215,0.0,0.0,0.0,0.3008805265106259,0.2114466491036404,0.3708359367221139,0.859375,0.897893570638628,0.09683794466403162,0.20216293883480455,0.8173929669622583,"{""llm_generation_error"": 1, ""parse_fail"": 6, ""success"": 505}"
focal_v3_n8_g2_Qwen3-1.7B-Base,79,0,512,64,0.994140625,1.0,0.0,8.765347762497273,7.271472833118165,7.271472833118165,9.37585399476097,0.0,7.092337917485265,0.0,0.0,0.0,0.30046149698571784,0.2096267554251654,0.3782751435897587,0.75,0.8752843611385519,0.14145383104125736,0.22556091445239362,0.9384913861406186,"{""llm_generation_error"": 1, ""parse_fail"": 3, ""success"": 508}"
focal_v3_n8_g2_Qwen3-1.7B-Base,80,0,512,64,0.99609375,1.0,0.0,8.844899738562086,7.43932821731286,7.43932821731286,9.408035882352943,0.0,7.129411764705882,0.0,0.0,0.0,0.31463397205925275,0.205854586598106,0.3750949137762583,0.828125,0.8871613525027874,0.10392156862745099,0.14464544163844933,0.6483947540559405,"{""parse_fail"": 2, ""success"": 510}"
focal_v3_n8_g2_Qwen3-1.7B-Base,81,0,512,64,0.9921875,1.0,0.0,8.820415594925628,7.41913432284205,7.41913432284205,9.398635203412075,0.0,7.1496062992126,0.0,0.0,0.0,0.3000485359978898,0.2090010156601749,0.3706734553199189,0.828125,0.8797936507249963,0.1220472440944882,0.24054215051010552,0.8324268716011606,"{""llm_generation_error"": 2, ""parse_fail"": 4, ""success"": 506}"
focal_v3_n8_g2_Qwen3-1.7B-Base,82,0,512,64,0.982421875,1.0,0.0,8.88905168986084,7.5527414040871,7.5527414040871,9.454916169648774,0.0,7.320079522862825,0.0,0.0,0.0,0.29545582429016337,0.21237181282715656,0.36165494069533677,0.890625,0.8857131214975918,0.11133200795228629,0.17420407245736735,0.6961826186718107,"{""llm_generation_error"": 1, ""parse_fail"": 9, ""success"": 502}"
focal_v3_n8_g2_Qwen3-1.7B-Base,83,0,512,64,0.9921875,1.0,0.0,8.842012117235349,7.4600175201553,7.4600175201553,9.421548359580052,0.0,7.177165354330708,0.0,0.0,0.0,0.3075376950529044,0.20897069608068086,0.3626214742948487,0.765625,0.896672157714804,0.13188976377952755,0.1843756370450293,0.7352699025763713,"{""llm_generation_error"": 1, ""parse_fail"": 4, ""success"": 507}"
focal_v3_n8_g2_Qwen3-1.7B-Base,84,0,512,64,0.9921875,1.0,0.0,8.852234776902877,7.415469446005821,7.415469446005821,9.421692060367453,0.0,7.169291338582676,0.0,0.0,0.0,0.314319466869865,0.20630909914325768,0.38307483635541384,0.75,0.8807241106801099,0.11811023622047244,0.11740058518500004,0.6014161713899403,"{""parse_fail"": 4, ""success"": 508}"
focal_v3_n8_g2_Qwen3-1.7B-Base,85,0,512,64,0.99609375,1.0,0.0,8.862497581699353,7.453718278812813,7.453718278812813,9.418975130718955,0.0,7.105882352941176,0.0,0.0,0.0,0.32771883488681436,0.20247296505611057,0.3822485546547807,0.796875,0.9011546800502396,0.13529411764705881,0.16156894530623123,0.7239634403455297,"{""parse_fail"": 2, ""success"": 510}"
focal_v3_n8_g2_Qwen3-1.7B-Base,86,0,512,64,0.990234375,1.0,0.0,8.904544773175541,7.505478797533919,7.505478797533919,9.433345759368839,0.0,7.151873767258383,0.0,0.0,0.0,0.3322048651167634,0.2011876204950216,0.3927185158330777,0.828125,0.8636056115349959,0.11637080867850098,0.14109503976924803,0.5977965399069938,"{""llm_generation_error"": 1, ""parse_fail"": 5, ""success"": 506}"
focal_v3_n8_g2_Qwen3-1.7B-Base,87,0,512,64,0.994140625,1.0,0.0,8.850225103689155,7.449877193756454,7.449877193756454,9.449437197118533,0.0,7.30844793713163,0.0,0.0,0.0,0.2845705287508562,0.21743442982958558,0.36840381739878003,0.8125,0.9091422558594152,0.12180746561886051,0.2210974403211651,0.7886237688550811,"{""llm_generation_error"": 2, ""parse_fail"": 3, ""success"": 507}"
focal_v3_n8_g2_Qwen3-1.7B-Base,88,0,512,64,0.982421875,1.0,0.0,8.857689662027838,7.398915733125307,7.398915733125307,9.42596457919152,0.0,7.157057654075548,0.0,0.0,0.0,0.32541329208180064,0.20261591810762222,0.3901823993559142,0.765625,0.8949848049332163,0.13916500994035785,0.21361310616679377,0.9498697804758046,"{""llm_generation_error"": 1, ""parse_fail"": 9, ""success"": 502}"
focal_v3_n8_g2_Qwen3-1.7B-Base,89,0,512,64,0.98828125,1.0,0.0,8.869687461572239,7.478197171503438,7.478197171503438,9.41431380105402,0.0,7.150197628458497,0.0,0.0,0.0,0.3222310562116113,0.2032925265287484,0.3830757737150197,0.765625,0.8720239303975694,0.12450592885375494,0.1966052265697725,0.6787483850698732,"{""llm_generation_error"": 2, ""parse_fail"": 6, ""success"": 504}"
focal_v3_n8_g2_Qwen3-1.7B-Base,90,0,512,64,0.994140625,1.0,0.0,8.915319668194716,7.54776145134219,7.54776145134219,9.462010281597907,0.0,7.218074656188606,0.0,0.0,0.0,0.3267388957097149,0.20374920474235292,0.37750191834188696,0.75,0.9021425689946093,0.10412573673870335,0.13029130733057967,0.7226252759142122,"{""parse_fail"": 3, ""success"": 509}"
focal_v3_n8_g2_Qwen3-1.7B-Base,91,0,512,64,0.9921875,1.0,0.0,8.904538932633432,7.54896678003341,7.54896678003341,9.45579133858268,0.0,7.299212598425197,0.0,0.0,0.0,0.3068125549214448,0.2091161647736578,0.37629947239664435,0.75,0.8795080810333493,0.1220472440944882,0.1347101843679525,0.5436628538976594,"{""llm_generation_error"": 1, ""parse_fail"": 4, ""success"": 507}"
focal_v3_n8_g2_Qwen3-1.7B-Base,92,0,512,64,0.98828125,1.0,0.0,8.87799486166008,7.489162010894153,7.489162010894153,9.45691324110672,0.0,7.30830039525692,0.0,0.0,0.0,0.2982013049893995,0.2123152941143834,0.37564350630224497,0.78125,0.9027911903529391,0.11264822134387352,0.2527660490822783,1.0152518768150463,"{""llm_generation_error"": 2, ""parse_fail"": 6, ""success"": 504}"
focal_v3_n8_g2_Qwen3-1.7B-Base,93,0,512,64,0.99609375,1.0,0.0,8.920171154684102,7.61877322337629,7.61877322337629,9.452871111111113,0.0,7.298039215686274,0.0,0.0,0.0,0.3159193532449815,0.20535937423852482,0.36846153297323264,0.765625,0.873312816666716,0.12549019607843137,0.15080744256619105,0.61112600971986,"{""llm_generation_error"": 1, ""parse_fail"": 2, ""success"": 509}"
focal_v3_n8_g2_Qwen3-1.7B-Base,94,0,512,64,0.990234375,1.0,0.0,8.913689831251377,7.63206773751245,7.63206773751245,9.444071893491124,0.0,7.2504930966469425,0.0,0.0,0.0,0.31886799716298125,0.2037686244385343,0.35753656132996514,0.78125,0.8902437611077446,0.11045364891518737,0.19988320758323969,0.8492503289319101,"{""llm_generation_error"": 1, ""parse_fail"": 4, ""render_engine_error"": 1, ""success"": 506}"
focal_v3_n8_g2_Qwen3-1.7B-Base,95,0,512,64,0.990234375,1.0,0.0,8.948211417926807,7.659838668067277,7.659838668067277,9.47356630506246,0.0,7.345167652859959,0.0,0.0,0.0,0.31580749920441176,0.20569527510641117,0.36583402818551863,0.828125,0.9003723937470727,0.1282051282051282,0.15257288647984774,0.6153434058107816,"{""llm_generation_error"": 1, ""parse_fail"": 5, ""success"": 506}"
focal_v3_n8_g2_Qwen3-1.7B-Base,96,0,512,64,0.9921875,1.0,0.0,8.903164982502194,7.5920514920218976,7.5920514920218976,9.464327526246718,0.0,7.330708661417322,0.0,0.0,0.0,0.29946662677427277,0.21194981061947352,0.3602187314616965,0.90625,0.9080697037456442,0.12401574803149606,0.22107142412672365,0.8654549595263059,"{""llm_generation_error"": 1, ""parse_fail"": 4, ""success"": 507}"
focal_v3_n8_g2_Qwen3-1.7B-Base,97,0,512,64,0.994140625,1.0,0.0,8.969462650076407,7.740179508360228,7.740179508360228,9.499839030779306,0.0,7.43811394891945,0.0,0.0,0.0,0.30390833616603463,0.21015385968978653,0.3460757616050865,0.859375,0.9026670578711192,0.1100196463654224,0.15460897266559367,0.8032471449820108,"{""parse_fail"": 3, ""success"": 509}"
focal_v3_n8_g2_Qwen3-1.7B-Base,98,0,512,64,0.9921875,1.0,0.0,8.953062335958014,7.69942691547135,7.69942691547135,9.481824475065615,0.0,7.374015748031497,0.0,0.0,0.0,0.310191580360906,0.2078456897058445,0.35781788326572284,0.765625,0.9158556859040582,0.09251968503937008,0.15083233774002422,0.6044651770837294,"{""llm_generation_error"": 1, ""parse_fail"": 4, ""success"": 507}"
focal_v3_n8_g2_Qwen3-1.7B-Base,99,0,512,64,0.994140625,1.0,0.0,8.957252390307783,7.649148543325472,7.649148543325472,9.469342894564505,0.0,7.3163064833005915,0.0,0.0,0.0,0.32288293508874405,0.20377242426979883,0.3753011065752819,0.84375,0.8863661024502366,0.11394891944990176,0.13780918940235307,0.5664227574166507,"{""llm_generation_error"": 1, ""parse_fail"": 3, ""success"": 508}"
focal_v3_n8_g2_Qwen3-1.7B-Base,100,0,512,64,0.990234375,1.0,0.0,8.880799145299145,7.51618711056991,7.51618711056991,9.42540647600263,0.0,7.23076923076923,0.0,0.0,0.0,0.31531913926155414,0.20416367072729105,0.37117013455386394,0.78125,0.9124142359693047,0.10256410256410256,0.30371054770323586,0.8927803653573119,"{""llm_generation_error"": 4, ""parse_fail"": 5, ""success"": 503}"
focal_v3_n8_g2_Qwen3-1.7B-Base,101,0,512,64,0.986328125,1.0,0.0,8.927500946094602,7.6000951640068095,7.6000951640068095,9.479502244224424,0.0,7.322772277227726,0.0,0.0,0.0,0.3094517078676679,0.20994545896983907,0.3602138693430724,0.875,0.9348460199707688,0.08514851485148515,0.19290860425083892,0.804240009702917,"{""llm_generation_error"": 1, ""parse_fail"": 7, ""success"": 504}"
focal_v3_n8_g2_Qwen3-1.7B-Base,102,0,512,64,0.990234375,1.0,0.0,8.946155073416614,7.60028133940873,7.60028133940873,9.474327942143326,0.0,7.325443786982247,0.0,0.0,0.0,0.31663240093146244,0.20619114425110022,0.37917515139500046,0.875,0.9199649455789637,0.10256410256410256,0.11353449791522355,0.5859211129520219,"{""parse_fail"": 5, ""success"": 507}"
focal_v3_n8_g2_Qwen3-1.7B-Base,103,0,512,64,0.9921875,1.0,0.0,8.99142970253718,7.733530786830871,7.733530786830871,9.486061876640418,0.0,7.4291338582677175,0.0,0.0,0.0,0.32113480947724543,0.2025949956916083,0.37564261320580533,0.796875,0.8869729282027213,0.1141732283464567,0.1702338498915533,0.7358597646770734,"{""llm_generation_error"": 1, ""parse_fail"": 4, ""success"": 507}"
focal_v3_n8_g2_Qwen3-1.7B-Base,104,0,512,64,0.98828125,1.0,0.0,8.96150028546333,7.716934509013695,7.716934509013695,9.480129216073783,0.0,7.4110671936758905,0.0,0.0,0.0,0.30994519476945465,0.2069103529742279,0.36460665882792054,0.859375,0.896271720413609,0.1007905138339921,0.2571386828879654,0.9385996311476421,"{""llm_generation_error"": 2, ""parse_fail"": 6, ""success"": 504}"
focal_v3_n8_g2_Qwen3-1.7B-Base,105,0,512,64,0.994140625,1.0,0.0,8.940664680200836,7.573798424561364,7.573798424561364,9.486864734774068,0.0,7.339882121807465,0.0,0.0,0.0,0.31283101864565777,0.20903088342602838,0.386830191748784,0.8125,0.9187150325966265,0.10019646365422397,0.1757430652668274,0.7573693147079612,"{""llm_generation_error"": 1, ""parse_fail"": 3, ""success"": 508}"
focal_v3_n8_g2_Qwen3-1.7B-Base,106,0,512,64,0.9921875,1.0,0.0,8.987652405949255,7.746788836145029,7.746788836145029,9.482364435695542,0.0,7.370078740157478,0.0,0.0,0.0,0.3265103213068796,0.2026639033748867,0.37371627942033175,0.75,0.9172516643717618,0.10433070866141732,0.1758328337248201,0.5907302502808918,"{""llm_generation_error"": 2, ""parse_fail"": 4, ""success"": 506}"
focal_v3_n8_g2_Qwen3-1.7B-Base,107,0,512,64,0.990234375,1.0,0.0,9.001406311637082,7.805722380140642,7.805722380140642,9.49497600262985,0.0,7.495069033530573,0.0,0.0,0.0,0.3089121359966758,0.20547722535485466,0.3674667224946607,0.828125,0.936501775774751,0.08875739644970414,0.1527571979720728,0.6291363032369665,"{""llm_generation_error"": 1, ""parse_fail"": 5, ""success"": 506}"
focal_v3_n8_g2_Qwen3-1.7B-Base,108,0,512,64,0.994140625,1.0,0.0,8.953495961580447,7.674030256429584,7.674030256429584,9.524219056974461,0.0,7.571709233791748,0.0,0.0,0.0,0.27152912979369337,0.2220339122314734,0.3508796697279547,0.84375,0.9033152877615673,0.11394891944990176,0.14677250052985769,0.6361797890029985,"{""llm_generation_error"": 1, ""parse_fail"": 3, ""success"": 508}"
focal_v3_n8_g2_Qwen3-1.7B-Base,109,0,512,64,0.994140625,1.0,0.0,8.98429425889544,7.751931803925332,7.751931803925332,9.515275703994764,0.0,7.548133595284871,0.0,0.0,0.0,0.2910648811156352,0.21207040582281303,0.3534603670554502,0.8125,0.9062368841005893,0.09823182711198428,0.11026675595538335,0.6032412605200225,"{""parse_fail"": 3, ""success"": 509}"
focal_v3_n8_g2_Qwen3-1.7B-Base,110,0,512,64,0.98828125,1.0,0.0,9.009704018445326,7.803067383739526,7.803067383739526,9.49686828063241,0.0,7.430830039525689,0.0,0.0,0.0,0.3257675806087366,0.20150310077322153,0.36893710778370875,0.84375,0.916107106388873,0.1067193675889328,0.12477615848790953,0.6485631986444791,"{""parse_fail"": 6, ""success"": 506}"
focal_v3_n8_g2_Qwen3-1.7B-Base,111,0,512,64,0.990234375,1.0,0.0,9.001093162393152,7.767390517485053,7.767390517485053,9.507195299145296,0.0,7.522682445759366,0.0,0.0,0.0,0.301380804390942,0.20897018865386907,0.36916189964382856,0.765625,0.8977192250360182,0.10256410256410256,0.08351802510454684,0.42167809794466105,"{""parse_fail"": 5, ""success"": 507}"
focal_v3_n8_g2_Qwen3-1.7B-Base,112,0,512,64,0.98828125,1.0,0.0,9.008218379446637,7.803898417243289,7.803898417243289,9.540555500658764,0.0,7.683794466403161,0.0,0.0,0.0,0.2734286554372168,0.21912713642510526,0.3540133512856293,0.765625,0.9089898977045621,0.11462450592885376,0.1379713287574761,0.6721302524629813,"{""parse_fail"": 6, ""success"": 506}"
focal_v3_n8_g2_Qwen3-1.7B-Base,113,0,512,64,0.9921875,1.0,0.0,9.004339107611546,7.781406048417727,7.781406048417727,9.495320997375325,0.0,7.4488188976377945,0.0,0.0,0.0,0.31741989859311404,0.2029104126155282,0.36786068490865154,0.828125,0.9201894432146371,0.10433070866141732,0.1107399502092056,0.5021001551719465,"{""parse_fail"": 4, ""success"": 508}"
focal_v3_n8_g2_Qwen3-1.7B-Base,114,0,512,64,0.99609375,1.0,0.0,9.030210261437903,7.7837944882509,7.7837944882509,9.532766372549021,0.0,7.6039215686274515,0.0,0.0,0.0,0.2986289406222706,0.21022257006747716,0.3742117290580896,0.8125,0.9394926788566679,0.09607843137254903,0.11352935599829092,0.6269158666235486,"{""parse_fail"": 2, ""success"": 510}"
focal_v4_0421_Qwen3-1.7B-Base,1,0,512,64,0.9765625,1.0,0.0,8.596461,6.383927456586172,6.383927456586172,7.1637175000000015,0.0,0.0,0.0,0.0,0.0,0.0,0.0,0.6724319671016594,0.984375,0.9775902975986105,0.046,2.1635353544153877,13.935558586073045,"{""llm_generation_error"": 116, ""render_engine_error"": 12, ""success"": 384}"
focal_v4_0421_Qwen3-1.7B-Base,2,0,512,64,0.9921875,1.0,0.0,8.579739685039366,6.445075823233211,6.445075823233211,7.149783070866142,0.0,0.0,0.0,0.0,0.0,0.0,0.0,0.6655967654647371,0.96875,0.9724687260722333,0.05905511811023622,2.0847038384644114,13.47750335585921,"{""llm_generation_error"": 112, ""render_engine_error"": 4, ""success"": 396}"
focal_v4_0421_Qwen3-1.7B-Base,3,0,512,64,0.98828125,1.0,0.0,8.66253343873517,6.564693566469726,6.564693566469726,7.2187778656126484,0.0,0.0,0.0,0.0,0.0,0.0,0.0,0.672596011426507,1.0,0.9748631135906164,0.04940711462450593,2.0688732562615906,13.459730649701598,"{""llm_generation_error"": 106, ""render_engine_error"": 6, ""success"": 400}"
focal_v4_0421_Qwen3-1.7B-Base,4,0,512,64,0.982421875,1.0,0.0,8.672510019880715,6.638419432970609,6.638419432970609,7.22709168323393,0.0,0.0,0.0,0.0,0.0,0.0,0.0,0.6556101613797197,1.0,0.9784605094232599,0.05168986083499006,2.1448626835571267,13.936639322199811,"{""llm_generation_error"": 105, ""render_engine_error"": 9, ""success"": 398}"
focal_v4_0421_Qwen3-1.7B-Base,5,0,512,64,0.9609375,1.0,0.0,8.635646991869915,6.441721084615011,6.441721084615011,7.196372493224932,0.0,0.0,0.0,0.0,0.0,0.0,0.0,0.6844258456975699,0.953125,0.964007535823593,0.06707317073170732,1.9922262241723427,13.163647626772912,"{""llm_generation_error"": 102, ""render_engine_error"": 20, ""success"": 390}"
focal_v4_0421_Qwen3-1.7B-Base,6,0,512,64,0.990234375,1.0,0.0,8.834802406311635,6.992986589363983,6.992986589363983,7.362335338593031,0.0,0.0,0.0,0.0,0.0,0.0,0.0,0.6773239604413557,1.0,0.9764027247056474,0.047337278106508875,1.9235329158356804,12.61349124165417,"{""llm_generation_error"": 88, ""render_engine_error"": 5, ""success"": 419}"
focal_v4_0421_Qwen3-1.7B-Base,7,0,512,64,0.984375,1.0,0.0,8.801299603174606,7.018516656343743,7.018516656343743,7.334416335978834,0.0,0.0,0.0,0.0,0.0,0.0,0.0,0.6658070929442387,0.984375,0.9755552251763321,0.07142857142857142,1.7706869497476865,11.43914867933558,"{""llm_generation_error"": 78, ""render_engine_error"": 8, ""success"": 426}"
focal_v4_0421_Qwen3-1.7B-Base,8,0,512,64,0.984375,1.0,0.0,8.85166579365079,6.995395935146694,6.995395935146694,7.376388161375662,0.0,0.0,0.0,0.0,0.0,0.0,0.0,0.690953778342601,1.0,0.9777809108636892,0.04365079365079365,1.764732792550237,12.051943719432094,"{""llm_generation_error"": 83, ""render_engine_error"": 8, ""success"": 421}"
focal_v4_0421_Qwen3-1.7B-Base,9,0,512,64,0.97265625,1.0,0.0,8.894119196787148,7.154328041350981,7.154328041350981,7.411765997322623,0.0,0.0,0.0,0.0,0.0,0.0,0.0,0.6842139125961374,0.96875,0.9552736184681906,0.07429718875502007,1.6665632562325121,10.823314505451028,"{""llm_generation_error"": 76, ""render_engine_error"": 14, ""success"": 422}"
focal_v4_0421_Qwen3-1.7B-Base,10,0,512,64,0.982421875,1.0,0.0,9.064436341948308,7.532220667765848,7.532220667765848,7.553696951623588,0.0,0.0,0.0,0.0,0.0,0.0,0.0,0.6976310417316877,1.0,0.9732585748133823,0.06759443339960239,1.3331992018836674,8.97316280340587,"{""llm_generation_error"": 47, ""render_engine_error"": 9, ""success"": 456}"
focal_v4_0421_Qwen3-1.7B-Base,11,0,512,64,0.97265625,1.0,0.0,9.11902381526105,7.684105851065735,7.684105851065735,7.599186512717538,0.0,0.0,0.0,0.0,0.0,0.0,0.0,0.6807415136668806,0.96875,0.9806327054723764,0.08032128514056225,1.4084050401370531,9.50988790845616,"{""llm_generation_error"": 55, ""render_engine_error"": 14, ""success"": 443}"
focal_v4_0421_Qwen3-1.7B-Base,12,0,512,64,0.99609375,1.0,0.0,9.09933678431372,7.712016627954893,7.712016627954893,7.582780653594768,0.0,0.0,0.0,0.0,0.0,0.0,0.0,0.6952817997332436,1.0,0.9610648352736958,0.07647058823529412,1.4594674680270165,9.40908899541198,"{""llm_generation_error"": 54, ""render_engine_error"": 2, ""success"": 456}"
focal_v4_0421_Qwen3-1.7B-Base,13,0,512,64,0.96484375,1.0,0.0,9.121128663967609,7.707724910842405,7.707724910842405,7.600940553306343,0.0,0.0,0.0,0.0,0.0,0.0,0.0,0.685074247785538,1.0,0.9732764745019392,0.06584362139917696,1.4653844047443414,10.120912736468068,"{""llm_generation_error"": 52, ""render_engine_error"": 18, ""success"": 442}"
focal_v4_0421_Qwen3-1.7B-Base,14,0,512,64,0.966796875,1.0,0.0,9.21954602020202,7.969211135722988,7.969211135722988,7.682955016835018,0.0,0.0,0.0,0.0,0.0,0.0,0.0,0.6624064848769214,1.0,0.9663402659368789,0.06889352818371608,1.2348017449581579,8.442003789298997,"{""llm_generation_error"": 42, ""render_engine_error"": 17, ""success"": 453}"
focal_v4_0421_Qwen3-1.7B-Base,15,0,512,64,0.994140625,1.0,0.0,9.192703614931228,7.910068066904421,7.910068066904421,7.660586345776033,0.0,0.0,0.0,0.0,0.0,0.0,0.0,0.6563437031794089,1.0,0.9753161423348126,0.06483300589390963,1.3691193135938036,8.978750271201665,"{""llm_generation_error"": 48, ""render_engine_error"": 3, ""success"": 461}"
focal_v4_0421_Qwen3-1.7B-Base,16,0,512,64,0.984375,1.0,0.0,9.267703015873016,8.031351329300973,8.031351329300973,7.723085846560846,0.0,0.0,0.0,0.0,0.0,0.0,0.0,0.709968972226298,1.0,0.9789612194369176,0.051587301587301584,1.2363679409765216,8.662059462120153,"{""llm_generation_error"": 44, ""render_engine_error"": 8, ""success"": 460}"
focal_v4_0421_Qwen3-1.7B-Base,17,0,512,64,0.986328125,1.0,0.0,9.327884158415838,8.190347414535294,8.190347414535294,7.7732367986798705,0.0,0.0,0.0,0.0,0.0,0.0,0.0,0.6839622262950262,0.984375,0.9815504522106124,0.07551020408163266,1.0378840042747606,7.652242509563069,"{""llm_generation_error"": 36, ""render_engine_error"": 7, ""success"": 469}"
focal_v4_0421_Qwen3-1.7B-Base,18,0,512,64,0.982421875,1.0,0.0,9.312592803180914,8.198524571037815,8.198524571037815,7.760494002650762,0.0,0.0,0.0,0.0,0.0,0.0,0.0,0.6794192477178688,1.0,0.9660476166169156,0.050505050505050504,1.0587891994243728,7.3750547155530795,"{""llm_generation_error"": 33, ""render_engine_error"": 9, ""success"": 470}"
focal_v4_0421_Qwen3-1.7B-Base,19,0,512,64,0.998046875,1.0,0.0,9.407837416829741,8.443066375960159,8.443066375960159,7.839864514024787,0.0,0.0,0.0,0.0,0.0,0.0,0.0,0.6656894064744044,1.0,0.9756279521277705,0.05858585858585859,0.9546348630437501,6.541878149569295,"{""llm_generation_error"": 28, ""render_engine_error"": 1, ""success"": 483}"
focal_v4_0421_Qwen3-1.7B-Base,20,0,512,64,0.990234375,1.0,0.001953125,9.462326035502953,8.631276540564645,8.631276540564645,7.885271696252464,0.0,0.0,0.0,0.0,0.0,0.0,0.0,0.6497747853953051,1.0,0.9778724697378247,0.06625258799171843,0.8952340500602121,6.019687126855429,"{""llm_generation_error"": 27, ""render_engine_error"": 4, ""request_error"": 1, ""success"": 480}"
focal_v4_0421_Qwen3-1.7B-Base,21,0,512,64,0.994140625,1.0,0.0,9.433326679764242,8.549126405075702,8.549126405075702,7.861105566470203,0.0,0.0,0.0,0.0,0.0,0.0,0.0,0.6211214315399648,1.0,0.9893580153458617,0.05070993914807302,0.8891017544354413,5.884664446297944,"{""llm_generation_error"": 28, ""render_engine_error"": 3, ""success"": 481}"
focal_v4_0421_Qwen3-1.7B-Base,22,0,512,64,0.982421875,1.0,0.0,9.535788469184887,8.597029724259185,8.597029724259185,7.946490390987409,0.0,0.0,0.0,0.0,0.0,0.0,0.0,0.7052224008681517,1.0,0.9924111476765859,0.05219206680584551,0.7159757488446536,5.8104386963214365,"{""llm_generation_error"": 21, ""render_engine_error"": 9, ""success"": 482}"
focal_v4_0421_Qwen3-1.7B-Base,23,0,512,64,0.982421875,1.0,0.0,9.499442902584502,8.58944809163519,8.58944809163519,7.916202418820409,0.0,0.0,0.0,0.0,0.0,0.0,0.0,0.6812244962693157,1.0,0.9829173083660641,0.04384133611691023,0.7839590204245096,5.898712245799941,"{""llm_generation_error"": 24, ""render_engine_error"": 9, ""success"": 479}"
focal_v4_0421_Qwen3-1.7B-Base,24,0,512,64,0.990234375,1.0,0.0,9.56496761341223,8.738828239808086,8.738828239808086,7.970806344510191,0.0,0.0,0.0,0.0,0.0,0.0,0.0,0.6827171271735442,1.0,0.9890066718665076,0.050100200400801605,0.7242585991006637,5.696883541615441,"{""llm_generation_error"": 21, ""render_engine_error"": 5, ""success"": 486}"
focal_v4_0421_Qwen3-1.7B-Base,25,0,512,64,0.98046875,1.0,0.0,9.610230956175299,8.85326689655022,8.85326689655022,8.00852579681275,0.0,0.0,0.0,0.0,0.0,0.0,0.0,0.6447731017086644,1.0,0.9798545361393061,0.046610169491525424,0.548553298403837,4.4568187821092735,"{""llm_generation_error"": 14, ""render_engine_error"": 10, ""success"": 488}"
focal_v4_0421_Qwen3-1.7B-Base,26,0,512,64,0.990234375,1.0,0.0,9.579248481262328,8.788586860830227,8.788586860830227,7.982707067718607,0.0,0.0,0.0,0.0,0.0,0.0,0.0,0.6803694636128411,1.0,0.9856618190008565,0.03807615230460922,0.6645329808684969,5.011983128440184,"{""llm_generation_error"": 20, ""render_engine_error"": 5, ""success"": 487}"
focal_v4_0421_Qwen3-1.7B-Base,27,0,512,64,0.998046875,1.0,0.0,9.65632915851272,9.032664598147234,9.032664598147234,8.046940965427266,0.0,0.0,0.0,0.0,0.0,0.0,0.0,0.6446647266176871,1.0,0.985882102245425,0.039014373716632446,0.484115929401959,3.5306879622056786,"{""llm_generation_error"": 14, ""render_engine_error"": 1, ""success"": 497}"
focal_v4_0421_Qwen3-1.7B-Base,28,0,512,64,0.994140625,1.0,0.0,9.576107622789785,8.847621705378307,8.847621705378307,7.980089685658154,0.0,0.0,0.0,0.0,0.0,0.0,0.0,0.6311540991155024,1.0,0.9837310512068305,0.04259634888438134,0.6955309160471399,4.651281942773354,"{""llm_generation_error"": 21, ""render_engine_error"": 3, ""success"": 488}"
focal_v4_0421_Qwen3-1.7B-Base,29,0,512,64,0.998046875,1.0,0.0,9.712800665362037,9.122466531869323,9.122466531869323,8.094000554468364,0.0,0.0,0.0,0.0,0.0,0.0,0.0,0.6026269218183969,1.0,0.991709410710101,0.042505592841163314,0.4054775501635103,3.513752552428598,"{""llm_generation_error"": 9, ""render_engine_error"": 1, ""success"": 502}"
focal_v4_0421_Qwen3-1.7B-Base,30,0,512,64,0.994140625,1.0,0.0,9.697069115913553,9.133685306477737,9.133685306477737,8.08089092992796,0.0,0.0,0.0,0.0,0.0,0.0,0.0,0.5871591103503963,1.0,0.996520205808098,0.025157232704402517,0.45779839445502624,3.418035022664874,"{""llm_generation_error"": 14, ""render_engine_error"": 3, ""success"": 495}"
focal_v4_0421_Qwen3-1.7B-Base,31,0,512,64,0.994140625,1.0,0.0,9.730070884086444,9.155844924808713,9.155844924808713,8.10839240340537,0.0,0.0,0.0,0.0,0.0,0.0,0.0,0.6034651133365238,1.0,0.9904341017364847,0.03524229074889868,0.36519408985745766,2.9419848774494928,"{""llm_generation_error"": 10, ""render_engine_error"": 3, ""success"": 499}"
focal_v4_0421_Qwen3-1.7B-Base,32,0,512,64,0.99609375,1.0,0.0,9.760439215686272,9.295014147603728,9.295014147603728,8.133699346405228,0.0,0.0,0.0,0.0,0.0,0.0,0.0,0.6105592976489483,1.0,0.9922990709998787,0.029288702928870293,0.3329262631911311,2.7571886129144447,"{""llm_generation_error"": 9, ""render_engine_error"": 2, ""success"": 501}"
focal_v4_0421_Qwen3-1.7B-Base,33,0,512,64,0.994140625,1.0,0.0,9.731000353634574,9.261087580899256,9.261087580899256,8.109166961362149,0.0,0.0,0.0,0.0,0.0,0.0,0.0,0.583808753175184,1.0,0.9930577504752682,0.03253796095444685,0.4275548486838906,3.0384161625445225,"{""llm_generation_error"": 11, ""render_engine_error"": 3, ""success"": 498}"
focal_v4_0421_Qwen3-1.7B-Base,34,0,512,64,0.998046875,1.0,0.0,9.781417181996087,9.258318268672559,9.258318268672559,8.15118098499674,0.0,0.0,0.0,0.0,0.0,0.0,0.0,0.5852476427480504,1.0,0.9903277306321974,0.036855036855036855,0.23653322883396638,2.768639457310364,"{""llm_generation_error"": 3, ""render_engine_error"": 1, ""success"": 508}"
focal_v4_0421_Qwen3-1.7B-Base,35,0,512,64,0.998046875,1.0,0.0,9.775614598825833,9.374585262381725,9.374585262381725,8.146345499021526,0.0,0.0,0.0,0.0,0.0,0.0,0.0,0.5147057169141376,1.0,0.9963921395979302,0.005115089514066497,0.4400262101714066,3.136528171653675,"{""llm_generation_error"": 14, ""render_engine_error"": 1, ""success"": 497}"
focal_v4_0421_Qwen3-1.7B-Base,36,0,512,64,1.0,1.0,0.0,9.812153671875004,9.446472918088576,9.446472918088576,8.1767947265625,0.0,0.0,0.0,0.0,0.0,0.0,0.0,0.5020894150499327,1.0,0.9972070286322893,0.010638297872340425,0.32159975045761713,2.6136351616888667,"{""llm_generation_error"": 8, ""success"": 504}"
focal_v4_0421_Qwen3-1.7B-Base,37,0,512,64,0.998046875,1.0,0.0,9.835508180039142,9.533219394174711,9.533219394174711,8.196256816699284,0.0,0.0,0.0,0.0,0.0,0.0,0.0,0.5174585272953132,1.0,0.9981325863678805,0.0171990171990172,0.27918177044758435,2.14222473030055,"{""llm_generation_error"": 7, ""render_engine_error"": 1, ""success"": 504}"
focal_v4_0421_Qwen3-1.7B-Base,38,0,512,64,1.0,1.0,0.0,9.815777265624995,9.465210990946114,9.465210990946114,8.179814388020832,0.0,0.0,0.0,0.0,0.0,0.0,0.0,0.5251770274457447,1.0,0.9974277280516956,0.018229166666666668,0.32232911020332017,2.5413755379463927,"{""llm_generation_error"": 9, ""success"": 503}"
focal_v4_0421_Qwen3-1.7B-Base,39,0,512,64,0.994140625,1.0,0.0,9.871403850687624,9.535150669748612,9.535150669748612,8.226169875573019,0.0,0.0,0.0,0.0,0.0,0.0,0.0,0.520700806242699,1.0,0.9964040848076994,0.014005602240896359,0.1000548356469208,1.4881162025418817,"{""llm_generation_error"": 2, ""render_engine_error"": 3, ""success"": 507}"
focal_v4_0421_Qwen3-1.7B-Base,40,0,512,64,0.99609375,1.0,0.0,9.850282509803924,9.554894509412236,9.554894509412236,8.208568758169935,0.0,0.0,0.0,0.0,0.0,0.0,0.0,0.49786169825082616,1.0,0.9960585585585585,0.02356020942408377,0.24856810721451292,1.9744225454047635,"{""llm_generation_error"": 7, ""render_engine_error"": 2, ""success"": 503}"
focal_v4_0421_Qwen3-1.7B-Base,41,0,512,64,0.998046875,1.0,0.0,9.857333072407044,9.543252499831466,9.543252499831466,8.214444227005872,0.0,0.0,0.0,0.0,0.0,0.0,0.0,0.47806420161714763,1.0,0.9925508815501869,0.009174311926605505,0.23508557365012553,2.1119081912983106,"{""llm_generation_error"": 6, ""render_engine_error"": 1, ""success"": 505}"
focal_v4_0421_Qwen3-1.7B-Base,42,0,512,64,0.998046875,1.0,0.0,9.901036203522505,9.68803715677019,9.68803715677019,8.250863502935422,0.0,0.0,0.0,0.0,0.0,0.0,0.0,0.44788193912082486,1.0,0.9969512195121951,0.0061162079510703364,0.1264338542528798,1.30453012019305,"{""llm_generation_error"": 2, ""render_engine_error"": 1, ""success"": 509}"
focal_v4_0421_Qwen3-1.7B-Base,43,0,512,64,0.9921875,1.0,0.0,9.874952480314962,9.60798215694587,9.60798215694587,8.229127066929133,0.0,0.0,0.0,0.0,0.0,0.0,0.0,0.46200021814271125,1.0,0.9920237310481212,0.015384615384615385,0.13347892344746887,1.2933709804675992,"{""llm_generation_error"": 2, ""render_engine_error"": 4, ""success"": 506}"
focal_v4_0421_Qwen3-1.7B-Base,44,0,512,64,0.998046875,1.0,0.0,9.902580195694716,9.672867257924903,9.672867257924903,8.252150163078932,0.0,0.0,0.0,0.0,0.0,0.0,0.0,0.4805616867274518,1.0,0.9991115168556642,0.005698005698005698,0.07975173632719625,0.9005273997621764,"{""llm_generation_error"": 2, ""render_engine_error"": 1, ""success"": 509}"
focal_v4_0421_Qwen3-1.7B-Base,45,0,512,64,1.0,1.0,0.0,9.909399453124996,9.709835758591504,9.709835758591504,8.257832877604168,0.0,0.0,0.0,0.0,0.0,0.0,0.0,0.41563409291874404,1.0,1.0,0.007352941176470588,0.11032508606367185,1.0943014841387866,"{""llm_generation_error"": 2, ""success"": 510}"
focal_v4_0421_Qwen3-1.7B-Base,46,0,512,64,1.0,1.0,0.0,9.905926171875,9.73316894096015,9.73316894096015,8.254938476562499,0.0,0.0,0.0,0.0,0.0,0.0,0.0,0.38683778754866877,1.0,0.9987792152532586,0.003676470588235294,0.16956894880234372,1.2998081765445344,"{""llm_generation_error"": 5, ""success"": 507}"
focal_v4_0421_Qwen3-1.7B-Base,47,0,512,64,0.99609375,1.0,0.0,9.942798274509801,9.823921479982818,9.823921479982818,8.285665228758171,0.0,0.0,0.0,0.0,0.0,0.0,0.0,0.3837286683643212,1.0,0.9990808823529411,0.011029411764705883,0.0421943162591797,0.6083423680401057,"{""render_engine_error"": 2, ""success"": 510}"
focal_v4_0421_Qwen3-1.7B-Base,48,0,512,64,0.99609375,1.0,0.0,9.936799215686273,9.812604839802674,9.812604839802674,8.280666013071896,0.0,0.0,0.0,0.0,0.0,0.0,0.0,0.369530887223597,1.0,0.9943142547309214,0.009302325581395349,0.06390419622428052,0.5915591811244267,"{""llm_generation_error"": 1, ""render_engine_error"": 2, ""success"": 509}"
focal_v4_0421_Qwen3-1.7B-Base,49,0,512,64,1.0,1.0,0.0,9.940616640625,9.818226319102628,9.818226319102628,8.283847200520833,0.0,0.0,0.0,0.0,0.0,0.0,0.0,0.352734296597721,1.0,0.9972875226039782,0.0,0.05808784632089844,0.5338449239028803,"{""llm_generation_error"": 1, ""success"": 511}"
focal_v4_0421_Qwen3-1.7B-Base,50,0,512,64,1.0,1.0,0.0,9.9440896484375,9.828124870767423,9.828124870767423,8.286741373697916,0.0,0.0,0.0,0.0,0.0,0.0,0.0,0.33809602912849357,1.0,1.0,0.010869565217391304,0.07809536678310545,0.6131238079441849,"{""llm_generation_error"": 2, ""success"": 510}"
focal_v4_0421_Qwen3-1.7B-Base,51,0,512,64,1.0,1.0,0.0,9.965609023437501,9.897380953234725,9.897380953234725,8.304674186197916,0.0,0.0,0.0,0.0,0.0,0.0,0.0,0.30279132583061275,1.0,1.0,0.006578947368421052,0.0502830333602539,0.4747516668229831,"{""llm_generation_error"": 1, ""success"": 511}"
focal_v4_0421_Qwen3-1.7B-Base,52,0,512,64,0.99609375,1.0,0.0,9.95902768627451,9.886706304266074,9.886706304266074,8.299189738562092,0.0,0.0,0.0,0.0,0.0,0.0,0.0,0.3049319328114011,1.0,1.0,0.0,0.06739784145839843,0.4394520028362606,"{""llm_generation_error"": 3, ""render_engine_error"": 2, ""success"": 507}"
focal_v4_0421_Qwen3-1.7B-Base,53,0,512,64,0.998046875,1.0,0.0,9.969791115459884,9.915067279360066,9.915067279360066,8.308159262883235,0.0,0.0,0.0,0.0,0.0,0.0,0.0,0.28886531182479114,1.0,0.9994601746637255,0.0,0.043637724291503914,0.36681872821244826,"{""llm_generation_error"": 1, ""render_engine_error"": 1, ""success"": 510}"
focal_v4_0421_Qwen3-1.7B-Base,54,0,512,64,1.0,1.0,0.0,9.9712057421875,9.908312791989422,9.908312791989422,8.309338118489583,0.0,0.0,0.0,0.0,0.0,0.0,0.0,0.29724058641075346,1.0,1.0,0.015625,0.02202319368955077,0.2827661354769922,"{""success"": 512}"
focal_v4_0421_Qwen3-1.7B-Base,55,0,512,64,1.0,1.0,0.0,9.944666171875,9.821818892054829,9.821818892054829,8.287221809895833,0.0,0.0,0.0,0.0,0.0,0.0,0.0,0.3634606122715811,1.0,1.0,0.0,0.08152605479101564,0.67496060356653,"{""llm_generation_error"": 2, ""success"": 510}"
focal_v4_0421_Qwen3-1.7B-Base,56,0,512,64,1.0,1.0,0.0,9.98332515625,9.946005420681262,9.946005420681262,8.319437630208332,0.0,0.0,0.0,0.0,0.0,0.0,0.0,0.27009625954568356,1.0,1.0,0.0,0.009010233174414062,0.11652974642514313,"{""success"": 512}"
focal_v4_0421_Qwen3-1.7B-Base,57,0,512,64,1.0,1.0,0.0,9.97130375,9.920738972119858,9.920738972119858,8.309419791666668,0.0,0.0,0.0,0.0,0.0,0.0,0.0,0.278438512546407,1.0,1.0,0.0,0.04358628925898437,0.36507827301098794,"{""llm_generation_error"": 1, ""success"": 511}"
focal_v4_0421_Qwen3-1.7B-Base,58,0,512,64,1.0,1.0,0.0,9.956105390625002,9.868240788932356,9.868240788932356,8.296754492187501,0.0,0.0,0.0,0.0,0.0,0.0,0.0,0.3103232389187404,1.0,1.0,0.007352941176470588,0.07912707131933591,0.6532878753788277,"{""llm_generation_error"": 2, ""success"": 510}"
focal_v4_0421_Qwen3-1.7B-Base,59,0,512,64,0.998046875,1.0,0.0,9.98273166340509,9.953802624688239,9.953802624688239,8.318943052837573,0.0,0.0,0.0,0.0,0.0,0.0,0.0,0.23881735537961507,1.0,1.0,0.0,0.034353984492869104,0.24128080986928144,"{""llm_generation_error"": 1, ""render_engine_error"": 1, ""success"": 510}"
focal_v4_0421_Qwen3-1.7B-Base,60,0,512,64,1.0,1.0,0.0,9.977892460937502,9.926284877258231,9.926284877258231,8.314910384114583,0.0,0.0,0.0,0.0,0.0,0.0,0.0,0.2741921050917077,1.0,1.0,0.0,0.016956676083886707,0.26186531185139195,"{""success"": 512}"
focal_v4_0421_Qwen3-1.7B-Base,61,0,512,64,1.0,1.0,0.0,9.978493085937501,9.935704031992847,9.935704031992847,8.315410904947916,0.0,0.0,0.0,0.0,0.0,0.0,0.0,0.25983945437855005,1.0,1.0,0.0,0.03511854350615235,0.25613286520880135,"{""llm_generation_error"": 1, ""success"": 511}"
focal_v4_0421_Qwen3-1.7B-Base,62,0,512,64,1.0,1.0,0.0,9.972061015624998,9.918464145861867,9.918464145861867,8.310050846354166,0.0,0.0,0.0,0.0,0.0,0.0,0.0,0.2920462785727452,1.0,1.0,0.0,0.04132466610898437,0.3163632490587994,"{""llm_generation_error"": 1, ""success"": 511}"
focal_v4_0421_Qwen3-1.7B-Base,63,0,512,64,1.0,1.0,0.0,9.969963281250001,9.920402668857689,9.920402668857689,8.308302734375,0.0,0.0,0.0,0.0,0.0,0.0,0.0,0.2686271700120787,1.0,1.0,0.0,0.06502426878632814,0.4302370969210109,"{""llm_generation_error"": 2, ""success"": 510}"
focal_v4_0421_Qwen3-1.7B-Base,64,0,512,64,1.0,1.0,0.0,9.981443359375001,9.953108657719506,9.953108657719506,8.317869466145835,0.0,0.0,0.0,0.0,0.0,0.0,0.0,0.2549345646667461,1.0,1.0,0.0,0.032805287148046876,0.19543543256236187,"{""llm_generation_error"": 1, ""success"": 511}"
focal_v4_0421_Qwen3-1.7B-Base,65,0,512,64,1.0,1.0,0.0,9.9836030859375,9.934593050259933,9.934593050259933,8.31966923828125,0.0,0.0,0.0,0.0,0.0,0.0,0.0,0.255165695801127,1.0,1.0,0.0,0.017900861684863278,0.3197444947300071,"{""success"": 512}"
focal_v4_0421_Qwen3-1.7B-Base,66,0,512,64,1.0,1.0,0.0,9.9725848046875,9.903520011117113,9.903520011117113,8.310487337239584,0.0,0.0,0.0,0.0,0.0,0.0,0.0,0.2651027655358338,1.0,1.0,0.0,0.050343204148144534,0.5836673875553384,"{""llm_generation_error"": 1, ""success"": 511}"
focal_v4_0421_Qwen3-1.7B-Base,67,0,512,64,0.998046875,1.0,0.0,9.99030227005871,9.971264028948022,9.971264028948022,8.32525189171559,0.0,0.0,0.0,0.0,0.0,0.0,0.0,0.24405569558857163,1.0,1.0,0.0,0.006006299431152344,0.06042190017726037,"{""render_engine_error"": 1, ""success"": 511}"
focal_v4_0421_Qwen3-1.7B-Base,68,0,512,64,1.0,1.0,0.0,9.983035703125001,9.946936555340052,9.946936555340052,8.319196419270833,0.0,0.0,0.0,0.0,0.0,0.0,0.0,0.23534411954554832,1.0,1.0,0.0,0.039241077008984375,0.3611123271473692,"{""llm_generation_error"": 1, ""success"": 511}"
focal_v4_0421_Qwen3-1.7B-Base,69,0,512,64,1.0,1.0,0.0,9.983528671875,9.959613171995684,9.959613171995684,8.319607226562502,0.0,0.0,0.0,0.0,0.0,0.0,0.0,0.23580120685159636,1.0,1.0,0.0,0.032154657660742186,0.18797185309164946,"{""llm_generation_error"": 1, ""success"": 511}"
focal_v4_0421_Qwen3-1.7B-Base,70,0,512,64,1.0,1.0,0.0,9.982421875,9.948476633460842,9.948476633460842,8.318684895833334,0.0,0.0,0.0,0.0,0.0,0.0,0.0,0.2447361304675063,1.0,1.0,0.0,0.035478515625,0.2522084947015342,"{""llm_generation_error"": 1, ""success"": 511}"
focal_v4_0421_Qwen3-1.7B-Base,71,0,512,64,1.0,1.0,0.0,9.979585195312502,9.943587056640785,9.943587056640785,8.31632099609375,0.0,0.0,0.0,0.0,0.0,0.0,0.0,0.24472963396320183,1.0,1.0,0.0,0.039561961991699215,0.3054954312034483,"{""llm_generation_error"": 1, ""success"": 511}"
focal_v4_0421_Qwen3-1.7B-Base,72,0,512,64,1.0,1.0,0.0,9.989084218750001,9.955537251526072,9.955537251526072,8.324236848958334,0.0,0.0,0.0,0.0,0.0,0.0,0.0,0.23692281602661214,1.0,1.0,0.0,0.010586121479687498,0.17576669218741953,"{""success"": 512}"
focal_v4_0421_Qwen3-1.7B-Base,73,0,512,64,1.0,1.0,0.0,9.989279531250002,9.964148161010389,9.964148161010389,8.324399609375,0.0,0.0,0.0,0.0,0.0,0.0,0.0,0.24461597634357313,1.0,1.0,0.0,0.008972351948437499,0.11876363443470053,"{""success"": 512}"
focal_v4_0421_Qwen3-1.7B-Base,74,0,512,64,1.0,1.0,0.0,9.99609375,9.989839540180556,9.989839540180556,8.330078125,0.0,0.0,0.0,0.0,0.0,0.0,0.0,0.21217412304487962,1.0,1.0,0.0,0.0023046874999999942,0.0190613789391888,"{""success"": 512}"
focal_v4_0421_Qwen3-1.7B-Base,75,0,512,64,1.0,1.0,0.0,9.983300781249998,9.945386643385207,9.945386643385207,8.319417317708334,0.0,0.0,0.0,0.0,0.0,0.0,0.0,0.24752614412900176,1.0,1.0,0.0,0.0208441162109375,0.2665687757000067,"{""success"": 512}"
focal_v4_0421_Qwen3-1.7B-Base,76,0,512,64,1.0,1.0,0.0,9.981575507812499,9.945297522915402,9.945297522915402,8.31797958984375,0.0,0.0,0.0,0.0,0.0,0.0,0.0,0.24553916229525527,1.0,1.0,0.0,0.038146437717089844,0.3205077497469617,"{""llm_generation_error"": 1, ""success"": 511}"
focal_v4_0421_Qwen3-1.7B-Base,77,0,512,64,1.0,1.0,0.0,9.994140625,9.98276433094745,9.98276433094745,8.328450520833334,0.0,0.0,0.0,0.0,0.0,0.0,0.0,0.22659128359145325,1.0,1.0,0.0,0.003623046874999998,0.03707719671012922,"{""success"": 512}"
focal_v4_0421_Qwen3-1.7B-Base,78,0,512,64,1.0,1.0,0.0,9.98265859375,9.959421253329399,9.959421253329399,8.318882161458333,0.0,0.0,0.0,0.0,0.0,0.0,0.0,0.21673158734051665,1.0,1.0,0.0,0.055385863078710934,0.30161263732119403,"{""llm_generation_error"": 2, ""success"": 510}"
focal_v4_0421_Qwen3-1.7B-Base,79,0,512,64,1.0,1.0,0.0,9.984472656249999,9.957130969326402,9.957130969326402,8.320393880208334,0.0,0.0,0.0,0.0,0.0,0.0,0.0,0.2362881947518672,1.0,1.0,0.0,0.0337738037109375,0.2400454265480577,"{""llm_generation_error"": 1, ""success"": 511}"
focal_v4_0421_Qwen3-1.7B-Base,80,0,512,64,0.998046875,1.0,0.0,9.9720715851272,9.921490805464334,9.921490805464334,8.310059654272669,0.0,0.0,0.0,0.0,0.0,0.0,0.0,0.2488305189161066,1.0,1.0,0.015625,0.06821182756708985,0.5129733278085732,"{""llm_generation_error"": 2, ""render_engine_error"": 1, ""success"": 509}"
focal_v4_0421_Qwen3-1.7B-Base,81,0,512,64,1.0,1.0,0.0,9.991406249999999,9.972139944087015,9.972139944087015,8.326171875,0.0,0.0,0.0,0.0,0.0,0.0,0.0,0.22962418770603035,1.0,1.0,0.0,0.006206054687499999,0.08818446289108813,"{""success"": 512}"
focal_v4_0421_Qwen3-1.7B-Base,82,0,512,64,1.0,1.0,0.0,9.9832682421875,9.9495846835434,9.9495846835434,8.319390201822918,0.0,0.0,0.0,0.0,0.0,0.0,0.0,0.2375062062081246,1.0,1.0,0.0,0.03734888888896484,0.31357336802671243,"{""llm_generation_error"": 1, ""success"": 511}"
focal_v4_0421_Qwen3-1.7B-Base,83,0,512,64,1.0,1.0,0.0,9.974967460937501,9.918517019367833,9.918517019367833,8.312472884114584,0.0,0.0,0.0,0.0,0.0,0.0,0.0,0.2592219446156545,1.0,1.0,0.0,0.04926234103740234,0.48332530754229297,"{""llm_generation_error"": 1, ""success"": 511}"
focal_v4_0421_Qwen3-1.7B-Base,84,0,512,64,1.0,1.0,0.0,9.9864118359375,9.969337330666843,9.969337330666843,8.32200986328125,0.0,0.0,0.0,0.0,0.0,0.0,0.0,0.22059848429907353,1.0,1.0,0.0,0.03049978292412109,0.1655094908611046,"{""llm_generation_error"": 1, ""success"": 511}"
focal_v4_0421_Qwen3-1.7B-Base,85,0,512,64,1.0,1.0,0.0,9.993012109375,9.97317677617604,9.97317677617604,8.327510091145832,0.0,0.0,0.0,0.0,0.0,0.0,0.0,0.22653488332310423,1.0,1.0,0.0,0.006301549648242182,0.09358856150604578,"{""success"": 512}"
focal_v4_0421_Qwen3-1.7B-Base,86,0,512,64,1.0,1.0,0.0,9.98662109375,9.947594825453736,9.947594825453736,8.322184244791666,0.0,0.0,0.0,0.0,0.0,0.0,0.0,0.2453121547919526,1.0,1.0,0.0,0.0175555419921875,0.30748265484017984,"{""success"": 512}"
focal_v4_0421_Qwen3-1.7B-Base,87,0,512,64,1.0,1.0,0.0,9.987890625,9.953562585636046,9.953562585636046,8.3232421875,0.0,0.0,0.0,0.0,0.0,0.0,0.0,0.23445127751899142,1.0,1.0,0.0,0.017841796874999996,0.29847638886481886,"{""success"": 512}"
focal_v4_0421_Qwen3-1.7B-Base,88,0,512,64,1.0,1.0,0.0,9.996484375,9.989543739571841,9.989543739571841,8.330403645833334,0.0,0.0,0.0,0.0,0.0,0.0,0.0,0.21577439291395994,1.0,1.0,0.0,0.0022558593750000005,0.024384905292118612,"{""success"": 512}"
focal_v4_0421_Qwen3-1.7B-Base,89,0,512,64,1.0,1.0,0.0,9.98046875,9.951466037864154,9.951466037864154,8.317057291666666,0.0,0.0,0.0,0.0,0.0,0.0,0.0,0.2256380165929786,1.0,1.0,0.0,0.057345912543554686,0.3262374896216582,"{""llm_generation_error"": 2, ""success"": 510}"
focal_v4_0421_Qwen3-1.7B-Base,90,0,512,64,1.0,1.0,0.0,9.991406249999999,9.97247387367873,9.97247387367873,8.326171875,0.0,0.0,0.0,0.0,0.0,0.0,0.0,0.2219027398400368,1.0,1.0,0.0,0.010117187499999993,0.15024761258866787,"{""success"": 512}"
focal_v4_0421_Qwen3-1.7B-Base,91,0,512,64,1.0,1.0,0.0,9.9916015625,9.967245471980105,9.967245471980105,8.326334635416666,0.0,0.0,0.0,0.0,0.0,0.0,0.0,0.22813973132266296,1.0,1.0,0.0,0.01122802734375,0.2003421016842783,"{""success"": 512}"
focal_v4_0421_Qwen3-1.7B-Base,92,0,512,64,1.0,1.0,0.0,9.99287109375,9.976880451245563,9.976880451245563,8.327392578125,0.0,0.0,0.0,0.0,0.0,0.0,0.0,0.22509978079460233,1.0,1.0,0.03125,0.006542358398437499,0.09351136984195096,"{""success"": 512}"
focal_v4_0421_Qwen3-1.7B-Base,93,0,512,64,1.0,1.0,0.0,9.9915178515625,9.965477390207791,9.965477390207791,8.326264876302083,0.0,0.0,0.0,0.0,0.0,0.0,0.0,0.22849832528336744,1.0,1.0,0.0,0.010982154017871084,0.18456340248046393,"{""success"": 512}"
focal_v4_0421_Qwen3-1.7B-Base,94,0,512,64,1.0,1.0,0.0,9.988118515625,9.969570760493419,9.969570760493419,8.323432096354168,0.0,0.0,0.0,0.0,0.0,0.0,0.0,0.22288406799936483,1.0,1.0,0.0,0.02982412055136719,0.17107526465858403,"{""llm_generation_error"": 1, ""success"": 511}"
focal_v4_0421_Qwen3-1.7B-Base,95,0,512,64,1.0,1.0,0.0,9.986328125,9.960010505623265,9.960010505623265,8.321940104166666,0.0,0.0,0.0,0.0,0.0,0.0,0.0,0.22599187865179907,1.0,1.0,0.0,0.033701171875,0.24820016658633415,"{""llm_generation_error"": 1, ""success"": 511}"
focal_v4_0421_Qwen3-1.7B-Base,96,0,512,64,1.0,1.0,0.0,9.99765625,9.992415510716953,9.992415510716953,8.331380208333334,0.0,0.0,0.0,0.0,0.0,0.0,0.0,0.20995751746790312,1.0,1.0,0.0,0.0017773437499999994,0.021809618062582664,"{""success"": 512}"
focal_v4_0421_Qwen3-1.7B-Base,97,0,512,64,1.0,1.0,0.0,9.9981026953125,9.99522079540814,9.99522079540814,8.33175224609375,0.0,0.0,0.0,0.0,0.0,0.0,0.0,0.20923674397339395,1.0,1.0,0.0,0.0008314564733398438,0.005478271896113166,"{""success"": 512}"
focal_v4_0421_Qwen3-1.7B-Base,98,0,512,64,0.998046875,1.0,0.0,9.9886171037182,9.971585842163982,9.971585842163982,8.323847586431834,0.0,0.0,0.0,0.0,0.0,0.0,0.0,0.2207615975717136,1.0,1.0,0.0,0.029338024631152346,0.16590040166260134,"{""llm_generation_error"": 1, ""render_engine_error"": 1, ""success"": 510}"
focal_v4_0421_Qwen3-1.7B-Base,99,0,512,64,1.0,1.0,0.0,9.997358632812501,9.993361175265825,9.993361175265825,8.331132194010417,0.0,0.0,0.0,0.0,0.0,0.0,0.0,0.21275716550485946,1.0,1.0,0.0,0.0011724854291992196,0.008435074075682478,"{""success"": 512}"
focal_v4_0421_Qwen3-1.7B-Base,100,0,512,64,0.998046875,1.0,0.0,9.978864970645795,9.948149191996102,9.948149191996102,8.315720808871495,0.0,0.0,0.0,0.0,0.0,0.0,0.0,0.22752699623012734,1.0,1.0,0.0,0.06093311543367346,0.3484957757175623,"{""llm_generation_error"": 2, ""render_engine_error"": 1, ""success"": 509}"
focal_v4_0421_Qwen3-1.7B-Base,101,0,512,64,1.0,1.0,0.0,9.981826640625,9.9556744163638,9.9556744163638,8.3181888671875,0.0,0.0,0.0,0.0,0.0,0.0,0.0,0.21995066151858883,1.0,1.0,0.0,0.05561584480429688,0.30655279663919943,"{""llm_generation_error"": 2, ""success"": 510}"
focal_v4_0421_Qwen3-1.7B-Base,102,0,512,64,1.0,1.0,0.0,9.984375,9.955118917581828,9.955118917581828,8.3203125,0.0,0.0,0.0,0.0,0.0,0.0,0.0,0.22785269061542063,1.0,0.9979486637221575,0.0,0.036015625,0.2953595449635877,"{""llm_generation_error"": 1, ""success"": 511}"
focal_v4_0421_Qwen3-1.7B-Base,103,0,512,64,1.0,1.0,0.0,9.99794921875,9.994101702490845,9.994101702490845,8.331624348958334,0.0,0.0,0.0,0.0,0.0,0.0,0.0,0.20938746765442404,1.0,1.0,0.0,0.0012005615234374969,0.011655330147227612,"{""success"": 512}"
focal_v4_0421_Qwen3-1.7B-Base,104,0,512,64,1.0,1.0,0.0,9.985937499999999,9.96471871254305,9.96471871254305,8.321614583333334,0.0,0.0,0.0,0.0,0.0,0.0,0.0,0.23357683378161231,1.0,1.0,0.0,0.030625,0.1767716405902831,"{""llm_generation_error"": 1, ""success"": 511}"
focal_v4_0421_Qwen3-1.7B-Base,105,0,512,64,1.0,1.0,0.0,9.9986683203125,9.996976010838491,9.996976010838491,8.332223600260418,0.0,0.0,0.0,0.0,0.0,0.0,0.0,0.2065505940227625,1.0,1.0,0.0,0.00048374257490234383,0.0028641065654697023,"{""success"": 512}"
focal_v4_0421_Qwen3-1.7B-Base,106,0,512,64,1.0,1.0,0.0,9.9917534765625,9.981047880900109,9.981047880900109,8.32646123046875,0.0,0.0,0.0,0.0,0.0,0.0,0.0,0.2063474125354628,1.0,1.0,0.0,0.027428142602246092,0.14887420094915513,"{""llm_generation_error"": 1, ""success"": 511}"
focal_v4_0421_Qwen3-1.7B-Base,107,0,512,64,1.0,1.0,0.0,10.0,10.0,10.0,8.333333333333334,0.0,0.0,0.0,0.0,0.0,0.0,0.0,0.2000000000000018,1.0,nan,nan,0.0,0.0,"{""success"": 512}"
focal_v4_0421_Qwen3-1.7B-Base,108,0,512,64,1.0,1.0,0.0,9.9921875,9.973368308867741,9.973368308867741,8.326822916666666,0.0,0.0,0.0,0.0,0.0,0.0,0.0,0.23158165523846627,1.0,1.0,0.0,0.007109374999999992,0.1019477969808659,"{""success"": 512}"
focal_v4_0421_Qwen3-1.7B-Base,109,0,512,64,1.0,1.0,0.0,9.99609375,9.982792072664578,9.982792072664578,8.330078125,0.0,0.0,0.0,0.0,0.0,0.0,0.0,0.2106413418683392,1.0,1.0,0.0,0.0068359375,0.13265851790515676,"{""success"": 512}"
focal_v4_0421_Qwen3-1.7B-Base,110,0,512,64,1.0,1.0,0.0,9.9953125,9.984101141221167,9.984101141221167,8.329427083333334,0.0,0.0,0.0,0.0,0.0,0.0,0.0,0.2192045009498639,1.0,1.0,0.0,0.0040711957466796865,0.055646528589183626,"{""success"": 512}"
focal_v4_0421_Qwen3-1.7B-Base,111,0,512,64,1.0,1.0,0.0,9.991051132812501,9.963272273294272,9.963272273294272,8.325875944010416,0.0,0.0,0.0,0.0,0.0,0.0,0.0,0.2269577323257216,1.0,1.0,0.0,0.014001808981152344,0.2668347814282935,"{""success"": 512}"
focal_v4_0421_Qwen3-1.7B-Base,112,0,512,64,1.0,1.0,0.0,9.9984375,9.99649192657129,9.99649192657129,8.33203125,0.0,0.0,0.0,0.0,0.0,0.0,0.0,0.20778229371484344,1.0,1.0,0.0,0.0005468750000000007,0.002756673736594197,"{""success"": 512}"
focal_v4_0421_Qwen3-1.7B-Base,113,0,512,64,1.0,1.0,0.0,9.9889508984375,9.972715057834598,9.972715057834598,8.324125748697917,0.0,0.0,0.0,0.0,0.0,0.0,0.0,0.21920136802451906,1.0,1.0,0.0,0.029146196986621093,0.16524866798948087,"{""llm_generation_error"": 1, ""success"": 511}"
focal_v4_0421_Qwen3-1.7B-Base,114,0,512,64,1.0,1.0,0.0,9.9866164453125,9.953424269790315,9.953424269790315,8.32218037109375,0.0,0.0,0.0,0.0,0.0,0.0,0.0,0.2363884876652853,1.0,1.0,0.0,0.016463012772949218,0.25548034797087904,"{""success"": 512}"
focal_v4_0421_Qwen3-1.7B-Base,115,0,512,64,1.0,1.0,0.0,9.9984375,9.994974628089963,9.994974628089963,8.33203125,0.0,0.0,0.0,0.0,0.0,0.0,0.0,0.20692574382007434,1.0,1.0,0.0,0.0010937499999999969,0.011313954549713507,"{""success"": 512}"
focal_v4_0421_Qwen3-1.7B-Base,116,0,512,64,1.0,1.0,0.0,9.9884114453125,9.967380362546521,9.967380362546521,8.323676204427082,0.0,0.0,0.0,0.0,0.0,0.0,0.0,0.21737886528522848,1.0,1.0,0.0,0.03190864474833984,0.22598888832903097,"{""llm_generation_error"": 1, ""success"": 511}"
