step,temperature,gamma,epsilon,group_count,row_count,normalized_kendall_distance_mean,normalized_kendall_distance_p90,spearman_rank_corr_mean,spearman_rank_corr_p90,z_advantage_corr_mean,z_advantage_corr_p90,z_advantage_sign_flip_rate_mean,z_advantage_sign_flip_rate_p90,mean_abs_z_advantage_delta_mean,mean_abs_z_advantage_delta_p90,top1_same_rate_mean,top1_same_rate_p90
1,0.1,0.0,0.0,64,1024,0.0,0.0,1.0,1.0000000000000002,1.0,1.0000000000000002,0.0,0.0,3.3729443956546765e-16,5.22621368271462e-16,1.0,1.0
1,0.1,0.0,0.01,64,1024,0.0,0.0,1.0,1.0000000000000002,1.0,1.0000000000000002,0.0,0.0,3.3729443956546765e-16,5.22621368271462e-16,1.0,1.0
1,0.1,0.0,0.02,64,1024,0.0,0.0,1.0,1.0000000000000002,1.0,1.0000000000000002,0.0,0.0,3.3729443956546765e-16,5.22621368271462e-16,1.0,1.0
1,0.1,0.0,0.05,64,1024,0.0,0.0,1.0,1.0000000000000002,1.0,1.0000000000000002,0.0,0.0,3.3729443956546765e-16,5.22621368271462e-16,1.0,1.0
1,0.1,0.0,0.1,64,1024,0.0,0.0,1.0,1.0000000000000002,1.0,1.0000000000000002,0.0,0.0,3.3729443956546765e-16,5.22621368271462e-16,1.0,1.0
1,0.1,0.0,0.2,64,1024,0.0,0.0,1.0,1.0000000000000002,1.0,1.0000000000000002,0.0,0.0,3.3729443956546765e-16,5.22621368271462e-16,1.0,1.0
1,0.1,0.5,0.0,64,1024,0.103125,0.15875000000000003,0.8934435178982527,0.9737269056185394,0.9422416766175534,0.9790635042660369,0.1611328125,0.2937500000000002,0.2598325569112716,0.36581370424481036,0.65625,1.0
1,0.1,0.5,0.01,64,1024,0.08606770833333334,0.13625,0.9192990879361623,0.9837277324573089,0.9642172823596601,0.9857538669020796,0.1318359375,0.25,0.2031707669884809,0.27409836939130316,0.65625,1.0
1,0.1,0.5,0.02,64,1024,0.07799479166666666,0.1254166666666667,0.9302230428725978,0.987246482985807,0.9712046315886763,0.9885805208768983,0.109375,0.25,0.18163848120620882,0.2446099626543613,0.703125,1.0
1,0.1,0.5,0.05,64,1024,0.06744791666666666,0.10833333333333334,0.9430689746020884,0.9896219872598945,0.9813500123885559,0.993319963468557,0.0869140625,0.1875,0.14527060193321356,0.2053234266910506,0.765625,1.0
1,0.1,0.5,0.1,64,1024,0.054296875,0.09458333333333335,0.9584703241734505,0.9932788430943086,0.9884799952138911,0.9961285332161655,0.068359375,0.1875,0.11350900764760506,0.16724207415633838,0.78125,1.0
1,0.1,0.5,0.2,64,1024,0.03984375,0.07250000000000002,0.97432639627614,0.9962661478855697,0.9939781865133225,0.9980194885240862,0.05078125,0.125,0.08149523661128409,0.12521143889325936,0.84375,1.0
1,0.1,1.0,0.0,64,1024,0.11067708333333333,0.16000000000000003,0.885858150844089,0.9687155370662973,0.9295914976688474,0.9713431293182054,0.1728515625,0.3125,0.290868882785023,0.3855726113753594,0.578125,1.0
1,0.1,1.0,0.01,64,1024,0.10807291666666667,0.15875000000000003,0.8894412126229828,0.9687155370662973,0.9350548379671958,0.9734338486229652,0.1708984375,0.3125,0.27867088176948684,0.37458547838014483,0.59375,1.0
1,0.1,1.0,0.02,64,1024,0.10611979166666667,0.15875000000000003,0.8926321064406118,0.9718522070971215,0.9398968749316456,0.9753691778939858,0.16015625,0.25,0.26747297216133026,0.36451943369418927,0.59375,1.0
1,0.1,1.0,0.05,64,1024,0.0984375,0.14166666666666666,0.9034040584380263,0.9783224224631454,0.9515451965019155,0.9810605692988907,0.1484375,0.25,0.23869680390296608,0.3337459628483004,0.609375,1.0
1,0.1,1.0,0.1,64,1024,0.086328125,0.13333333333333333,0.9206351018509514,0.9862732908471227,0.9645991739327642,0.9861573461246358,0.1220703125,0.25,0.20234634847903976,0.28249686392738227,0.625,1.0
1,0.1,1.0,0.2,64,1024,0.07109375,0.11125000000000002,0.9397730587927171,0.9880381874411727,0.9787540869950135,0.9921253850198866,0.095703125,0.25,0.15498943365430196,0.21843132539661575,0.71875,1.0
1,0.1,1.5,0.0,64,1024,0.12135416666666667,0.1625,0.8721063471685548,0.9643850267379679,0.9181005314936914,0.9620637142827642,0.173828125,0.2937500000000002,0.3141701189864671,0.431653735737724,0.5,1.0
1,0.1,1.5,0.01,64,1024,0.11901041666666666,0.1625,0.8756141798596306,0.9658781230694949,0.9199407081395542,0.9627448434059085,0.1708984375,0.2937500000000002,0.3104400547056747,0.42552168808592283,0.5,1.0
1,0.1,1.5,0.02,64,1024,0.11731770833333334,0.1625,0.8790741264027939,0.9667872139785859,0.9222495763503699,0.9638205765120689,0.169921875,0.25,0.3056587921956303,0.41903846708621373,0.515625,1.0
1,0.1,1.5,0.05,64,1024,0.11341145833333334,0.16000000000000003,0.8848379230133611,0.9674046043101503,0.9299169601138355,0.9677993158536595,0.1650390625,0.25,0.2892474763476499,0.39766448022427836,0.53125,1.0
1,0.1,1.5,0.1,64,1024,0.10651041666666666,0.15291666666666667,0.8940396788386209,0.9734108867427569,0.942094277024901,0.9747890156152443,0.1533203125,0.25,0.26127980361496383,0.36329521376369966,0.5625,1.0
1,0.1,1.5,0.2,64,1024,0.09088541666666666,0.13333333333333333,0.9152907129294956,0.9838688330018363,0.9602129465297694,0.9842329582852786,0.1220703125,0.25,0.21417647450451552,0.30522282644482035,0.609375,1.0
1,0.1,2.0,0.0,64,1024,0.13014322916666668,0.19041666666666668,0.8576672788198947,0.9628285099770996,0.9062760553875908,0.9581364931726365,0.1787109375,0.3125,0.3360208304672517,0.47426582088543656,0.5,1.0
1,0.1,2.0,0.01,64,1024,0.12890625,0.19041666666666668,0.8594167813207398,0.9631413520983416,0.9076750841450935,0.9587639547230304,0.1787109375,0.3125,0.33343205317061336,0.46970755666531616,0.5,1.0
1,0.1,2.0,0.02,64,1024,0.128125,0.19041666666666668,0.8609224707921791,0.9631413520983416,0.9092422761403848,0.9603025049912804,0.1767578125,0.3125,0.3304805314875982,0.46496837614082237,0.5,1.0
1,0.1,2.0,0.05,64,1024,0.12513020833333333,0.18500000000000003,0.8662135306922729,0.9631413520983416,0.9146217266916958,0.9630490571280517,0.171875,0.3125,0.3200504182684876,0.4514313818691117,0.5,1.0
1,0.1,2.0,0.1,64,1024,0.11731770833333334,0.16541666666666668,0.8785535874406325,0.9670665885068142,0.9244645118494083,0.9676782985630185,0.166015625,0.25,0.2999571223259942,0.4314727942541063,0.515625,1.0
1,0.1,2.0,0.2,64,1024,0.10546875,0.14583333333333334,0.8959195811835106,0.9734108867427569,0.9425457636231935,0.9766011228436897,0.1513671875,0.25,0.25924905943058185,0.37362001141192924,0.578125,1.0
1,0.1,2.5,0.0,64,1024,0.13951822916666667,0.22916666666666666,0.8426930255092584,0.9579752683788557,0.8945070899653093,0.9564154815309088,0.1865234375,0.3125,0.356215440185251,0.5138901126049428,0.453125,1.0
1,0.1,2.5,0.01,64,1024,0.137890625,0.22375,0.8446068164153203,0.9606112272229744,0.8959870833581394,0.9566287877797034,0.1865234375,0.3125,0.3536918379756826,0.5115839449827921,0.46875,1.0
1,0.1,2.5,0.02,64,1024,0.13736979166666666,0.22125000000000003,0.8455325704505315,0.9606112272229744,0.8974788934729847,0.9568821030924565,0.185546875,0.3125,0.35112199229496943,0.5091527636209403,0.484375,1.0
1,0.1,2.5,0.05,64,1024,0.133984375,0.21541666666666667,0.8509425693246593,0.9619640704592234,0.902144731546253,0.9579398224286478,0.1826171875,0.3125,0.3427316335685644,0.5010361083057462,0.5,1.0
1,0.1,2.5,0.1,64,1024,0.12877604166666667,0.19458333333333336,0.8601236018306656,0.9631413520983416,0.9104793994495333,0.9633061764200606,0.1748046875,0.3125,0.3269782433881112,0.4776128051743138,0.515625,1.0
1,0.1,2.5,0.2,64,1024,0.11666666666666667,0.1766666666666667,0.8801050927542872,0.967502194907814,0.9271856119262403,0.9710381927114523,0.166015625,0.2937500000000002,0.2931157604257647,0.424733232317623,0.546875,1.0
1,0.1,3.0,0.0,64,1024,0.14407552083333333,0.24333333333333335,0.8351142135580133,0.9570226724984381,0.8831523477944615,0.9553777475320544,0.1923828125,0.3125,0.3744625302687375,0.5318689137675369,0.421875,1.0
1,0.1,3.0,0.01,64,1024,0.143359375,0.24333333333333335,0.8356087256009078,0.9570226724984381,0.8847554475943938,0.9557438218793148,0.1923828125,0.3125,0.371892012847776,0.5279524634441918,0.421875,1.0
1,0.1,3.0,0.02,64,1024,0.14231770833333335,0.24041666666666667,0.8367913638500265,0.9570226724984381,0.8863233455598096,0.9560983095236134,0.1923828125,0.3125,0.3693277456701856,0.5248211680795272,0.4375,1.0
1,0.1,3.0,0.05,64,1024,0.13919270833333333,0.23500000000000001,0.842146995860875,0.9606112272229744,0.8909381015462086,0.9565442888042351,0.189453125,0.3125,0.36155742952771236,0.5185303143594108,0.453125,1.0
1,0.1,3.0,0.1,64,1024,0.13658854166666667,0.22916666666666666,0.846863663984877,0.9606112272229744,0.8986398157722825,0.9579574378528729,0.185546875,0.3125,0.34804495019645326,0.5069986677208472,0.46875,1.0
1,0.1,3.0,0.2,64,1024,0.12630208333333334,0.19875,0.8644678853247671,0.9643850267379679,0.9140607930288103,0.9668248068229796,0.1728515625,0.3125,0.31906935849883294,0.4806965675299383,0.515625,1.0
1,0.1,3.5,0.0,64,1024,0.15,0.2529166666666667,0.8230291227022464,0.9541288042041082,0.8724406549236388,0.9533400903088762,0.1943359375,0.3125,0.3905809347321746,0.5551879824515176,0.375,1.0
1,0.1,3.5,0.01,64,1024,0.148828125,0.25,0.8249592513017407,0.9568967927269332,0.8741336756381645,0.9537822803044386,0.193359375,0.3125,0.38796583364261333,0.5512561235859558,0.375,1.0
1,0.1,3.5,0.02,64,1024,0.14856770833333333,0.25,0.8253780007917547,0.9570226724984381,0.8757819365552238,0.954201596110797,0.1923828125,0.3125,0.3854071240143841,0.5478959108604974,0.375,1.0
1,0.1,3.5,0.05,64,1024,0.14583333333333334,0.24458333333333335,0.8307926237275337,0.9570226724984381,0.8805280415100721,0.9553884099293269,0.1923828125,0.3125,0.37802045292448416,0.5376269840547091,0.390625,1.0
1,0.1,3.5,0.1,64,1024,0.14049479166666667,0.23625000000000002,0.8397775416870856,0.9575564445670668,0.8880816907574849,0.9568396097972728,0.189453125,0.3125,0.36570028914641123,0.5237186355729092,0.4375,1.0
1,0.1,3.5,0.2,64,1024,0.13385416666666666,0.2241666666666667,0.8513701931163168,0.9631413520983416,0.902677807279364,0.9607254903325749,0.18359375,0.3125,0.3397763372493415,0.5017636650944673,0.46875,1.0
1,0.1,4.0,0.0,64,1024,0.15572916666666667,0.25416666666666665,0.8136787436615733,0.9523397970461236,0.8624938692962402,0.9522323275902193,0.2021484375,0.3125,0.4047153128081465,0.5754216204681096,0.375,1.0
1,0.1,4.0,0.01,64,1024,0.15377604166666667,0.2529166666666667,0.8165454583552834,0.9525182525944691,0.8642387215316306,0.9524796495946876,0.2001953125,0.3125,0.40220568119436967,0.5723109969095411,0.375,1.0
1,0.1,4.0,0.02,64,1024,0.15247395833333333,0.2529166666666667,0.8187977638486504,0.9525182525944691,0.8659398970669053,0.952712414101914,0.1982421875,0.3125,0.3997257497759746,0.5691290416548271,0.375,1.0
1,0.1,4.0,0.05,64,1024,0.14908854166666666,0.25,0.8234752063601253,0.9543072597524537,0.870817255893612,0.9535586661887682,0.197265625,0.3125,0.392427284557213,0.5591794394568854,0.375,1.0
1,0.1,4.0,0.1,64,1024,0.146875,0.24166666666666667,0.8289931276019615,0.9570226724984381,0.8784112903463932,0.9555616063566971,0.193359375,0.3125,0.38074377240453355,0.542513313007621,0.390625,1.0
1,0.1,4.0,0.2,64,1024,0.1390625,0.23625000000000002,0.8419966852776742,0.9575564445670668,0.8925783931433744,0.9585126448957506,0.1875,0.3125,0.3572497595269362,0.5183476707517372,0.4375,1.0
1,0.1,4.5,0.0,64,1024,0.15963541666666667,0.25416666666666665,0.8070580037052068,0.9455002078387216,0.8533585262358685,0.9509467972492476,0.2060546875,0.3125,0.4175745498921707,0.5936264233929884,0.359375,1.0
1,0.1,4.5,0.01,64,1024,0.15794270833333332,0.25416666666666665,0.8093680817897922,0.9455002078387216,0.8551236092678556,0.9513714598924751,0.2041015625,0.3125,0.4149961465385967,0.5904358188068252,0.359375,1.0
1,0.1,4.5,0.02,64,1024,0.157421875,0.25416666666666665,0.8099984081879514,0.9455002078387216,0.8568487791912485,0.9516410071126826,0.203125,0.3125,0.412481464866152,0.587278370545293,0.375,1.0
1,0.1,4.5,0.05,64,1024,0.15546875,0.2529166666666667,0.8133851079552996,0.9525182525944691,0.8618039038029098,0.9523748621558991,0.203125,0.3125,0.4052570925034371,0.5774495098199435,0.375,1.0
1,0.1,4.5,0.1,64,1024,0.149609375,0.24875,0.8230887441718788,0.9543072597524537,0.8694698181632908,0.9538163564755352,0.1962890625,0.3125,0.3939232411965046,0.5624067685398304,0.375,1.0
1,0.1,4.5,0.2,64,1024,0.14361979166666666,0.23625000000000002,0.8345523569735994,0.9570226724984381,0.8834440529090981,0.9572788655163694,0.1923828125,0.3125,0.3720349087701488,0.5344631185212524,0.421875,1.0
1,0.1,5.0,0.0,64,1024,0.16243489583333334,0.25416666666666665,0.8002575126668445,0.9427917164702782,0.8450316293827916,0.945669880257576,0.2080078125,0.3125,0.42942593460531003,0.6092198613551714,0.328125,1.0
1,0.1,5.0,0.01,64,1024,0.1609375,0.25416666666666665,0.8028466859547555,0.9427917164702782,0.8467926541286686,0.9469727618186574,0.2060546875,0.3125,0.4268500114119382,0.6063773096321938,0.34375,1.0
1,0.1,5.0,0.02,64,1024,0.15989583333333332,0.25416666666666665,0.8045936958405996,0.9427917164702782,0.8485180155618579,0.9486210001517124,0.20703125,0.3125,0.4243183804809336,0.6034705818106324,0.34375,1.0
1,0.1,5.0,0.05,64,1024,0.15833333333333333,0.25416666666666665,0.808356467912275,0.9455002078387216,0.8534912647708023,0.9513523449782146,0.205078125,0.3125,0.41704111916531494,0.5943948780647932,0.359375,1.0
1,0.1,5.0,0.1,64,1024,0.15520833333333334,0.2529166666666667,0.8133292872903658,0.9525182525944691,0.8611939892442496,0.9525338772108155,0.2001953125,0.3125,0.4057348523553996,0.5795217669933023,0.375,1.0
1,0.1,5.0,0.2,64,1024,0.14830729166666667,0.24458333333333335,0.8255269341843372,0.9556848112379281,0.8750774067894445,0.9559839444990487,0.1953125,0.3125,0.38483971930528127,0.5507052618165889,0.40625,1.0
1,0.1,5.5,0.0,64,1024,0.1650390625,0.2570833333333334,0.7939204730490613,0.9427917164702782,0.8374792147624582,0.9412351651817603,0.2109375,0.3125,0.4400282222266903,0.6209022829913577,0.3125,1.0
1,0.1,5.5,0.01,64,1024,0.1646484375,0.25416666666666665,0.7940674673428825,0.9427917164702782,0.8392182428371403,0.9430550916102841,0.208984375,0.3125,0.43757629615194577,0.6185842673463515,0.328125,1.0
1,0.1,5.5,0.02,64,1024,0.16328125,0.25416666666666665,0.7962918908535874,0.9427917164702782,0.8409257374112687,0.9444910845493728,0.208984375,0.3125,0.43514861596386156,0.6162020589254928,0.328125,1.0
1,0.1,5.5,0.05,64,1024,0.16106770833333334,0.25416666666666665,0.8022797209790313,0.9427917164702782,0.845866104517131,0.948093142770536,0.20703125,0.3125,0.42796816048614494,0.6086905889861218,0.34375,1.0
1,0.1,5.5,0.1,64,1024,0.15859375,0.25416666666666665,0.8078047115153808,0.9455002078387216,0.8535507674962585,0.9515844281697325,0.205078125,0.3125,0.4166780158598076,0.595076588652769,0.375,1.0
1,0.1,5.5,0.2,64,1024,0.1515625,0.24875,0.8196703782626708,0.9543072597524537,0.8673604151497154,0.9543582099632565,0.1962890625,0.3125,0.39615016829612165,0.5672691074107232,0.375,1.0
1,0.1,6.0,0.0,64,1024,0.1673828125,0.2570833333333334,0.7888982872538682,0.9423134523820857,0.8306492080812512,0.9358504879216177,0.21875,0.375,0.44928445221509894,0.6305346194836623,0.296875,1.0
1,0.1,6.0,0.01,64,1024,0.16712239583333333,0.2570833333333334,0.7892661973696362,0.9423134523820857,0.8323535358648217,0.9377163423566987,0.2177734375,0.3562500000000002,0.44692888326009444,0.6285108978814395,0.296875,1.0
1,0.1,6.0,0.02,64,1024,0.16510416666666666,0.2570833333333334,0.7923948323160569,0.9425509950512371,0.8340301526365727,0.9395212379571114,0.2158203125,0.3125,0.4446260865855768,0.6264245063150736,0.296875,1.0
1,0.1,6.0,0.05,64,1024,0.163671875,0.25416666666666665,0.7956432340453523,0.9427917164702782,0.8388984333984962,0.9444468320318594,0.2099609375,0.3125,0.43782130377119266,0.6198025723725108,0.328125,1.0
1,0.1,6.0,0.1,64,1024,0.1609375,0.25416666666666665,0.8028576378556609,0.9427917164702782,0.8465113959469692,0.9503170536382837,0.205078125,0.3125,0.42682831010887134,0.6082667685057906,0.34375,1.0
1,0.1,6.0,0.2,64,1024,0.15546875,0.24875,0.8129554760487641,0.9455002078387216,0.8602201438033439,0.9529074925664174,0.2001953125,0.3125,0.406466199162834,0.5827425315430577,0.375,1.0
1,0.1,6.5,0.0,64,1024,0.16829427083333334,0.25833333333333336,0.7871888963803255,0.9423134523820857,0.8244803250333428,0.9314093791055871,0.22265625,0.375,0.45766599482818326,0.6380750925312975,0.28125,1.0
1,0.1,6.5,0.01,64,1024,0.16829427083333334,0.25833333333333336,0.7875333715969702,0.9423134523820857,0.82614146932301,0.9326851617171984,0.2216796875,0.375,0.4553373508777676,0.6364388572088636,0.28125,1.0
1,0.1,6.5,0.02,64,1024,0.16751302083333333,0.2570833333333334,0.7881854862796698,0.9425509950512371,0.8277783458492879,0.934487223486454,0.220703125,0.375,0.4530742836810341,0.6347448693875508,0.28125,1.0
1,0.1,6.5,0.05,64,1024,0.165625,0.2570833333333334,0.791395724833639,0.9425509950512371,0.8325464765202799,0.9396615077614352,0.21875,0.375,0.4464654962741039,0.6293237943514642,0.296875,1.0
1,0.1,6.5,0.1,64,1024,0.16354166666666667,0.25416666666666665,0.7967194051506288,0.9427917164702782,0.8400432992836909,0.9461558857136656,0.20703125,0.3125,0.4359894191906426,0.6192141388708848,0.34375,1.0
1,0.1,6.5,0.2,64,1024,0.15768229166666667,0.24875,0.8090390717677447,0.9455002078387216,0.8536067592500308,0.9520272074367273,0.2041015625,0.3125,0.41613531877488563,0.5961886515985951,0.359375,1.0
1,0.1,7.0,0.0,64,1024,0.17076822916666667,0.25833333333333336,0.783664211823255,0.9403587443946186,0.81890819603825,0.9280323799401783,0.2265625,0.375,0.4652194718099731,0.6465682273251276,0.28125,1.0
1,0.1,7.0,0.01,64,1024,0.17063802083333332,0.25833333333333336,0.7837560920828639,0.9403587443946186,0.8205209990825761,0.9293488258285206,0.2255859375,0.375,0.4629552840185591,0.6442244793135575,0.28125,1.0
1,0.1,7.0,0.02,64,1024,0.16946614583333333,0.25833333333333336,0.7852138257348323,0.9408074894984388,0.8221125696823378,0.9306196123332662,0.224609375,0.375,0.4607284089919018,0.6418079861408407,0.28125,1.0
1,0.1,7.0,0.05,64,1024,0.166796875,0.2570833333333334,0.7891119144449118,0.9425509950512371,0.8267618744727627,0.934964684815572,0.220703125,0.375,0.45428877583690924,0.6366411473661354,0.296875,1.0
1,0.1,7.0,0.1,64,1024,0.164453125,0.2570833333333334,0.7934308519175172,0.9427917164702782,0.8341092064351984,0.9427474008409105,0.216796875,0.3562500000000002,0.44411876876921486,0.628266290938745,0.3125,1.0
1,0.1,7.0,0.2,64,1024,0.16028645833333333,0.25416666666666665,0.8033451309716385,0.9432103143705772,0.8474811576433154,0.9511721273210793,0.205078125,0.3125,0.4250348980628753,0.6081031276211163,0.34375,1.0
1,0.1,7.5,0.0,64,1024,0.1716796875,0.26666666666666666,0.781045082663481,0.9422081804593014,0.8138694362361247,0.9262593070900005,0.2265625,0.375,0.472028229744522,0.6535895658021903,0.28125,1.0
1,0.1,7.5,0.01,64,1024,0.17115885416666668,0.26666666666666666,0.7823857934743258,0.9422081804593014,0.8154312865049739,0.9269543174535666,0.2275390625,0.375,0.46985619673167706,0.6516285674142879,0.28125,1.0
1,0.1,7.5,0.02,64,1024,0.17102864583333333,0.2654166666666667,0.7833921560723951,0.9403587443946186,0.8169745303854771,0.9276170779231825,0.2265625,0.375,0.46769270434162563,0.6495998572976033,0.28125,1.0
1,0.1,7.5,0.05,64,1024,0.16888020833333334,0.25833333333333336,0.7858705876426294,0.9425509950512371,0.8214938181453773,0.9310813637985674,0.2255859375,0.375,0.4613779637818226,0.6431181915386414,0.28125,1.0
1,0.1,7.5,0.1,64,1024,0.16653645833333333,0.2570833333333334,0.7901746346504528,0.9425509950512371,0.8286687039570425,0.9384125334106446,0.220703125,0.375,0.45148109621901694,0.6353537815574968,0.296875,1.0
1,0.1,7.5,0.2,64,1024,0.1625,0.25416666666666665,0.7987351960148064,0.9427917164702782,0.8418087655259775,0.9498957339400829,0.2060546875,0.3125,0.43308243629131427,0.618292272336296,0.34375,1.0
1,0.1,8.0,0.0,64,1024,0.17350260416666666,0.26958333333333334,0.7781764128001502,0.9422081804593014,0.8093041720583367,0.9249210168946034,0.2275390625,0.375,0.47814441887821163,0.6590911026367182,0.28125,1.0
1,0.1,8.0,0.01,64,1024,0.17272135416666667,0.26666666666666666,0.7795383420452815,0.9422081804593014,0.8108143400578686,0.9253313996852445,0.2275390625,0.375,0.47603613797135264,0.6574497130157367,0.28125,1.0
1,0.1,8.0,0.02,64,1024,0.17194010416666666,0.26666666666666666,0.780561000172924,0.9422081804593014,0.8123081393354488,0.925956253211865,0.2275390625,0.375,0.4739621052861667,0.6557462465613827,0.28125,1.0
1,0.1,8.0,0.05,64,1024,0.16979166666666667,0.26666666666666666,0.7839543194292923,0.9410450321675903,0.8166919630905306,0.9280674694750447,0.224609375,0.375,0.46785573421659177,0.6502697760051035,0.28125,1.0
1,0.1,8.0,0.1,64,1024,0.16861979166666666,0.25833333333333336,0.7867321974288712,0.9425509950512371,0.8236802282927158,0.934250145328792,0.224609375,0.375,0.45823999427370943,0.6409096431123764,0.28125,1.0
1,0.1,8.0,0.2,64,1024,0.16419270833333333,0.2570833333333334,0.7944838425824509,0.9427917164702782,0.8365568609640953,0.9464469042215161,0.21484375,0.3562500000000002,0.44037075333209835,0.6265117836579943,0.328125,1.0
1,0.5,0.0,0.0,64,1024,0.0,0.0,1.0,1.0000000000000002,1.0,1.0000000000000002,0.0,0.0,3.3729443956546765e-16,5.22621368271462e-16,1.0,1.0
1,0.5,0.0,0.01,64,1024,0.0,0.0,1.0,1.0000000000000002,1.0,1.0000000000000002,0.0,0.0,3.3729443956546765e-16,5.22621368271462e-16,1.0,1.0
1,0.5,0.0,0.02,64,1024,0.0,0.0,1.0,1.0000000000000002,1.0,1.0000000000000002,0.0,0.0,3.3729443956546765e-16,5.22621368271462e-16,1.0,1.0
1,0.5,0.0,0.05,64,1024,0.0,0.0,1.0,1.0000000000000002,1.0,1.0000000000000002,0.0,0.0,3.3729443956546765e-16,5.22621368271462e-16,1.0,1.0
1,0.5,0.0,0.1,64,1024,0.0,0.0,1.0,1.0000000000000002,1.0,1.0000000000000002,0.0,0.0,3.3729443956546765e-16,5.22621368271462e-16,1.0,1.0
1,0.5,0.0,0.2,64,1024,0.0,0.0,1.0,1.0000000000000002,1.0,1.0000000000000002,0.0,0.0,3.3729443956546765e-16,5.22621368271462e-16,1.0,1.0
1,0.5,0.5,0.0,64,1024,0.0796875,0.11541666666666668,0.9303107304522827,0.9804262640676329,0.9714091841337718,0.9884164743660969,0.1142578125,0.1875,0.1847190240387444,0.25095608536299824,0.765625,1.0
1,0.5,0.5,0.01,64,1024,0.07434895833333334,0.10833333333333334,0.9378619232467386,0.987246482985807,0.9762394787032068,0.9899206383931592,0.1044921875,0.1875,0.16785934702358468,0.22551901831944754,0.765625,1.0
1,0.5,0.5,0.02,64,1024,0.06979166666666667,0.10833333333333334,0.9432061344490604,0.9880381874411727,0.979252809153744,0.9910731337939431,0.091796875,0.1875,0.15647300082525673,0.20837822356409147,0.78125,1.0
1,0.5,0.5,0.05,64,1024,0.06276041666666667,0.10708333333333335,0.950351126861917,0.9896219872598945,0.984842961594232,0.9933111211715374,0.080078125,0.1875,0.13301012802981255,0.17642922570929068,0.8125,1.0
1,0.5,0.5,0.1,64,1024,0.05234375,0.09166666666666666,0.9612035022912128,0.9944834627504456,0.9897156654526467,0.9955392939405908,0.0625,0.1875,0.10893904277403813,0.14596574175231114,0.828125,1.0
1,0.5,0.5,0.2,64,1024,0.04010416666666666,0.075,0.9741642625296184,0.9960645596426255,0.9941268186967234,0.9976144348127078,0.0498046875,0.125,0.08174953570703312,0.11148376969512036,0.859375,1.0
1,0.5,1.0,0.0,64,1024,0.10494791666666667,0.15291666666666667,0.8948381896389148,0.9713519504347463,0.9389078659305765,0.9719815013336313,0.1630859375,0.3125,0.27379456279457853,0.36966739503541485,0.65625,1.0
1,0.5,1.0,0.01,64,1024,0.10247395833333334,0.15291666666666667,0.8988667430216747,0.9717804281392917,0.9429086182905593,0.9734279417066526,0.1591796875,0.2937500000000002,0.264148933719003,0.35747894457269486,0.65625,1.0
1,0.5,1.0,0.02,64,1024,0.09986979166666667,0.15,0.9030112092206439,0.9731144944870037,0.9465264717018367,0.9747735697128653,0.1552734375,0.25,0.25515133381487115,0.346010676955893,0.703125,1.0
1,0.5,1.0,0.05,64,1024,0.09322916666666667,0.14875000000000002,0.9118615553040613,0.9783332567741181,0.9555290643568687,0.9790294956916473,0.140625,0.25,0.23148099289572324,0.3157855747093469,0.71875,1.0
1,0.5,1.0,0.1,64,1024,0.08411458333333334,0.13208333333333336,0.9244017046015361,0.9808815282105752,0.9661876230591715,0.9853138415056477,0.119140625,0.23125000000000018,0.20040248419093754,0.27625477486777067,0.734375,1.0
1,0.5,1.0,0.2,64,1024,0.07109375,0.11541666666666668,0.9406499164732074,0.9880381874411727,0.9785925980584755,0.9920096328902058,0.0908203125,0.1875,0.15781319048373743,0.22274171850818925,0.75,1.0
1,0.5,1.5,0.0,64,1024,0.11770833333333333,0.1891666666666667,0.8755121313299264,0.9670665885068142,0.9171404119744824,0.9638237801315701,0.1796875,0.3125,0.3208314345363692,0.44648659768917315,0.640625,1.0
1,0.5,1.5,0.01,64,1024,0.11614583333333334,0.1879166666666667,0.8773838802573038,0.9681769170309182,0.9196415781322462,0.9649508540035113,0.17578125,0.3125,0.3156806866217536,0.43913242660884194,0.640625,1.0
1,0.5,1.5,0.02,64,1024,0.11471354166666667,0.1879166666666667,0.8793330619784075,0.9681769170309182,0.9222294632493274,0.9661899653487486,0.173828125,0.3125,0.31024061071816794,0.43178886472604,0.640625,1.0
1,0.5,1.5,0.05,64,1024,0.11223958333333334,0.1879166666666667,0.884256000951526,0.9681769170309182,0.9299440277064832,0.9700714985393251,0.169921875,0.3125,0.29346943074820375,0.4101271736230785,0.65625,1.0
1,0.5,1.5,0.1,64,1024,0.10572916666666667,0.16958333333333334,0.8956532858780635,0.9715651829348834,0.9415135213860155,0.9765012030300113,0.15625,0.25,0.26656357535049185,0.37621981769156454,0.671875,1.0
1,0.5,1.5,0.2,64,1024,0.090625,0.14875000000000002,0.9159216084441055,0.9791044776119404,0.9587078022706815,0.9851915323163385,0.1328125,0.25,0.22163341115239646,0.313902740802265,0.734375,1.0
1,0.5,2.0,0.0,64,1024,0.12591145833333334,0.20708333333333334,0.8636305197448518,0.9619198393881091,0.9011171460290198,0.9610126651969263,0.1845703125,0.3125,0.35106074024371564,0.4799663032364,0.625,1.0
1,0.5,2.0,0.01,64,1024,0.125,0.20583333333333337,0.8646464885375422,0.9634845438927416,0.9029292287454923,0.9617387757693149,0.1845703125,0.3125,0.34768049130583756,0.4762771316257729,0.625,1.0
1,0.5,2.0,0.02,64,1024,0.12447916666666667,0.20583333333333337,0.8654763248763019,0.9634845438927416,0.9048249988261374,0.9625222242116328,0.18359375,0.3125,0.3441329285021095,0.4726782180326412,0.625,1.0
1,0.5,2.0,0.05,64,1024,0.121875,0.2029166666666667,0.8689463103630787,0.9634845438927416,0.9108164809461587,0.9650830382470093,0.1787109375,0.3125,0.3325777999307417,0.4605906227986782,0.625,1.0
1,0.5,2.0,0.1,64,1024,0.11809895833333334,0.20041666666666672,0.8755749975280629,0.966999750866306,0.9209870085698255,0.9698002343118869,0.1728515625,0.3125,0.31188198089437263,0.43782453089073997,0.625,1.0
1,0.5,2.0,0.2,64,1024,0.10729166666666666,0.18500000000000003,0.8928532112947072,0.9723112251064232,0.9390592343306835,0.9783137008596853,0.1533203125,0.25,0.27159138200508254,0.390729071631709,0.6875,1.0
1,0.5,2.5,0.0,64,1024,0.13125,0.21958333333333335,0.8556509951277256,0.9617486365786271,0.8880188440071958,0.9581512022851795,0.1875,0.3125,0.3743790898901149,0.5230632574018715,0.625,1.0
1,0.5,2.5,0.01,64,1024,0.13033854166666667,0.21958333333333335,0.8571790479674851,0.9617486365786271,0.8895764521494676,0.9586541941924106,0.1865234375,0.3125,0.37162732545401517,0.5175223492317654,0.625,1.0
1,0.5,2.5,0.02,64,1024,0.12994791666666666,0.21958333333333335,0.8583365053051407,0.9617486365786271,0.8911654778325127,0.9591914626043673,0.1875,0.3125,0.36881618147434186,0.5119315678426579,0.609375,1.0
1,0.5,2.5,0.05,64,1024,0.127734375,0.21958333333333335,0.861826251112604,0.9656108229260215,0.8961204671802141,0.9609923924889352,0.1845703125,0.3125,0.35983854458718,0.49493753900239335,0.609375,1.0
1,0.5,2.5,0.1,64,1024,0.125390625,0.20708333333333334,0.864765034731336,0.9634845438927416,0.9047787793564996,0.964406932192567,0.1826171875,0.3125,0.34346060788606253,0.46995833329745296,0.625,1.0
1,0.5,2.5,0.2,64,1024,0.117578125,0.20041666666666672,0.8766667111101325,0.966999750866306,0.9217685024525734,0.9722240238802954,0.1708984375,0.3125,0.30934290728965724,0.43105673227759816,0.625,1.0
1,0.5,3.0,0.0,64,1024,0.13723958333333333,0.24125000000000008,0.8451830579704102,0.9604828797190519,0.87666855129218,0.9538194714118001,0.1943359375,0.3125,0.3934451740944298,0.5608977846811037,0.609375,1.0
1,0.5,3.0,0.01,64,1024,0.13671875,0.24125000000000008,0.8460866859189781,0.9604828797190519,0.878147112396083,0.955032311203152,0.1953125,0.3125,0.3909623042007147,0.557482040493229,0.609375,1.0
1,0.5,3.0,0.02,64,1024,0.1359375,0.24125000000000008,0.8478286993778874,0.9604828797190519,0.8796242198912545,0.9561743215751539,0.1943359375,0.3125,0.3884687747782201,0.5541391909846957,0.609375,1.0
1,0.5,3.0,0.05,64,1024,0.13372395833333334,0.22958333333333336,0.8519607016621122,0.9604828797190519,0.8840912713404387,0.9582813023600727,0.1904296875,0.3125,0.38077458284100185,0.5442846003281002,0.609375,1.0
1,0.5,3.0,0.1,64,1024,0.13033854166666667,0.21958333333333335,0.8575991811172105,0.9617486365786271,0.8917271832873684,0.9608641293574649,0.1865234375,0.3125,0.3671971014701725,0.5189647019925563,0.625,1.0
1,0.5,3.0,0.2,64,1024,0.12421875,0.2129166666666667,0.8668250090782577,0.9662529166616436,0.9071943408153518,0.9671487910813829,0.1796875,0.3125,0.33814141914525,0.46943406819914396,0.640625,1.0
1,0.5,3.5,0.0,64,1024,0.140625,0.25500000000000006,0.8389074198381105,0.9584298848522718,0.8665411965040775,0.9458974614511931,0.2001953125,0.3125,0.40992246523598946,0.5809027347160907,0.59375,1.0
1,0.5,3.5,0.01,64,1024,0.13997395833333334,0.25500000000000006,0.8399720936584545,0.9584298848522718,0.8680061763077372,0.947300380017352,0.1982421875,0.3125,0.40749289746356593,0.5780497542196535,0.59375,1.0
1,0.5,3.5,0.02,64,1024,0.139453125,0.25500000000000006,0.8415022829534194,0.9584298848522718,0.8694533311657957,0.9490253265093568,0.1962890625,0.3125,0.4050816408023172,0.5755467857018028,0.59375,1.0
1,0.5,3.5,0.05,64,1024,0.137890625,0.24958333333333343,0.8437949413282796,0.9604828797190519,0.8737293378040785,0.9523798655540456,0.1953125,0.3125,0.39793628613824394,0.5683366739796043,0.609375,1.0
1,0.5,3.5,0.1,64,1024,0.13515625,0.24125000000000008,0.8481823197271736,0.9604828797190519,0.8807950052216618,0.9579545031065949,0.1953125,0.3125,0.3859939521169757,0.5528894321422487,0.609375,1.0
1,0.5,3.5,0.2,64,1024,0.12903645833333333,0.21958333333333335,0.860145958601681,0.9670665885068142,0.8949595741281771,0.9631818466477327,0.1845703125,0.3125,0.360791457988081,0.517963021537892,0.625,1.0
1,0.5,4.0,0.0,64,1024,0.1470703125,0.25500000000000006,0.8279295832707722,0.951060606060606,0.8573745703051777,0.9405960358165715,0.212890625,0.3125,0.42443392496917215,0.5989149458282546,0.578125,1.0
1,0.5,4.0,0.01,64,1024,0.14583333333333334,0.25500000000000006,0.8297690899850382,0.951060606060606,0.8588465199143674,0.9412429942956348,0.2109375,0.3125,0.42208458679170546,0.5968087912935789,0.578125,1.0
1,0.5,4.0,0.02,64,1024,0.14453125,0.25500000000000006,0.8323190953974614,0.951060606060606,0.8602933389324476,0.9418524916543445,0.208984375,0.3125,0.41975557408701625,0.5946888125290365,0.59375,1.0
1,0.5,4.0,0.05,64,1024,0.14114583333333333,0.25500000000000006,0.8376089486013066,0.9575401069518718,0.86451355397982,0.9439280236859505,0.2041015625,0.3125,0.4128668124617677,0.587034928518024,0.59375,1.0
1,0.5,4.0,0.1,64,1024,0.13880208333333333,0.25500000000000006,0.8424510161646434,0.9604828797190519,0.8713001790128934,0.951076459942534,0.1953125,0.3125,0.40156466209333697,0.5741171871053842,0.59375,1.0
1,0.5,4.0,0.2,64,1024,0.133984375,0.24125000000000008,0.8506080259799257,0.9604828797190519,0.8845375792905867,0.9604605776738198,0.1923828125,0.3125,0.37902976982420344,0.5462339174447388,0.625,1.0
1,0.5,4.5,0.0,64,1024,0.15084635416666667,0.2491666666666667,0.8220469505007305,0.9501314025207831,0.8490226571641886,0.9358489422558426,0.216796875,0.3125,0.43706054910933306,0.6130943409881978,0.578125,1.0
1,0.5,4.5,0.01,64,1024,0.14973958333333334,0.2491666666666667,0.8236580141732723,0.9501314025207831,0.8505031560641594,0.9377034492528497,0.2158203125,0.3125,0.4347837774741687,0.6109024171441477,0.578125,1.0
1,0.5,4.5,0.02,64,1024,0.149609375,0.2491666666666667,0.8238671546119081,0.9499221422371645,0.8519559913531166,0.9384616794545871,0.2158203125,0.3125,0.43253035453278144,0.6087326467419515,0.578125,1.0
1,0.5,4.5,0.05,64,1024,0.14700520833333333,0.25500000000000006,0.8269316231026731,0.9499221422371645,0.8561697016608428,0.9404837384212449,0.2109375,0.3125,0.42595418715702665,0.6023308080555496,0.578125,1.0
1,0.5,4.5,0.1,64,1024,0.1421875,0.25500000000000006,0.8356980335313847,0.9531818181818182,0.8628341138234696,0.9433076881078489,0.20703125,0.3125,0.4152420584300854,0.592104137781562,0.59375,1.0
1,0.5,4.5,0.2,64,1024,0.13658854166666667,0.2525000000000001,0.8457807288096278,0.9604828797190519,0.8754734022294488,0.9543106073481402,0.193359375,0.3125,0.39417238635395174,0.5674567750410765,0.59375,1.0
1,0.5,5.0,0.0,64,1024,0.1541015625,0.2570833333333334,0.8162009668712377,0.94815353453513,0.841394368838188,0.9316041974290005,0.220703125,0.3125,0.4483044209671872,0.6265827659930521,0.5625,1.0
1,0.5,5.0,0.01,64,1024,0.15338541666666666,0.2570833333333334,0.816786900742663,0.9497051959908455,0.8428770063396603,0.9324757596796165,0.220703125,0.3125,0.4460604467118438,0.6243673517848836,0.5625,1.0
1,0.5,5.0,0.02,64,1024,0.153125,0.25416666666666665,0.8174363229943717,0.9497051959908455,0.8443320516896621,0.9333019518558611,0.21875,0.3125,0.4438615424530103,0.6221673345501777,0.5625,1.0
1,0.5,5.0,0.05,64,1024,0.15052083333333333,0.25166666666666665,0.8211239548905458,0.9501314025207831,0.8485459993042195,0.9371510531015796,0.216796875,0.3125,0.4374634302177097,0.6156503589722676,0.5625,1.0
1,0.5,5.0,0.1,64,1024,0.14739583333333334,0.2491666666666667,0.8265845657396904,0.9499221422371645,0.8551575968533689,0.9404540177839612,0.2109375,0.3125,0.42718723130115044,0.6054983325825947,0.578125,1.0
1,0.5,5.0,0.2,64,1024,0.14088541666666668,0.25500000000000006,0.8388838619731391,0.9575401069518718,0.8674302367033435,0.9476980186171057,0.2001953125,0.3125,0.4073160448789336,0.5834864565207676,0.59375,1.0
1,0.5,5.5,0.0,64,1024,0.1568359375,0.2629166666666667,0.8115170798205379,0.94815353453513,0.8344247990949238,0.9282877879517806,0.2275390625,0.3562500000000002,0.4583750995134157,0.6384677256883762,0.546875,1.0
1,0.5,5.5,0.01,64,1024,0.1560546875,0.2629166666666667,0.8125049346543494,0.94815353453513,0.835900323925796,0.9292724708236683,0.2265625,0.3562500000000002,0.45616751897067026,0.6363593512547685,0.546875,1.0
1,0.5,5.5,0.02,64,1024,0.15559895833333334,0.2629166666666667,0.8135847757004313,0.94815353453513,0.8373497774739386,0.9301500004534219,0.2265625,0.3562500000000002,0.4540165671704565,0.634262107759627,0.5625,1.0
1,0.5,5.5,0.05,64,1024,0.15377604166666667,0.2570833333333334,0.8165346803125676,0.9497051959908455,0.8415511578262854,0.9327026821573531,0.220703125,0.3125,0.44774850605417316,0.6280378082265989,0.5625,1.0
1,0.5,5.5,0.1,64,1024,0.15065104166666668,0.25166666666666665,0.8203810573154043,0.9501314025207831,0.8481285063028402,0.9375165979101399,0.2177734375,0.3125,0.437796239652633,0.6178613403634817,0.5625,1.0
1,0.5,5.5,0.2,64,1024,0.14388020833333334,0.25500000000000006,0.8321340847416808,0.9499221422371645,0.8601749242988593,0.9435883293428383,0.2080078125,0.3125,0.4188563096032253,0.5987579318094647,0.578125,1.0
1,0.5,6.0,0.0,64,1024,0.15729166666666666,0.2641666666666667,0.8102322307974884,0.9479128131160889,0.8280609343566082,0.9250835549807261,0.2314453125,0.3562500000000002,0.46742537455859534,0.6488500148092001,0.53125,1.0
1,0.5,6.0,0.01,64,1024,0.1568359375,0.2629166666666667,0.8111663183804814,0.94815353453513,0.8295198596576702,0.9261766635741603,0.23046875,0.3562500000000002,0.4652852121979619,0.6468613204970703,0.53125,1.0
1,0.5,6.0,0.02,64,1024,0.15696614583333332,0.2629166666666667,0.810972236197606,0.94815353453513,0.830955002386682,0.9272092966898148,0.2294921875,0.3562500000000002,0.463161699837499,0.6448783868255517,0.53125,1.0
1,0.5,6.0,0.05,64,1024,0.15638020833333333,0.2629166666666667,0.811799242764256,0.94815353453513,0.8351235855668673,0.9295378752838488,0.2275390625,0.3562500000000002,0.4569747701690996,0.6389706256944945,0.546875,1.0
1,0.5,6.0,0.1,64,1024,0.15390625,0.2570833333333334,0.8161693629081176,0.9497051959908455,0.841658401022569,0.9339009590498746,0.2197265625,0.3125,0.4473088461710227,0.6292752941740268,0.5625,1.0
1,0.5,6.0,0.2,64,1024,0.14739583333333334,0.2491666666666667,0.8265674291614248,0.9499221422371645,0.8535504641381265,0.9410357679766166,0.21484375,0.3125,0.4291096323665057,0.610391730490883,0.578125,1.0
1,0.5,6.5,0.0,64,1024,0.158984375,0.2700000000000001,0.807113335924769,0.9455466571619424,0.822254787730028,0.9219064514999662,0.23046875,0.3562500000000002,0.47565382825836555,0.657890607226747,0.53125,1.0
1,0.5,6.5,0.01,64,1024,0.15865885416666667,0.2700000000000001,0.8074325570343669,0.9462767212557817,0.8236886979048919,0.9230947011084913,0.2294921875,0.3562500000000002,0.4735483916207928,0.6560309332561446,0.53125,1.0
1,0.5,6.5,0.02,64,1024,0.15787760416666666,0.2700000000000001,0.8089604710288653,0.9479128131160889,0.8251014503527876,0.9242183129725854,0.228515625,0.3562500000000002,0.47146138959734607,0.6541716441055294,0.53125,1.0
1,0.5,6.5,0.05,64,1024,0.15638020833333333,0.2629166666666667,0.81144781143204,0.94815353453513,0.8292159650583278,0.9270949268520435,0.23046875,0.3562500000000002,0.46537776836607114,0.6486057092276315,0.53125,1.0
1,0.5,6.5,0.1,64,1024,0.15598958333333332,0.2629166666666667,0.8128196780318857,0.9490023098181178,0.8356877968346679,0.9305629639019026,0.2275390625,0.3562500000000002,0.4558758501988052,0.6394081414173128,0.546875,1.0
1,0.5,6.5,0.2,64,1024,0.15026041666666667,0.25416666666666665,0.820984551929517,0.9499221422371645,0.8474514339610151,0.9385794640800251,0.216796875,0.3125,0.43831338017504473,0.6213551935939353,0.5625,1.0
1,0.5,7.0,0.0,64,1024,0.16048177083333334,0.2700000000000001,0.8047557790052433,0.9455466571619424,0.8169605574522729,0.9187053989835614,0.23046875,0.3562500000000002,0.4829845784478894,0.6657404747744953,0.5,1.0
1,0.5,7.0,0.01,64,1024,0.160546875,0.2700000000000001,0.804637261445677,0.9455466571619424,0.8183626719004848,0.9199830214261544,0.23046875,0.3562500000000002,0.48099423649870787,0.6640146979056945,0.5,1.0
1,0.5,7.0,0.02,64,1024,0.16009114583333334,0.2700000000000001,0.80558652143952,0.9455466571619424,0.8197463127429029,0.9211933409555809,0.23046875,0.3562500000000002,0.4790133441393919,0.6622844959002573,0.5,1.0
1,0.5,7.0,0.05,64,1024,0.15833333333333333,0.2700000000000001,0.807856522603424,0.9479128131160889,0.8237876664446858,0.9244656686842162,0.2294921875,0.3562500000000002,0.47313201061337745,0.6570783394417592,0.53125,1.0
1,0.5,7.0,0.1,64,1024,0.156640625,0.2629166666666667,0.811011472287805,0.94815353453513,0.8301724822187503,0.92752010577289,0.23046875,0.3562500000000002,0.4636800771629601,0.6484022012541196,0.53125,1.0
1,0.5,7.0,0.2,64,1024,0.15364583333333334,0.2570833333333334,0.8163796495262003,0.9499120902160519,0.8418057605786601,0.9362466599256359,0.220703125,0.3125,0.4465983601233516,0.6312477137516997,0.546875,1.0
1,0.5,7.5,0.0,64,1024,0.16217447916666666,0.2725,0.802135228727002,0.9418209309573978,0.8121338707373817,0.9159414814538352,0.2314453125,0.3562500000000002,0.48957159292879737,0.6725418446524548,0.5,1.0
1,0.5,7.5,0.01,64,1024,0.16158854166666667,0.2700000000000001,0.8035966876099876,0.9418209309573978,0.8134991711295376,0.9170056221123201,0.2314453125,0.3562500000000002,0.4876254927978626,0.6709505328096497,0.5,1.0
1,0.5,7.5,0.02,64,1024,0.16100260416666667,0.2700000000000001,0.8041327585215405,0.9455466571619424,0.8148485706983852,0.918151005037721,0.2314453125,0.3562500000000002,0.48571426901792414,0.6693508098853768,0.5,1.0
1,0.5,7.5,0.05,64,1024,0.16015625,0.2700000000000001,0.8050845378349814,0.9471827490222495,0.8188012555571647,0.9216530590499153,0.2314453125,0.3562500000000002,0.480111182631948,0.6645123833158538,0.5,1.0
1,0.5,7.5,0.1,64,1024,0.15755208333333334,0.26875000000000004,0.8094414547472029,0.9479128131160889,0.8250761694146385,0.9257200520931301,0.228515625,0.3562500000000002,0.4709850336357457,0.656375505183075,0.53125,1.0
1,0.5,7.5,0.2,64,1024,0.15520833333333334,0.2629166666666667,0.8143544209177457,0.9499120902160519,0.8365622866765733,0.9321369302624802,0.2275390625,0.3562500000000002,0.45412547431358047,0.6401123708327634,0.546875,1.0
1,0.5,8.0,0.0,64,1024,0.1634765625,0.2725,0.8000564627016562,0.9418209309573978,0.8077319671371089,0.9134369644249832,0.232421875,0.3562500000000002,0.49552116137575064,0.6784271100926901,0.5,1.0
1,0.5,8.0,0.01,64,1024,0.16256510416666667,0.2700000000000001,0.8010501184680392,0.9418209309573978,0.8090570826880475,0.9145335490225613,0.2314453125,0.3562500000000002,0.49367866050006515,0.6769672516384116,0.5,1.0
1,0.5,8.0,0.02,64,1024,0.162109375,0.2700000000000001,0.8016412764632171,0.9418209309573978,0.810368662917658,0.9155839522182612,0.2314453125,0.3562500000000002,0.49183980820176104,0.6754958906742826,0.5,1.0
1,0.5,8.0,0.05,64,1024,0.16126302083333333,0.2700000000000001,0.8039120233094106,0.9418209309573978,0.814221120060176,0.9188245704017813,0.2314453125,0.3562500000000002,0.4863789626098992,0.6710234599106693,0.5,1.0
1,0.5,8.0,0.1,64,1024,0.15950520833333334,0.2700000000000001,0.8063800367633379,0.9471827490222495,0.8203667266489251,0.9239256915497618,0.232421875,0.3562500000000002,0.47763546806021795,0.6634330104991453,0.515625,1.0
1,0.5,8.0,0.2,64,1024,0.15611979166666667,0.2629166666666667,0.8117601703989459,0.9497051959908455,0.8316827005423817,0.9290843034193117,0.228515625,0.3562500000000002,0.46105292809624665,0.6480680616119302,0.546875,1.0
1,1.0,0.0,0.0,64,1024,0.0,0.0,1.0,1.0000000000000002,1.0,1.0000000000000002,0.0,0.0,3.3729443956546765e-16,5.22621368271462e-16,1.0,1.0
1,1.0,0.0,0.01,64,1024,0.0,0.0,1.0,1.0000000000000002,1.0,1.0000000000000002,0.0,0.0,3.3729443956546765e-16,5.22621368271462e-16,1.0,1.0
1,1.0,0.0,0.02,64,1024,0.0,0.0,1.0,1.0000000000000002,1.0,1.0000000000000002,0.0,0.0,3.3729443956546765e-16,5.22621368271462e-16,1.0,1.0
1,1.0,0.0,0.05,64,1024,0.0,0.0,1.0,1.0000000000000002,1.0,1.0000000000000002,0.0,0.0,3.3729443956546765e-16,5.22621368271462e-16,1.0,1.0
1,1.0,0.0,0.1,64,1024,0.0,0.0,1.0,1.0000000000000002,1.0,1.0000000000000002,0.0,0.0,3.3729443956546765e-16,5.22621368271462e-16,1.0,1.0
1,1.0,0.0,0.2,64,1024,0.0,0.0,1.0,1.0000000000000002,1.0,1.0000000000000002,0.0,0.0,3.3729443956546765e-16,5.22621368271462e-16,1.0,1.0
1,1.0,0.5,0.0,64,1024,0.06705729166666667,0.10833333333333334,0.9462895893332288,0.9873042335117864,0.9803516522421422,0.9928824957169514,0.0869140625,0.1875,0.15315956155864494,0.20765828374232218,0.796875,1.0
1,1.0,0.5,0.01,64,1024,0.06328125,0.10833333333333334,0.9506475863221155,0.9880381874411727,0.9823082319684459,0.99359240231453,0.08203125,0.1875,0.1451234329977937,0.1988778727118469,0.796875,1.0
1,1.0,0.5,0.02,64,1024,0.062239583333333334,0.10833333333333334,0.9513909207264767,0.990723825127278,0.9838787203328765,0.9941567095708347,0.0791015625,0.1875,0.13832830992838974,0.19172597542425762,0.796875,1.0
1,1.0,0.5,0.05,64,1024,0.055989583333333336,0.09875000000000002,0.9586088806711585,0.9925372869238119,0.9872957631258391,0.9954326532058727,0.072265625,0.1875,0.12235086030087731,0.17273138783548653,0.796875,1.0
1,1.0,0.5,0.1,64,1024,0.049479166666666664,0.08333333333333333,0.9656047503837711,0.9937794487240884,0.9907714336921268,0.9967211499710426,0.0634765625,0.125,0.10382066897008028,0.14650410350739723,0.8125,1.0
1,1.0,0.5,0.2,64,1024,0.039453125,0.075,0.9752205469781519,0.9962993106785081,0.9943436627731946,0.997994724589631,0.046875,0.125,0.08084153305757821,0.11330218107001745,0.828125,1.0
1,1.0,1.0,0.0,64,1024,0.09635416666666667,0.1516666666666667,0.9080833231689002,0.9731144944870037,0.9463982158686433,0.9790454131471462,0.150390625,0.25,0.2573972561376147,0.35543571571115357,0.71875,1.0
1,1.0,1.0,0.01,64,1024,0.09427083333333333,0.14583333333333334,0.9113909020135308,0.9756071625105815,0.9494122111346784,0.9803239260954834,0.14453125,0.25,0.24968735737954473,0.3461542845708756,0.71875,1.0
1,1.0,1.0,0.02,64,1024,0.093359375,0.14583333333333334,0.9128499932997776,0.9756071625105815,0.9521821198239673,0.9814898846745711,0.142578125,0.25,0.24241025107717198,0.3373627944250195,0.71875,1.0
1,1.0,1.0,0.05,64,1024,0.08736979166666667,0.1375,0.9207459322533272,0.9787878787878788,0.9592658872434606,0.9844313035837725,0.1259765625,0.25,0.2228524655762156,0.3133932705619267,0.71875,1.0
1,1.0,1.0,0.1,64,1024,0.08072916666666667,0.13208333333333336,0.9296223664335088,0.9850637549183406,0.9680351004491655,0.9879883584175748,0.111328125,0.23125000000000018,0.19631801220418382,0.27981227477914616,0.734375,1.0
1,1.0,1.0,0.2,64,1024,0.069140625,0.11666666666666667,0.9435498547461447,0.9880381874411727,0.978853392687657,0.9922446075975975,0.087890625,0.1875,0.15833588079604483,0.22764768075225408,0.75,1.0
1,1.0,1.5,0.0,64,1024,0.11471354166666667,0.1891666666666667,0.8817922825290426,0.966999750866306,0.9180623989848221,0.967547975942078,0.1708984375,0.25,0.3208383948109009,0.44521727484286333,0.671875,1.0
1,1.0,1.5,0.01,64,1024,0.11393229166666667,0.1891666666666667,0.8827677044514448,0.966999750866306,0.920744891474005,0.968769231907192,0.1689453125,0.25,0.31527417124313045,0.4378433525153493,0.671875,1.0
1,1.0,1.5,0.02,64,1024,0.112109375,0.18208333333333335,0.8863750536842169,0.966999750866306,0.9233842709850117,0.9699586921852307,0.16796875,0.25,0.30970235105453736,0.43053030791359015,0.6875,1.0
1,1.0,1.5,0.05,64,1024,0.10859375,0.18208333333333335,0.8918372803497121,0.9710583446404343,0.9309058437502932,0.9732862625142803,0.158203125,0.25,0.2932812444441459,0.4091474598578542,0.703125,1.0
1,1.0,1.5,0.1,64,1024,0.10286458333333333,0.16416666666666668,0.9003391391224023,0.9731144944870037,0.9418390204765988,0.9779677001894833,0.1513671875,0.25,0.26784301079509315,0.37597991406012554,0.71875,1.0
1,1.0,1.5,0.2,64,1024,0.08893229166666666,0.14166666666666666,0.9189751628993746,0.9786451485290311,0.9580655532756929,0.984592713147489,0.130859375,0.25,0.22559495378993077,0.3199890522440824,0.71875,1.0
1,1.0,2.0,0.0,64,1024,0.12434895833333333,0.20708333333333334,0.8665640308303256,0.9656108229260215,0.8967890860154354,0.9579625495656388,0.185546875,0.3125,0.3617375323163816,0.511079135115009,0.65625,1.0
1,1.0,2.0,0.01,64,1024,0.12356770833333333,0.20708333333333334,0.8680198684232081,0.9656108229260215,0.8989691819964603,0.9590165593750641,0.185546875,0.3125,0.35769045457085913,0.5052544862200009,0.65625,1.0
1,1.0,2.0,0.02,64,1024,0.12317708333333334,0.2029166666666667,0.8687359637344966,0.9656108229260215,0.9011686387407614,0.9600761347788219,0.1865234375,0.3125,0.35355337237004464,0.4993719079173664,0.65625,1.0
1,1.0,2.0,0.05,64,1024,0.12018229166666666,0.2029166666666667,0.872915797980059,0.966999750866306,0.907777262897891,0.9635479320182764,0.1806640625,0.3125,0.3408288316299037,0.48154881419698947,0.65625,1.0
1,1.0,2.0,0.1,64,1024,0.11549479166666667,0.19458333333333336,0.8800430514878363,0.966999750866306,0.9183862247177831,0.9686285854406829,0.1689453125,0.25,0.3194746273701636,0.45204353972421757,0.6875,1.0
1,1.0,2.0,0.2,64,1024,0.10572916666666667,0.18208333333333335,0.8957951991453394,0.9710583446404343,0.9365854095720072,0.9763278104415591,0.15234375,0.25,0.2796309825373833,0.39717214335636003,0.71875,1.0
1,1.0,2.5,0.0,64,1024,0.12994791666666666,0.21541666666666667,0.8594523115580953,0.959733371477728,0.8804561508671328,0.9492225978300177,0.189453125,0.3125,0.3904214501774129,0.5482863236880821,0.640625,1.0
1,1.0,2.5,0.01,64,1024,0.129296875,0.2141666666666667,0.8600079349523247,0.959733371477728,0.8822769420042736,0.9497106715790202,0.1884765625,0.3125,0.38729769191473323,0.5447455146119775,0.65625,1.0
1,1.0,2.5,0.02,64,1024,0.12916666666666668,0.2141666666666667,0.8604730498512254,0.959733371477728,0.8841199344955557,0.9502380287778424,0.1884765625,0.3125,0.3841050032501351,0.5410809849188647,0.65625,1.0
1,1.0,2.5,0.05,64,1024,0.12708333333333333,0.2141666666666667,0.8628632521167552,0.9619198393881091,0.8897459136565131,0.9523133414119331,0.1884765625,0.3125,0.37415793297547933,0.5294446066658116,0.65625,1.0
1,1.0,2.5,0.1,64,1024,0.123828125,0.20708333333333334,0.8679253778794939,0.9661822846557968,0.8992085216293301,0.957601870990373,0.1845703125,0.3125,0.35678689731467544,0.5065161479031947,0.65625,1.0
1,1.0,2.5,0.2,64,1024,0.11614583333333334,0.2029166666666667,0.8802514153306331,0.966999750866306,0.917060300763823,0.9664885496337374,0.171875,0.2937500000000002,0.3217426539395917,0.460533163571831,0.671875,1.0
1,1.0,3.0,0.0,64,1024,0.13723958333333333,0.22375,0.847863281719471,0.9569665358017759,0.867393380200482,0.9459548430853436,0.2060546875,0.3125,0.411977730552581,0.5784081772320012,0.640625,1.0
1,1.0,3.0,0.01,64,1024,0.13619791666666667,0.21958333333333335,0.8490024921318813,0.9569665358017759,0.8689881416510538,0.946765306672751,0.2060546875,0.3125,0.4093739525573178,0.5746094326040523,0.640625,1.0
1,1.0,3.0,0.02,64,1024,0.13515625,0.21958333333333335,0.8503655935654199,0.9569665358017759,0.8705949852737844,0.9473913840352018,0.205078125,0.3125,0.4067343401708407,0.5707483626647408,0.640625,1.0
1,1.0,3.0,0.05,64,1024,0.13294270833333333,0.21541666666666667,0.854397121517374,0.9606438418874397,0.8754872293274967,0.948670444379788,0.1982421875,0.3125,0.3985701292201717,0.5588315774614666,0.65625,1.0
1,1.0,3.0,0.1,64,1024,0.12890625,0.21541666666666667,0.8604274935122788,0.959733371477728,0.8838137133858587,0.9512183057210731,0.1884765625,0.3125,0.38427856180676495,0.5412889080230705,0.671875,1.0
1,1.0,3.0,0.2,64,1024,0.12239583333333333,0.20708333333333334,0.8700598709575458,0.966999750866306,0.9003463655343339,0.9577331334286624,0.18359375,0.2937500000000002,0.3542831775749726,0.5040873006750148,0.671875,1.0
1,1.0,3.5,0.0,64,1024,0.14114583333333333,0.24250000000000008,0.8408900495163613,0.9554605909131484,0.8565710788930766,0.9410346942064436,0.2138671875,0.3125,0.4290449530365518,0.6007338453490635,0.625,1.0
1,1.0,3.5,0.01,64,1024,0.14088541666666668,0.24250000000000008,0.841189474333016,0.9554605909131484,0.8580237255872666,0.9418197513090839,0.212890625,0.3125,0.426756733333525,0.5981746706448676,0.625,1.0
1,1.0,3.5,0.02,64,1024,0.14036458333333332,0.23541666666666672,0.84208780566951,0.9554605909131484,0.8594790981197714,0.9425999373577391,0.212890625,0.3125,0.4244620539153272,0.5955692835042753,0.625,1.0
1,1.0,3.5,0.05,64,1024,0.13854166666666667,0.22958333333333336,0.8452341996982237,0.9554605909131484,0.8638724517679777,0.9449208955162439,0.208984375,0.3125,0.4174766505908738,0.5874810736649899,0.640625,1.0
1,1.0,3.5,0.1,64,1024,0.135546875,0.22375,0.8500248733546434,0.9574873222958378,0.8713053307601536,0.948086781578934,0.203125,0.3125,0.4052992347812137,0.5709325441647811,0.65625,1.0
1,1.0,3.5,0.2,64,1024,0.12786458333333334,0.21541666666666667,0.8624206086025858,0.9633197358790992,0.8863451201297483,0.9529504854846135,0.1875,0.3125,0.37950040537141494,0.5365543358486193,0.671875,1.0
1,1.0,4.0,0.0,64,1024,0.14440104166666667,0.2562500000000001,0.8344651951845509,0.9565447737737477,0.8473588098796523,0.9363769190905789,0.2197265625,0.3125,0.443128206377668,0.6196555899768247,0.59375,1.0
1,1.0,4.0,0.01,64,1024,0.14361979166666666,0.2562500000000001,0.8359462710400005,0.9565447737737477,0.8487179386850495,0.9371799202646343,0.2177734375,0.3125,0.4410559002256881,0.6173037045839072,0.59375,1.0
1,1.0,4.0,0.02,64,1024,0.14309895833333333,0.2562500000000001,0.8368268723075766,0.9565447737737477,0.8500734502337264,0.9379699147998037,0.2177734375,0.3125,0.4389880979604242,0.6148705184403874,0.609375,1.0
1,1.0,4.0,0.05,64,1024,0.14153645833333334,0.2537500000000001,0.8395555168369316,0.9565447737737477,0.8541307734434541,0.9402782811343458,0.216796875,0.3125,0.43270938386498836,0.604880049816201,0.625,1.0
1,1.0,4.0,0.1,64,1024,0.13971354166666666,0.24125000000000008,0.8430353582674625,0.9565447737737477,0.8609127651855127,0.9439853016803861,0.2119140625,0.3125,0.42199200889041294,0.5929537954381441,0.625,1.0
1,1.0,4.0,0.2,64,1024,0.13450520833333332,0.21958333333333335,0.8516922374897837,0.9584298848522718,0.8746220071089853,0.9496262707189742,0.2001953125,0.3125,0.3994874270524335,0.56513057034759,0.65625,1.0
1,1.0,4.5,0.0,64,1024,0.14661458333333333,0.26125000000000004,0.8300209533729844,0.9574873222958378,0.8393544580476844,0.9330344020074118,0.2265625,0.3562500000000002,0.4551568231943799,0.632491753143889,0.609375,1.0
1,1.0,4.5,0.01,64,1024,0.14622395833333332,0.2570833333333334,0.8312425927393244,0.9574873222958378,0.8406480697178376,0.9334131103166287,0.224609375,0.3562500000000002,0.45319675579208596,0.6303980169178695,0.609375,1.0
1,1.0,4.5,0.02,64,1024,0.145703125,0.2570833333333334,0.8318917846408573,0.9574873222958378,0.84193421428099,0.9339390566381671,0.22265625,0.3562500000000002,0.4512392872945621,0.6282895555359483,0.609375,1.0
1,1.0,4.5,0.05,64,1024,0.14453125,0.2562500000000001,0.8340031902772369,0.9565447737737477,0.8457587844263768,0.9359536178261275,0.2216796875,0.3125,0.44540680871287563,0.6218602970378632,0.59375,1.0
1,1.0,4.5,0.1,64,1024,0.14283854166666668,0.2562500000000001,0.8373873895194914,0.9565447737737477,0.8520750141204028,0.9396162416583163,0.216796875,0.3125,0.43572927576228315,0.6107339816472183,0.59375,1.0
1,1.0,4.5,0.2,64,1024,0.1390625,0.24125000000000008,0.8439871471336072,0.9565447737737477,0.864705766050951,0.9465129233608572,0.208984375,0.3125,0.4157101648704165,0.5861630981682342,0.625,1.0
1,1.0,5.0,0.0,64,1024,0.15013020833333332,0.2629166666666667,0.8246747759791601,0.9425988102368587,0.8322893562710219,0.9309667523988849,0.228515625,0.3562500000000002,0.46552272177338777,0.6431855152943206,0.578125,1.0
1,1.0,5.0,0.01,64,1024,0.14986979166666667,0.2654166666666667,0.8252268436606746,0.9425988102368587,0.8335339484210866,0.9313642794846233,0.228515625,0.3562500000000002,0.4636629958242489,0.6412843565639479,0.59375,1.0
1,1.0,5.0,0.02,64,1024,0.14934895833333334,0.2654166666666667,0.8258709541098216,0.9479591211615819,0.8347688916910657,0.9317772059577988,0.228515625,0.3562500000000002,0.46182657117697,0.6393755597098808,0.59375,1.0
1,1.0,5.0,0.05,64,1024,0.14765625,0.26125000000000004,0.8289528376599181,0.9515671641791046,0.8384246706661972,0.9329448521815469,0.2275390625,0.3562500000000002,0.45636458187862544,0.6335907475473567,0.59375,1.0
1,1.0,5.0,0.1,64,1024,0.14518229166666666,0.2529166666666667,0.8330995077450692,0.9565447737737477,0.8444034270174732,0.9358240247860202,0.220703125,0.3125,0.4473014539491998,0.623690475359894,0.59375,1.0
1,1.0,5.0,0.2,64,1024,0.14140625,0.2537500000000001,0.8396011828106749,0.9565447737737477,0.8561945131502979,0.9423735396348843,0.2158203125,0.3125,0.4291096933267198,0.6026504538048396,0.609375,1.0
1,1.0,5.5,0.0,64,1024,0.151171875,0.26041666666666674,0.8212826635916061,0.9425988102368587,0.8259766065351698,0.9291949946810244,0.232421875,0.3562500000000002,0.47468267216583226,0.6522289120576823,0.578125,1.0
1,1.0,5.5,0.01,64,1024,0.151171875,0.26041666666666674,0.8216518413756658,0.9425988102368587,0.8271821718800108,0.9295034073545202,0.232421875,0.3562500000000002,0.4729148950272217,0.6504837219813914,0.578125,1.0
1,1.0,5.5,0.02,64,1024,0.151171875,0.2629166666666667,0.8217906951260289,0.9425988102368587,0.8283769572565555,0.9298037196720589,0.232421875,0.3562500000000002,0.4711526910045836,0.6487342188661798,0.578125,1.0
1,1.0,5.5,0.05,64,1024,0.15026041666666667,0.2629166666666667,0.8239329020108113,0.9425988102368587,0.831903620567214,0.9309422239635043,0.228515625,0.3562500000000002,0.46591010037078157,0.6434518365841868,0.578125,1.0
1,1.0,5.5,0.1,64,1024,0.148046875,0.26125000000000004,0.8278201324957108,0.9515671641791046,0.8376304057889958,0.9328720781146334,0.2275390625,0.3562500000000002,0.4573778563921908,0.6344865665159776,0.59375,1.0
1,1.0,5.5,0.2,64,1024,0.14348958333333334,0.2504166666666667,0.8358129862572404,0.9565447737737477,0.8487755279220369,0.9386042903778786,0.21875,0.3125,0.4404695500328435,0.6156726017212967,0.59375,1.0
1,1.0,6.0,0.0,64,1024,0.1525390625,0.2662500000000001,0.8197865416348038,0.9425988102368587,0.8202818473351017,0.9235825576285455,0.2373046875,0.3562500000000002,0.4827465406502895,0.6603225385443884,0.578125,1.0
1,1.0,6.0,0.01,64,1024,0.15208333333333332,0.2662500000000001,0.819962900576765,0.9425988102368587,0.8214545600201042,0.9252654715224895,0.2333984375,0.3562500000000002,0.48105304347439026,0.6586161154153476,0.578125,1.0
1,1.0,6.0,0.02,64,1024,0.151953125,0.26041666666666674,0.8203771131025629,0.9425988102368587,0.8226160203637491,0.9268928914023207,0.2333984375,0.3562500000000002,0.47937717992739637,0.656914140557388,0.578125,1.0
1,1.0,6.0,0.05,64,1024,0.15130208333333334,0.26041666666666674,0.8211438774692047,0.9425988102368587,0.8260383902916332,0.9289959072511054,0.2314453125,0.3562500000000002,0.47439309382853323,0.6518628117030221,0.578125,1.0
1,1.0,6.0,0.1,64,1024,0.15065104166666668,0.2629166666666667,0.8232429514586221,0.9425988102368587,0.8315693149864273,0.9309568326630233,0.228515625,0.3562500000000002,0.4662365476006522,0.6436457829254572,0.578125,1.0
1,1.0,6.0,0.2,64,1024,0.14609375,0.26125000000000004,0.8312736144733363,0.9515671641791046,0.842214660137202,0.9355991220403445,0.2236328125,0.3562500000000002,0.4503132044098856,0.6265865746927666,0.59375,1.0
1,1.0,6.5,0.0,64,1024,0.15462239583333334,0.27208333333333345,0.8160114334229868,0.9457069681179899,0.8151058026454043,0.9168584443043236,0.23828125,0.375,0.48998865656880086,0.667717158058564,0.546875,1.0
1,1.0,6.5,0.01,64,1024,0.1541015625,0.27208333333333345,0.8172390672759415,0.9425988102368587,0.8162494946756623,0.9179578843509976,0.2392578125,0.375,0.4883506283951535,0.6660983858357522,0.5625,1.0
1,1.0,6.5,0.02,64,1024,0.153515625,0.27208333333333345,0.8182280497501907,0.9425988102368587,0.8173818840795827,0.9192710065806976,0.23828125,0.375,0.48673719082167843,0.6644846125861271,0.578125,1.0
1,1.0,6.5,0.05,64,1024,0.15247395833333333,0.2662500000000001,0.8195950838770631,0.9425988102368587,0.8207155694488748,0.9241839840103993,0.236328125,0.3562500000000002,0.48193705611987303,0.6596687220808357,0.578125,1.0
1,1.0,6.5,0.1,64,1024,0.15130208333333334,0.26041666666666674,0.8211438774692047,0.9425988102368587,0.8260872147480711,0.9289684781416969,0.2314453125,0.3562500000000002,0.47415076435503445,0.6516940573884957,0.578125,1.0
1,1.0,6.5,0.2,64,1024,0.14869791666666668,0.2654166666666667,0.8264076375973881,0.9479512788602572,0.8363389085310001,0.9327540647713689,0.228515625,0.3562500000000002,0.45903217636151095,0.635882934726,0.59375,1.0
1,1.0,7.0,0.0,64,1024,0.15657552083333334,0.2662500000000001,0.8129862596869207,0.9407718802437518,0.810373310651065,0.912233785815107,0.2392578125,0.375,0.4965243139278306,0.6742890291055453,0.515625,1.0
1,1.0,7.0,0.01,64,1024,0.15579427083333333,0.27208333333333345,0.814348330875197,0.9407718802437518,0.811490324981647,0.9131684111695314,0.2392578125,0.375,0.4949604929349546,0.6727500782822082,0.53125,1.0
1,1.0,7.0,0.02,64,1024,0.1552734375,0.27208333333333345,0.8148331450610926,0.9457069681179899,0.8125962654945451,0.9142665949433287,0.23828125,0.375,0.4934011880847526,0.6712157683473395,0.53125,1.0
1,1.0,7.0,0.05,64,1024,0.15390625,0.27208333333333345,0.8172744748632854,0.9457069681179899,0.8158510356530011,0.9174310071115735,0.23828125,0.375,0.4887679998783802,0.6666387317678407,0.5625,1.0
1,1.0,7.0,0.1,64,1024,0.15234375,0.2662500000000001,0.8198253713382655,0.9425988102368587,0.8210871130970316,0.924691231099334,0.2353515625,0.3562500000000002,0.4812413308135664,0.6590779671385883,0.578125,1.0
1,1.0,7.0,0.2,64,1024,0.15078125,0.26041666666666674,0.823149508044318,0.9425988102368587,0.8310204134387251,0.9309971919841692,0.23046875,0.3562500000000002,0.4667486718368342,0.6440216480047037,0.578125,1.0
1,1.0,7.5,0.0,64,1024,0.15826822916666666,0.26875000000000004,0.8101931032621744,0.9402681584490298,0.8060261398760401,0.9087810292161644,0.2431640625,0.375,0.5024968969446781,0.6801604259316083,0.5,1.0
1,1.0,7.5,0.01,64,1024,0.15735677083333333,0.26875000000000004,0.811165180376538,0.9407718802437518,0.8071178544504107,0.9096945119413532,0.2431640625,0.375,0.5009695742455952,0.6786957569240821,0.5,1.0
1,1.0,7.5,0.02,64,1024,0.15735677083333333,0.26875000000000004,0.811165180376538,0.9407718802437518,0.8081989138251288,0.9105834270705548,0.2431640625,0.375,0.49945852454976936,0.6772349171450792,0.5,1.0
1,1.0,7.5,0.05,64,1024,0.15598958333333332,0.2662500000000001,0.8136910570446952,0.9407718802437518,0.8113807700391813,0.9131128668572885,0.2392578125,0.375,0.4949704639271047,0.672875296437427,0.515625,1.0
1,1.0,7.5,0.1,64,1024,0.153515625,0.27208333333333345,0.817898824924777,0.9425988102368587,0.816496495355479,0.9179793953969869,0.2373046875,0.375,0.48770475434934485,0.6656781516666033,0.578125,1.0
1,1.0,7.5,0.2,64,1024,0.1515625,0.26041666666666674,0.8209091114283921,0.9425988102368587,0.8261639035475521,0.9292093781987968,0.2314453125,0.3562500000000002,0.4737444034860222,0.6514224670952612,0.578125,1.0
1,1.0,8.0,0.0,64,1024,0.1591796875,0.26875000000000004,0.8088896858559146,0.9326655040427606,0.8020181517011683,0.9054505771404898,0.2470703125,0.375,0.507922034796515,0.6854296686301612,0.5,1.0
1,1.0,8.0,0.01,64,1024,0.1587890625,0.26875000000000004,0.8093561947934034,0.9326655040427606,0.8030853196756962,0.9063907265805443,0.2451171875,0.375,0.5064467444703444,0.6840348134923404,0.5,1.0
1,1.0,8.0,0.02,64,1024,0.15865885416666667,0.26875000000000004,0.8097858515504287,0.9326655040427606,0.8041423822291633,0.9073063900381843,0.244140625,0.375,0.5049949849550919,0.682642805338068,0.5,1.0
1,1.0,8.0,0.05,64,1024,0.15716145833333334,0.26875000000000004,0.811525873974387,0.9407718802437518,0.8072548755887984,0.9099152678770023,0.2431640625,0.375,0.500672171711447,0.6784850306207277,0.5,1.0
1,1.0,8.0,0.1,64,1024,0.15546875,0.27208333333333345,0.8144077268084556,0.9407718802437518,0.8122598385271803,0.913854059775198,0.2392578125,0.375,0.49360670438146065,0.671616998853525,0.53125,1.0
1,1.0,8.0,0.2,64,1024,0.151953125,0.2662500000000001,0.8201497333595618,0.9425988102368587,0.8216974732791366,0.9257358803531777,0.234375,0.3562500000000002,0.4800913280479203,0.6580503853456007,0.578125,1.0
1,3.0,0.0,0.0,64,1024,0.0,0.0,1.0,1.0000000000000002,1.0,1.0000000000000002,0.0,0.0,3.3729443956546765e-16,5.22621368271462e-16,1.0,1.0
1,3.0,0.0,0.01,64,1024,0.0,0.0,1.0,1.0000000000000002,1.0,1.0000000000000002,0.0,0.0,3.3729443956546765e-16,5.22621368271462e-16,1.0,1.0
1,3.0,0.0,0.02,64,1024,0.0,0.0,1.0,1.0000000000000002,1.0,1.0000000000000002,0.0,0.0,3.3729443956546765e-16,5.22621368271462e-16,1.0,1.0
1,3.0,0.0,0.05,64,1024,0.0,0.0,1.0,1.0000000000000002,1.0,1.0000000000000002,0.0,0.0,3.3729443956546765e-16,5.22621368271462e-16,1.0,1.0
1,3.0,0.0,0.1,64,1024,0.0,0.0,1.0,1.0000000000000002,1.0,1.0000000000000002,0.0,0.0,3.3729443956546765e-16,5.22621368271462e-16,1.0,1.0
1,3.0,0.0,0.2,64,1024,0.0,0.0,1.0,1.0000000000000002,1.0,1.0000000000000002,0.0,0.0,3.3729443956546765e-16,5.22621368271462e-16,1.0,1.0
1,3.0,0.5,0.0,64,1024,0.05325520833333333,0.08916666666666669,0.9623741106731215,0.9937412286858683,0.988947868450065,0.9967437966478317,0.0615234375,0.16875000000000018,0.11175060710993293,0.1703004658092271,0.78125,1.0
1,3.0,0.5,0.01,64,1024,0.051953125,0.08916666666666669,0.9638529448820669,0.9937412286858683,0.9896338177181252,0.9969212678780122,0.060546875,0.16875000000000018,0.10823508180206662,0.16455458006789692,0.796875,1.0
1,3.0,0.5,0.02,64,1024,0.05026041666666667,0.08333333333333333,0.9649640389510078,0.9955242918637541,0.9902467741022214,0.9970841012862655,0.0576171875,0.125,0.1049849682006419,0.15929191539628068,0.796875,1.0
1,3.0,0.5,0.05,64,1024,0.04609375,0.08333333333333333,0.9687101197593053,0.9955242918637541,0.9917567885193026,0.9975164461143537,0.0537109375,0.125,0.09648788358363772,0.14569330783298182,0.8125,1.0
1,3.0,0.5,0.1,64,1024,0.041015625,0.075,0.9735648952849374,0.9967586322444588,0.9935448206266062,0.9980533048233198,0.0498046875,0.125,0.08532383702423837,0.12808183026429407,0.8125,1.0
1,3.0,0.5,0.2,64,1024,0.033203125,0.0625,0.9806335858751791,0.998515634157932,0.9956810348129391,0.9987194874567552,0.0400390625,0.0625,0.06970035595270542,0.10474620012159953,0.8125,1.0
1,3.0,1.0,0.0,64,1024,0.08255208333333333,0.13333333333333333,0.9273435986363223,0.9850637549183406,0.9639272709380735,0.9881726432069381,0.111328125,0.25,0.20661196853193536,0.2989489045090796,0.734375,1.0
1,3.0,1.0,0.01,64,1024,0.08151041666666667,0.13333333333333333,0.9285684368292432,0.9850637549183406,0.9655849762562574,0.9887330369460239,0.109375,0.25,0.20164539591029068,0.2926329699957318,0.734375,1.0
1,3.0,1.0,0.02,64,1024,0.080078125,0.13333333333333333,0.930551492843429,0.9850637549183406,0.9671328725876602,0.9892798561082422,0.1064453125,0.25,0.1969043614361452,0.28656467829401644,0.734375,1.0
1,3.0,1.0,0.05,64,1024,0.07578125,0.1266666666666667,0.9361061881821355,0.9873042335117864,0.9712064274123124,0.9907142123376343,0.0986328125,0.23125000000000018,0.18389797318575868,0.26971557727696577,0.734375,1.0
1,3.0,1.0,0.1,64,1024,0.07018229166666666,0.12250000000000003,0.9427490840663779,0.9877828616451275,0.9765082590697695,0.992559192782153,0.087890625,0.1875,0.16558129565034332,0.2421130579926242,0.75,1.0
1,3.0,1.0,0.2,64,1024,0.061197916666666664,0.1141666666666667,0.9525185403595545,0.9926288497916103,0.9835358401190406,0.9949171961342045,0.0791015625,0.1875,0.13796880992057395,0.20292496146886257,0.78125,1.0
1,3.0,1.5,0.0,64,1024,0.10247395833333334,0.1754166666666667,0.9008154240586653,0.9745666918609013,0.9362982958614355,0.9774398888858518,0.158203125,0.25,0.2789633814383408,0.40063839008623275,0.71875,1.0
1,3.0,1.5,0.01,64,1024,0.10013020833333333,0.16708333333333336,0.9044133155126213,0.975068225628547,0.9384402389032935,0.9783030752979397,0.154296875,0.25,0.2739783272845897,0.39390229703437485,0.71875,1.0
1,3.0,1.5,0.02,64,1024,0.09830729166666667,0.15833333333333333,0.9068205158472386,0.9764005710236835,0.9404998989152429,0.9791247210364198,0.15234375,0.25,0.26911029993637187,0.3872954997325644,0.71875,1.0
1,3.0,1.5,0.05,64,1024,0.09583333333333333,0.15833333333333333,0.9094831234094619,0.9764005710236835,0.9462033628338018,0.9813578918946144,0.1484375,0.25,0.2552205852008411,0.368288038209478,0.71875,1.0
1,3.0,1.5,0.1,64,1024,0.090625,0.15291666666666667,0.9165689938966876,0.9787878787878788,0.9542703957343521,0.9844161951462154,0.13671875,0.25,0.23439739114678754,0.33937203113837744,0.71875,1.0
1,3.0,1.5,0.2,64,1024,0.08111979166666666,0.13333333333333333,0.9295806872346097,0.9797087094853083,0.966170984644346,0.9887321513289242,0.107421875,0.25,0.2003004373350086,0.28930519519903425,0.734375,1.0
1,3.0,2.0,0.0,64,1024,0.11614583333333334,0.1891666666666667,0.879997857935923,0.9661822846557968,0.9118491524172788,0.9666050789055862,0.1728515625,0.2937500000000002,0.3316670223181276,0.4686764316414127,0.6875,1.0
1,3.0,2.0,0.01,64,1024,0.11575520833333333,0.1891666666666667,0.8806234362324659,0.9661822846557968,0.9140348553722829,0.9675715020067922,0.171875,0.2937500000000002,0.3272305042716749,0.4629123096056581,0.6875,1.0
1,3.0,2.0,0.02,64,1024,0.11484375,0.18333333333333332,0.8821614139312314,0.9661822846557968,0.9161785296238835,0.9685099473898718,0.169921875,0.2937500000000002,0.3228367514271363,0.4571708996731257,0.6875,1.0
1,3.0,2.0,0.05,64,1024,0.11145833333333334,0.18208333333333335,0.8879096688601422,0.9667930211517406,0.9223372348022489,0.9712827499656608,0.1630859375,0.2937500000000002,0.30997580355582816,0.44016655795106335,0.6875,1.0
1,3.0,2.0,0.1,64,1024,0.10546875,0.18208333333333335,0.8953947868463287,0.9707792393927588,0.9316375595729521,0.9753395955880076,0.15625,0.25,0.28969642009768737,0.412920212035787,0.6875,1.0
1,3.0,2.0,0.2,64,1024,0.09635416666666667,0.16416666666666668,0.909964226654839,0.9764005710236835,0.9467269232485765,0.9814693800187787,0.1494140625,0.25,0.2539985816398686,0.3645326179379208,0.71875,1.0
1,3.0,2.5,0.0,64,1024,0.12330729166666667,0.2029166666666667,0.8693786471093581,0.964532108935568,0.8918664936951716,0.956144751369158,0.18359375,0.2937500000000002,0.3702030129063846,0.5086230779506931,0.671875,1.0
1,3.0,2.5,0.01,64,1024,0.122265625,0.2029166666666667,0.8705377521579428,0.9664266900790168,0.8938917787338284,0.9573326925506831,0.1826171875,0.2937500000000002,0.36643801580875796,0.5040883050026157,0.671875,1.0
1,3.0,2.5,0.02,64,1024,0.12200520833333334,0.2029166666666667,0.8709778890241004,0.9661822846557968,0.8959026218061122,0.9584824294913503,0.181640625,0.2937500000000002,0.36267980564593627,0.4995008821068305,0.671875,1.0
1,3.0,2.5,0.05,64,1024,0.120703125,0.19875,0.8727381417127814,0.9661822846557968,0.9018222975616307,0.9617138513815465,0.1787109375,0.2937500000000002,0.3514231902990133,0.4867541483565276,0.671875,1.0
1,3.0,2.5,0.1,64,1024,0.11705729166666666,0.19041666666666668,0.878299592541445,0.9661822846557968,0.911192365562126,0.9664398917664591,0.1728515625,0.2937500000000002,0.3330181851396503,0.46537201614291746,0.671875,1.0
1,3.0,2.5,0.2,64,1024,0.108203125,0.18208333333333335,0.8914308366582252,0.9694092584066546,0.927607859506457,0.9737074903354185,0.158203125,0.25,0.29861907922902226,0.4226502542632285,0.6875,1.0
1,3.0,3.0,0.0,64,1024,0.129296875,0.21125000000000002,0.8597713954161293,0.9598450841392432,0.875874679130584,0.948594592905115,0.197265625,0.3125,0.39869116104404456,0.5454415912748305,0.671875,1.0
1,3.0,3.0,0.01,64,1024,0.12825520833333334,0.21125000000000002,0.8610029582012297,0.9615543122971513,0.8776869823823484,0.9492859485141687,0.1943359375,0.2937500000000002,0.3955244122113808,0.5406594784355493,0.671875,1.0
1,3.0,3.0,0.02,64,1024,0.12760416666666666,0.21125000000000002,0.862042257256071,0.9638900151999459,0.8794986036422129,0.9499843153615214,0.1923828125,0.2937500000000002,0.39234181958688136,0.5359129014736336,0.671875,1.0
1,3.0,3.0,0.05,64,1024,0.12565104166666666,0.20708333333333334,0.8657666486970442,0.9638900151999459,0.88491018009515,0.9521104675056271,0.1865234375,0.2937500000000002,0.38272904617524395,0.5220730371161842,0.671875,1.0
1,3.0,3.0,0.1,64,1024,0.12252604166666667,0.2029166666666667,0.870701755187448,0.964532108935568,0.8937464225291378,0.9560366645826228,0.1826171875,0.2937500000000002,0.36660936496364516,0.5028741297899786,0.671875,1.0
1,3.0,3.0,0.2,64,1024,0.11744791666666667,0.19625000000000004,0.877466931612898,0.967502194907814,0.9101454159098412,0.9646137405046848,0.173828125,0.2937500000000002,0.33506275751470893,0.46459878245603015,0.671875,1.0
1,3.0,3.5,0.0,64,1024,0.135546875,0.21958333333333335,0.8504945761903397,0.9569665358017759,0.8630211936653408,0.9438971811627993,0.203125,0.3125,0.42030486007815826,0.582559625571302,0.65625,1.0
1,3.0,3.5,0.01,64,1024,0.13463541666666667,0.21666666666666667,0.8514204735132811,0.9569665358017759,0.8646329395128173,0.9444423961375428,0.2021484375,0.3125,0.4176273975738703,0.5784192178824649,0.671875,1.0
1,3.0,3.5,0.02,64,1024,0.13463541666666667,0.21666666666666667,0.8514204735132811,0.9569665358017759,0.8662490356627799,0.9449963355760945,0.201171875,0.3125,0.41492470854495034,0.5742588612410063,0.671875,1.0
1,3.0,3.5,0.05,64,1024,0.132421875,0.21541666666666667,0.8551247208227483,0.9596117532518317,0.8711128657519809,0.9467071210825327,0.2001953125,0.3125,0.4067384246198361,0.5616839223664101,0.671875,1.0
1,3.0,3.5,0.1,64,1024,0.12786458333333334,0.21125000000000002,0.8624101516766568,0.9615543122971513,0.8792026202009612,0.9498621619577425,0.193359375,0.3125,0.39275621150344603,0.5405634578178682,0.671875,1.0
1,3.0,3.5,0.2,64,1024,0.12252604166666667,0.2029166666666667,0.8705636514465375,0.964532108935568,0.8948342886680074,0.9562768191928034,0.1826171875,0.2937500000000002,0.3644937411126119,0.4999623384309391,0.671875,1.0
1,3.0,4.0,0.0,64,1024,0.13984375,0.23666666666666672,0.843031576807144,0.9569665358017759,0.8525350571040337,0.939995086289473,0.21875,0.3125,0.43717610415812375,0.6051471839203681,0.65625,1.0
1,3.0,4.0,0.01,64,1024,0.13984375,0.23666666666666672,0.843031576807144,0.9569665358017759,0.8539782627962699,0.9407015831136799,0.21875,0.3125,0.4348787637673362,0.6025349340501631,0.65625,1.0
1,3.0,4.0,0.02,64,1024,0.13932291666666666,0.23666666666666672,0.8442289131637473,0.9569665358017759,0.8554264731589456,0.9412247349602061,0.216796875,0.3125,0.4325572061236148,0.59986979504499,0.65625,1.0
1,3.0,4.0,0.05,64,1024,0.13763020833333334,0.23083333333333336,0.8468862273874483,0.9569665358017759,0.8597970409710648,0.9427470206398245,0.2109375,0.3125,0.42546920902069496,0.5915712777768349,0.65625,1.0
1,3.0,4.0,0.1,64,1024,0.13463541666666667,0.21666666666666667,0.8514204735132811,0.9569665358017759,0.8671333314203024,0.9453740211815719,0.2021484375,0.3125,0.4133132961306886,0.5744328693460993,0.671875,1.0
1,3.0,4.0,0.2,64,1024,0.12760416666666666,0.21125000000000002,0.8627369929118124,0.9638900151999459,0.8816800544586569,0.9508727249147468,0.19140625,0.3125,0.3882852001525086,0.5370672149745539,0.671875,1.0
1,3.0,4.5,0.0,64,1024,0.14283854166666668,0.2562500000000001,0.8370208653227496,0.9554605909131484,0.8438205021374231,0.9361659386181767,0.2236328125,0.3125,0.45067933138421823,0.6218722880335867,0.640625,1.0
1,3.0,4.5,0.01,64,1024,0.1421875,0.2537500000000001,0.8382468054566987,0.9554605909131484,0.8451283484144033,0.9367864223645904,0.2216796875,0.3125,0.4486645112938667,0.6194251399417632,0.640625,1.0
1,3.0,4.5,0.02,64,1024,0.14153645833333334,0.2537500000000001,0.8389948619356167,0.9569665358017759,0.8464400263583254,0.9374034725853638,0.2197265625,0.3125,0.4466308212607904,0.6169372533146106,0.65625,1.0
1,3.0,4.5,0.05,64,1024,0.140234375,0.24500000000000005,0.84222772992442,0.9569665358017759,0.8503979389959332,0.9393016608693023,0.2177734375,0.3125,0.4404203437467397,0.6092354950055897,0.65625,1.0
1,3.0,4.5,0.1,64,1024,0.13828125,0.23666666666666672,0.8459406364683653,0.9569665358017759,0.8570603606262088,0.941710302345143,0.212890625,0.3125,0.4297944648237902,0.5970913889010051,0.65625,1.0
1,3.0,4.5,0.2,64,1024,0.13385416666666666,0.21666666666666667,0.8529268707904977,0.9569665358017759,0.8704624648132442,0.946692798956468,0.2021484375,0.3125,0.4075888324956753,0.5680592893449231,0.671875,1.0
1,3.0,5.0,0.0,64,1024,0.14505208333333333,0.2570833333333334,0.8328329003905747,0.9554605909131484,0.8364404379823513,0.9331635803454938,0.2265625,0.3125,0.4617606088316926,0.6408307271671213,0.609375,1.0
1,3.0,5.0,0.01,64,1024,0.144921875,0.2570833333333334,0.8330162090545203,0.9554605909131484,0.8376414149857487,0.9334401832438792,0.2255859375,0.3125,0.45996220598132026,0.6372560852351955,0.625,1.0
1,3.0,5.0,0.02,64,1024,0.14427083333333332,0.2529166666666667,0.8344490847406271,0.9554605909131484,0.8388444807687867,0.9338668851789061,0.2255859375,0.3125,0.45815491553306986,0.6337025618806644,0.625,1.0
1,3.0,5.0,0.05,64,1024,0.143359375,0.2504166666666667,0.8357538050353687,0.9569665358017759,0.8424682630978179,0.9353733463077081,0.224609375,0.3125,0.4526624089499894,0.6249866794173562,0.625,1.0
1,3.0,5.0,0.1,64,1024,0.140625,0.2508333333333334,0.8409571325148494,0.9569665358017759,0.848561047817042,0.9385251917480586,0.21875,0.3125,0.4432308856593901,0.6132224269420214,0.65625,1.0
1,3.0,5.0,0.2,64,1024,0.13763020833333334,0.23083333333333336,0.8468419790274673,0.9569665358017759,0.8608897917505167,0.9431026309010407,0.2109375,0.3125,0.42344802089793276,0.5901299824084418,0.671875,1.0
1,3.0,5.5,0.0,64,1024,0.147265625,0.2629166666666667,0.8288275471251322,0.9554605909131484,0.8300786160174098,0.9311097623804604,0.23046875,0.3562500000000002,0.47102054641714525,0.6544270728755864,0.609375,1.0
1,3.0,5.5,0.01,64,1024,0.14674479166666668,0.2629166666666667,0.8291568889778506,0.9554605909131484,0.8311955765062456,0.9319659603962355,0.228515625,0.3562500000000002,0.46939673032091844,0.6529380356573915,0.609375,1.0
1,3.0,5.5,0.02,64,1024,0.14661458333333333,0.2629166666666667,0.8295025603440384,0.9554605909131484,0.8323128574212433,0.9322211545046946,0.228515625,0.3562500000000002,0.4677664212381947,0.6514284893098011,0.609375,1.0
1,3.0,5.5,0.05,64,1024,0.1453125,0.2654166666666667,0.8315906715887096,0.9554605909131484,0.8356697272872593,0.9330025769383864,0.2255859375,0.3125,0.46281574985360446,0.6460078119935554,0.609375,1.0
1,3.0,5.5,0.1,64,1024,0.14348958333333334,0.2504166666666667,0.8354717835528104,0.9554605909131484,0.8412941491463967,0.9346814839442645,0.224609375,0.3125,0.45436111310635857,0.6292674119537001,0.625,1.0
1,3.0,5.5,0.2,64,1024,0.13958333333333334,0.24500000000000005,0.8433100145775239,0.9569665358017759,0.8526747663513125,0.9404302731534049,0.2177734375,0.3125,0.4366441511220423,0.6055094187053813,0.65625,1.0
1,3.0,6.0,0.0,64,1024,0.14934895833333334,0.2629166666666667,0.8260099566056436,0.953805177451136,0.8245057931239455,0.9262313282452629,0.2373046875,0.375,0.47903363871771126,0.6614964975340918,0.578125,1.0
1,3.0,6.0,0.01,64,1024,0.14856770833333333,0.2629166666666667,0.8272807348382609,0.9555394654577416,0.8255565857893513,0.9272019426960559,0.2353515625,0.3562500000000002,0.47750142510283083,0.6601869177225872,0.59375,1.0
1,3.0,6.0,0.02,64,1024,0.14856770833333333,0.2629166666666667,0.8272097421996609,0.9555394654577416,0.8266061075813914,0.9282555510155793,0.2333984375,0.3562500000000002,0.4759727612369463,0.6588607665762913,0.59375,1.0
1,3.0,6.0,0.05,64,1024,0.14752604166666666,0.2629166666666667,0.8285509539806214,0.9554605909131484,0.8297505883235955,0.9312253938075109,0.232421875,0.3562500000000002,0.4713984795160005,0.6547799824372708,0.609375,1.0
1,3.0,6.0,0.1,64,1024,0.14557291666666666,0.2654166666666667,0.831106129934601,0.9554605909131484,0.8349948951740577,0.9328487158106809,0.2265625,0.3125,0.46372707347772346,0.64762313362382,0.609375,1.0
1,3.0,6.0,0.2,64,1024,0.14192708333333334,0.2504166666666667,0.8384613215081433,0.9569665358017759,0.8455651627977748,0.9372159875559544,0.22265625,0.3125,0.44773064349211145,0.620167298815361,0.625,1.0
1,3.0,6.5,0.0,64,1024,0.15143229166666666,0.2662500000000001,0.8228670642317513,0.9479591211615819,0.8195544217562928,0.922198329590537,0.2392578125,0.375,0.48609739050393513,0.6679802038484942,0.5625,1.0
1,3.0,6.5,0.01,64,1024,0.15104166666666666,0.2662500000000001,0.8237458133377573,0.9479591211615819,0.8205528447298394,0.9231898180950052,0.23828125,0.375,0.4846654409105024,0.6665993680927202,0.5625,1.0
1,3.0,6.5,0.02,64,1024,0.15091145833333333,0.26041666666666674,0.8234920724267983,0.9479591211615819,0.8215486385249706,0.9239915474317312,0.2392578125,0.375,0.4832286906405808,0.6652018023361074,0.5625,1.0
1,3.0,6.5,0.05,64,1024,0.14973958333333334,0.2629166666666667,0.8255727462046971,0.9515671641791046,0.824523897701878,0.9266003304244728,0.2373046875,0.375,0.4789207182344029,0.6614179848190235,0.578125,1.0
1,3.0,6.5,0.1,64,1024,0.147265625,0.2629166666666667,0.8287806273904386,0.9555394654577416,0.829461204190789,0.9313329562406636,0.232421875,0.3562500000000002,0.4717253991259928,0.6550860279112974,0.609375,1.0
1,3.0,6.5,0.2,64,1024,0.14427083333333332,0.2570833333333334,0.8336193527927781,0.9554605909131484,0.839351549324461,0.9341653329248957,0.2255859375,0.3125,0.4571284636171092,0.6396115541252226,0.625,1.0
1,3.0,7.0,0.0,64,1024,0.15338541666666666,0.27208333333333345,0.8193094742719728,0.9459300621528205,0.8151007745832243,0.9178864913606081,0.240234375,0.375,0.4923050334514638,0.6740564080701541,0.5625,1.0
1,3.0,7.0,0.01,64,1024,0.152734375,0.27208333333333345,0.8203699764496908,0.9459300621528205,0.8160574450462371,0.9189396888557263,0.23828125,0.375,0.49096084302050236,0.672815616556849,0.5625,1.0
1,3.0,7.0,0.02,64,1024,0.15260416666666668,0.27208333333333345,0.8206498214203681,0.9459300621528205,0.8170103616562563,0.9199670111704886,0.23828125,0.375,0.489615463401518,0.6715612576766468,0.5625,1.0
1,3.0,7.0,0.05,64,1024,0.15143229166666666,0.2662500000000001,0.8228670642317513,0.9479591211615819,0.8198501842254373,0.922692279633071,0.23828125,0.375,0.4855849690730206,0.6677139472954622,0.5625,1.0
1,3.0,7.0,0.1,64,1024,0.149609375,0.26041666666666674,0.8253881762025235,0.9515671641791046,0.8245395333869653,0.9270245867262371,0.2373046875,0.375,0.4788165456204335,0.6613424810342619,0.578125,1.0
1,3.0,7.0,0.2,64,1024,0.14583333333333334,0.2629166666666667,0.8308470278365176,0.9554605909131484,0.8338649942022341,0.932610732387539,0.2265625,0.3125,0.4652299269270861,0.6490269907352595,0.609375,1.0
1,3.0,7.5,0.0,64,1024,0.15423177083333334,0.27208333333333345,0.8178056522761197,0.9447315188994584,0.8110525086043167,0.9136556330175458,0.240234375,0.375,0.4979241082149088,0.6792657339336475,0.5625,1.0
1,3.0,7.5,0.01,64,1024,0.15416666666666667,0.27208333333333345,0.8178539822517706,0.9447315188994584,0.811975561062565,0.9147600763369957,0.240234375,0.375,0.4966386519835885,0.6781386491047532,0.5625,1.0
1,3.0,7.5,0.02,64,1024,0.15416666666666667,0.27208333333333345,0.8178107700041851,0.9447315188994584,0.8128939522650664,0.9158355103475934,0.240234375,0.375,0.49535185339801757,0.677000601300189,0.5625,1.0
1,3.0,7.5,0.05,64,1024,0.15299479166666666,0.27208333333333345,0.8201378984251393,0.9459300621528205,0.8156246027953614,0.9189040333084414,0.240234375,0.375,0.4914969879473945,0.6735178765091948,0.5625,1.0
1,3.0,7.5,0.1,64,1024,0.15130208333333334,0.2662500000000001,0.8230539104793537,0.9479591211615819,0.8201130074061994,0.9229712934093782,0.23828125,0.375,0.4851265774473371,0.6674697322828114,0.5625,1.0
1,3.0,7.5,0.2,64,1024,0.14778645833333334,0.2629166666666667,0.8281778197456745,0.9555394654577416,0.8289712139935742,0.9313036243302372,0.2333984375,0.3562500000000002,0.47229152813124814,0.6555937206669104,0.59375,1.0
1,3.0,8.0,0.0,64,1024,0.1548828125,0.27208333333333345,0.8166213398781266,0.9447315188994584,0.8073399884825401,0.9099936007134081,0.2412109375,0.375,0.502957622210164,0.6837870014890758,0.5625,1.0
1,3.0,8.0,0.01,64,1024,0.1548828125,0.27208333333333345,0.8166213398781266,0.9447315188994584,0.8082356146976001,0.9109647226874122,0.240234375,0.375,0.5017335238171322,0.6827536029310239,0.5625,1.0
1,3.0,8.0,0.02,64,1024,0.1546875,0.27208333333333345,0.8169515871133273,0.9447315188994584,0.8091258701580206,0.911912898793315,0.240234375,0.375,0.5005144187127281,0.6817113327267517,0.5625,1.0
1,3.0,8.0,0.05,64,1024,0.15403645833333332,0.27208333333333345,0.8179920530937033,0.9447315188994584,0.8117676448736496,0.9149490836483465,0.240234375,0.375,0.4968665795404028,0.6785286953576438,0.5625,1.0
1,3.0,8.0,0.1,64,1024,0.15286458333333333,0.27208333333333345,0.820207939234835,0.9459300621528205,0.8160922043644353,0.9198037452814944,0.2392578125,0.375,0.4907725962034962,0.6730237721917401,0.5625,1.0
1,3.0,8.0,0.2,64,1024,0.14934895833333334,0.26041666666666674,0.8252501814867849,0.9515671641791046,0.8245641415737832,0.9277273444793238,0.2373046875,0.375,0.47864672656482504,0.6612037874890716,0.578125,1.0
1,5.0,0.0,0.0,64,1024,0.0,0.0,1.0,1.0000000000000002,1.0,1.0000000000000002,0.0,0.0,3.3729443956546765e-16,5.22621368271462e-16,1.0,1.0
1,5.0,0.0,0.01,64,1024,0.0,0.0,1.0,1.0000000000000002,1.0,1.0000000000000002,0.0,0.0,3.3729443956546765e-16,5.22621368271462e-16,1.0,1.0
1,5.0,0.0,0.02,64,1024,0.0,0.0,1.0,1.0000000000000002,1.0,1.0000000000000002,0.0,0.0,3.3729443956546765e-16,5.22621368271462e-16,1.0,1.0
1,5.0,0.0,0.05,64,1024,0.0,0.0,1.0,1.0000000000000002,1.0,1.0000000000000002,0.0,0.0,3.3729443956546765e-16,5.22621368271462e-16,1.0,1.0
1,5.0,0.0,0.1,64,1024,0.0,0.0,1.0,1.0000000000000002,1.0,1.0000000000000002,0.0,0.0,3.3729443956546765e-16,5.22621368271462e-16,1.0,1.0
1,5.0,0.0,0.2,64,1024,0.0,0.0,1.0,1.0000000000000002,1.0,1.0000000000000002,0.0,0.0,3.3729443956546765e-16,5.22621368271462e-16,1.0,1.0
1,5.0,0.5,0.0,64,1024,0.04791666666666666,0.08625000000000001,0.9672572389477054,0.9967586322444588,0.9908766381269083,0.997624580384699,0.0546875,0.125,0.09994997455216925,0.15431574734084397,0.796875,1.0
1,5.0,0.5,0.01,64,1024,0.046614583333333334,0.08208333333333334,0.968480607658862,0.9962661478855697,0.9913961144326147,0.9977651712595972,0.0537109375,0.125,0.09709442494217833,0.14940775209429386,0.796875,1.0
1,5.0,0.5,0.02,64,1024,0.0453125,0.07791666666666668,0.9695196611915725,0.9962661478855697,0.9918641817139687,0.9978917851244854,0.0537109375,0.125,0.09444363813385673,0.14492875884252548,0.8125,1.0
1,5.0,0.5,0.05,64,1024,0.04244791666666667,0.075,0.9723905831785206,0.9967554134096771,0.9930346246775867,0.99819323685544,0.0517578125,0.125,0.08744114797073543,0.13332909883669047,0.828125,1.0
1,5.0,0.5,0.1,64,1024,0.037369791666666666,0.07375000000000001,0.976549211513315,0.998515634157932,0.9944552999531153,0.9985543911216253,0.0458984375,0.125,0.07805957542758903,0.11829266832469734,0.828125,1.0
1,5.0,0.5,0.2,64,1024,0.03203125,0.058333333333333334,0.9817009165008366,0.9985196142882438,0.9962074783539773,0.9989677398837203,0.0400390625,0.0625,0.06458071075622042,0.09725071569752805,0.84375,1.0
1,5.0,1.0,0.0,64,1024,0.07721354166666666,0.13208333333333336,0.9337468673557905,0.9884360190916179,0.9695496443152862,0.9911199793157227,0.0966796875,0.25,0.1872795947736198,0.2775616884911506,0.734375,1.0
1,5.0,1.0,0.01,64,1024,0.07552083333333333,0.13208333333333336,0.9358011833735026,0.9884360190916179,0.970867076574472,0.9915007623712094,0.095703125,0.23125000000000018,0.183074227429641,0.2719635755777015,0.75,1.0
1,5.0,1.0,0.02,64,1024,0.07395833333333333,0.125,0.9379472789455235,0.9884360190916179,0.9721021614790891,0.9918731566294733,0.09375,0.23125000000000018,0.179049346151963,0.2665755711468091,0.75,1.0
1,5.0,1.0,0.05,64,1024,0.07005208333333333,0.12250000000000003,0.9426202722793632,0.9910919719622076,0.9753763890051887,0.9928718937835561,0.083984375,0.1875,0.1679494734778348,0.25051847581723724,0.75,1.0
1,5.0,1.0,0.1,64,1024,0.066015625,0.11666666666666667,0.9470449081773654,0.9910919719622076,0.979694234912114,0.9942025138219637,0.080078125,0.1875,0.15219415061113173,0.22905836953237182,0.75,1.0
1,5.0,1.0,0.2,64,1024,0.05872395833333333,0.10583333333333336,0.9550829773364103,0.9937412286858683,0.9855311732882692,0.9959729621596807,0.0712890625,0.1875,0.1280371397894931,0.19294957653897793,0.796875,1.0
1,5.0,1.5,0.0,64,1024,0.09609375,0.15833333333333333,0.9089111628759483,0.9764005710236835,0.9443938746110442,0.9827394500090534,0.1494140625,0.25,0.25768660539527133,0.37593535162150404,0.71875,1.0
1,5.0,1.5,0.01,64,1024,0.09453125,0.15833333333333333,0.9115333213660604,0.9778730779035821,0.9462395715937372,0.9833634909551436,0.1474609375,0.25,0.25315458380484174,0.369741164162109,0.71875,1.0
1,5.0,1.5,0.02,64,1024,0.09401041666666667,0.15833333333333333,0.9122055895140576,0.9786451485290311,0.948010814099218,0.9839567638301663,0.1455078125,0.25,0.24874319693050392,0.3636752080191051,0.71875,1.0
1,5.0,1.5,0.05,64,1024,0.09153645833333333,0.15708333333333335,0.9154039978028088,0.9796165233571258,0.9529027497139224,0.9855686265512407,0.1318359375,0.25,0.23620539218599815,0.34600102789522375,0.71875,1.0
1,5.0,1.5,0.1,64,1024,0.08697916666666666,0.14750000000000002,0.9212021688362374,0.9796165233571258,0.9598074644325414,0.9878033962048102,0.12109375,0.25,0.21745127335878686,0.3187224918754428,0.71875,1.0
1,5.0,1.5,0.2,64,1024,0.0765625,0.13333333333333333,0.9346790154174087,0.9873042335117864,0.9700140560898838,0.9910551804730057,0.099609375,0.25,0.18676032799001596,0.2741767893820954,0.734375,1.0
1,5.0,2.0,0.0,64,1024,0.11184895833333333,0.18333333333333332,0.8858654470757161,0.9707792393927588,0.9206743872078913,0.973061815434531,0.1630859375,0.2937500000000002,0.31193572202059666,0.44644356615117703,0.6875,1.0
1,5.0,2.0,0.01,64,1024,0.11067708333333333,0.18333333333333332,0.8876638707503869,0.9707792393927588,0.9227027567127234,0.9739110442187748,0.1611328125,0.2937500000000002,0.3076369911939135,0.440600799289885,0.6875,1.0
1,5.0,2.0,0.02,64,1024,0.108984375,0.18333333333333332,0.8902310514708051,0.9707792393927588,0.9246816314502034,0.9747260401477397,0.1611328125,0.2937500000000002,0.30339707616235245,0.4348165106753652,0.6875,1.0
1,5.0,2.0,0.05,64,1024,0.105078125,0.17791666666666667,0.895972036065619,0.9707792393927588,0.9303173491960891,0.9769795143273892,0.1572265625,0.25,0.2910656411642702,0.4180104613376279,0.6875,1.0
1,5.0,2.0,0.1,64,1024,0.10052083333333334,0.17791666666666667,0.9036579805867594,0.975068225628547,0.9387199858172728,0.980174981012774,0.1513671875,0.25,0.2718567310284152,0.39244445594687316,0.703125,1.0
1,5.0,2.0,0.2,64,1024,0.0921875,0.15583333333333335,0.9147767709074556,0.9790094979647219,0.9521805085087673,0.9849567546769933,0.1357421875,0.25,0.23852981998348308,0.34599609130962505,0.71875,1.0
1,5.0,2.5,0.0,64,1024,0.12109375,0.19750000000000004,0.8721184283821493,0.9661822846557968,0.9003321966506472,0.9611751579813901,0.177734375,0.25,0.35315100314506415,0.49302329924749644,0.671875,1.0
1,5.0,2.5,0.01,64,1024,0.1203125,0.19750000000000004,0.8728840742882552,0.9661822846557968,0.9023211055706506,0.9622638755691613,0.1767578125,0.25,0.349309051184261,0.4886945563304453,0.671875,1.0
1,5.0,2.5,0.02,64,1024,0.119140625,0.19625000000000004,0.8746715452369399,0.9661822846557968,0.9042838226439062,0.963315002725747,0.173828125,0.25,0.3454866466304259,0.48432350991055595,0.671875,1.0
1,5.0,2.5,0.05,64,1024,0.11692708333333333,0.1891666666666667,0.8779975478401286,0.9661822846557968,0.909999274133785,0.9662886019163003,0.1728515625,0.2937500000000002,0.3341568063490058,0.4710376581271285,0.671875,1.0
1,5.0,2.5,0.1,64,1024,0.11184895833333333,0.18333333333333332,0.8862430923666309,0.9694092584066546,0.9188865929752039,0.9708034608851954,0.16796875,0.2937500000000002,0.3159631207013085,0.44872745053846463,0.6875,1.0
1,5.0,2.5,0.2,64,1024,0.10325520833333333,0.17791666666666667,0.9000399966673435,0.9726194037757353,0.9341159576884788,0.9776193326137825,0.1533203125,0.25,0.28278330567933446,0.40559078111621555,0.703125,1.0
1,5.0,3.0,0.0,64,1024,0.126171875,0.20708333333333334,0.8648344061210628,0.9638900151999459,0.883537823918949,0.9533313758658483,0.185546875,0.2937500000000002,0.38446081386341563,0.5303385393486612,0.671875,1.0
1,5.0,3.0,0.01,64,1024,0.12513020833333333,0.20708333333333334,0.866771804248384,0.9638900151999459,0.8853858786534455,0.9540931402621087,0.1845703125,0.2937500000000002,0.3811296429853263,0.5258736195972749,0.671875,1.0
1,5.0,3.0,0.02,64,1024,0.124609375,0.20708333333333334,0.8673727178787687,0.9638900151999459,0.8872234755563461,0.9548549535627785,0.1845703125,0.2937500000000002,0.3777921469444249,0.521401717250849,0.671875,1.0
1,5.0,3.0,0.05,64,1024,0.123046875,0.2029166666666667,0.869966958807728,0.964532108935568,0.8926575008781793,0.9571288370489187,0.1826171875,0.2937500000000002,0.367779919668752,0.5084732660268484,0.671875,1.0
1,5.0,3.0,0.1,64,1024,0.12083333333333333,0.19875,0.8726730880724771,0.9664266900790168,0.9013712607031702,0.9608739930945182,0.177734375,0.25,0.35123206804402274,0.48829634756743945,0.671875,1.0
1,5.0,3.0,0.2,64,1024,0.11197916666666667,0.18333333333333332,0.8859145864602666,0.9695541223223701,0.9171281310818755,0.9686359944986163,0.1689453125,0.2937500000000002,0.3197643068694571,0.4499035259661503,0.6875,1.0
1,5.0,3.5,0.0,64,1024,0.133203125,0.21666666666666667,0.853376190101569,0.9596117532518317,0.8698142852552985,0.9477539624393834,0.2021484375,0.3125,0.4084302007730701,0.5679489361516116,0.671875,1.0
1,5.0,3.5,0.01,64,1024,0.131640625,0.2125,0.8556492471230864,0.9615543122971513,0.8714928576959983,0.9484336440032328,0.1982421875,0.3125,0.4055584478665081,0.5636633709463242,0.671875,1.0
1,5.0,3.5,0.02,64,1024,0.13059895833333335,0.2125,0.8578192031309457,0.9615543122971513,0.8731697408682524,0.9491158433978399,0.1982421875,0.3125,0.40266889560093005,0.559367354815396,0.671875,1.0
1,5.0,3.5,0.05,64,1024,0.12786458333333334,0.20708333333333334,0.8616340427371846,0.9615543122971513,0.8781781746305647,0.9511712836709553,0.1962890625,0.3125,0.3939278335741571,0.5464422276595385,0.671875,1.0
1,5.0,3.5,0.1,64,1024,0.12473958333333333,0.20708333333333334,0.8670958936156787,0.9638900151999459,0.8863828628841022,0.9545876155682615,0.1865234375,0.3125,0.37927506207003486,0.5258581839291744,0.671875,1.0
1,5.0,3.5,0.2,64,1024,0.12109375,0.19875,0.873016101332837,0.9664266900790168,0.9018414798477625,0.9611278904281139,0.1787109375,0.2937500000000002,0.3503754139192063,0.4869436141262803,0.671875,1.0
1,5.0,4.0,0.0,64,1024,0.1375,0.225,0.8470825186527073,0.9569665358017759,0.8585559259842815,0.9429665706586613,0.212890625,0.3125,0.42708142467594634,0.5937302219451844,0.671875,1.0
1,5.0,4.0,0.01,64,1024,0.13697916666666668,0.225,0.8477308313666968,0.9569665358017759,0.8600714757564186,0.9436142815227115,0.208984375,0.3125,0.4245965887980174,0.5907877009079112,0.671875,1.0
1,5.0,4.0,0.02,64,1024,0.13671875,0.225,0.848516080208893,0.9569665358017759,0.8615893498874156,0.9442400266177308,0.2080078125,0.3125,0.42210071926650367,0.5877953549299122,0.671875,1.0
1,5.0,4.0,0.05,64,1024,0.134375,0.21958333333333335,0.8518004032219749,0.9569665358017759,0.8661494168554312,0.9461243128428346,0.205078125,0.3125,0.4145125414852844,0.5785409071020404,0.671875,1.0
1,5.0,4.0,0.1,64,1024,0.13111979166666668,0.21541666666666667,0.8569676735824325,0.9615543122971513,0.8737231912220725,0.9492750026789073,0.19921875,0.3125,0.40162389217203537,0.5603952588018969,0.671875,1.0
1,5.0,4.0,0.2,64,1024,0.12434895833333333,0.20708333333333334,0.8676494351146166,0.9644614769297212,0.8884260146420666,0.9554693620359657,0.185546875,0.3125,0.3755164711972503,0.5226381245655768,0.671875,1.0
1,5.0,4.5,0.0,64,1024,0.14049479166666667,0.2508333333333334,0.8412585021254206,0.9569665358017759,0.8492170620777434,0.9382946235268894,0.2177734375,0.3125,0.4419608794106406,0.610911781709537,0.65625,1.0
1,5.0,4.5,0.01,64,1024,0.14010416666666667,0.24500000000000005,0.8422039711974203,0.9569665358017759,0.85058959861033,0.9390299219404377,0.2177734375,0.3125,0.4397936748210701,0.6085345543598734,0.65625,1.0
1,5.0,4.5,0.02,64,1024,0.13958333333333334,0.24500000000000005,0.8433095946076344,0.9569665358017759,0.8519656720440049,0.9397626323604766,0.2177734375,0.3125,0.43760977330513107,0.6061107323422839,0.65625,1.0
1,5.0,4.5,0.05,64,1024,0.13880208333333333,0.23666666666666672,0.8449724546103957,0.9569665358017759,0.8561113852795227,0.9418746170644546,0.21484375,0.3125,0.43095060487829184,0.5985704070986761,0.65625,1.0
1,5.0,4.5,0.1,64,1024,0.13619791666666667,0.22375,0.8489538249915684,0.9569665358017759,0.863051368575748,0.9446728928445081,0.2060546875,0.3125,0.4195658753577966,0.5851852513205421,0.671875,1.0
1,5.0,4.5,0.2,64,1024,0.12994791666666666,0.21541666666666667,0.8589069610044592,0.9615543122971513,0.8768009736450767,0.9505082000634391,0.197265625,0.3125,0.39620718796647797,0.5545358055507694,0.671875,1.0
1,5.0,5.0,0.0,64,1024,0.142578125,0.2529166666666667,0.8368912600519711,0.9569665358017759,0.8413587554168536,0.9352988056893484,0.2216796875,0.3125,0.4541571719187403,0.6270330335238132,0.625,1.0
1,5.0,5.0,0.01,64,1024,0.14244791666666667,0.2529166666666667,0.8370565403945281,0.9569665358017759,0.8426113213971926,0.9356623341919764,0.2216796875,0.3125,0.452228848667429,0.623362383935629,0.625,1.0
1,5.0,5.0,0.02,64,1024,0.14231770833333332,0.2562500000000001,0.837588952801857,0.9569665358017759,0.8438671544511233,0.9361738032876705,0.2216796875,0.3125,0.4502859951243031,0.6202974816353007,0.640625,1.0
1,5.0,5.0,0.05,64,1024,0.14127604166666666,0.2537500000000001,0.8400148758112651,0.9569665358017759,0.847653220126241,0.9377792814289571,0.2197265625,0.3125,0.4443606647740111,0.6136595161816134,0.65625,1.0
1,5.0,5.0,0.1,64,1024,0.13893229166666665,0.24208333333333337,0.8445814563577859,0.9569665358017759,0.8540130916735592,0.9410138535462839,0.21484375,0.3125,0.4342320924468659,0.602590459877378,0.65625,1.0
1,5.0,5.0,0.2,64,1024,0.13450520833333332,0.21958333333333335,0.8518682935664141,0.9569665358017759,0.8667723905037104,0.946132939702806,0.2060546875,0.3125,0.41327201042803074,0.5779816754746804,0.671875,1.0
1,5.0,5.5,0.0,64,1024,0.14544270833333334,0.2629166666666667,0.8316898213911057,0.9569665358017759,0.834644081034448,0.932026802782115,0.2255859375,0.3125,0.4642266289257979,0.649520898828704,0.625,1.0
1,5.0,5.5,0.01,64,1024,0.14453125,0.26041666666666674,0.832937863000133,0.9569665358017759,0.8357982781758438,0.9327526453385309,0.2255859375,0.3125,0.46250167678228093,0.6461595473289702,0.625,1.0
1,5.0,5.5,0.02,64,1024,0.14427083333333332,0.2629166666666667,0.833566005431272,0.9569665358017759,0.8369547760178581,0.9332603249307796,0.2255859375,0.3125,0.4607672643288317,0.6427111104834404,0.625,1.0
1,5.0,5.5,0.05,64,1024,0.14309895833333333,0.2529166666666667,0.8361951368736663,0.9569665358017759,0.8404388099241359,0.9351195603537072,0.22265625,0.3125,0.4554915459584174,0.632377895493226,0.625,1.0
1,5.0,5.5,0.1,64,1024,0.14153645833333334,0.2562500000000001,0.839087908282414,0.9569665358017759,0.8462930620426621,0.937394877984851,0.2197265625,0.3125,0.44643575261343704,0.6160054317812071,0.640625,1.0
1,5.0,5.5,0.2,64,1024,0.13802083333333334,0.23666666666666672,0.8457605919942731,0.9569665358017759,0.8581127570952223,0.9425926380312073,0.2138671875,0.3125,0.42751616885414334,0.5952202632555799,0.671875,1.0
1,5.0,6.0,0.0,64,1024,0.147265625,0.2629166666666667,0.8285906654410936,0.9569665358017759,0.8288192450519041,0.9283914693580759,0.2314453125,0.3562500000000002,0.4727021213298937,0.6570851155941517,0.609375,1.0
1,5.0,6.0,0.01,64,1024,0.147265625,0.2629166666666667,0.8285906654410936,0.9569665358017759,0.8298937018992079,0.9290097301510962,0.23046875,0.3562500000000002,0.4711375007552564,0.6557148451878575,0.609375,1.0
1,5.0,6.0,0.02,64,1024,0.14674479166666665,0.2629166666666667,0.8296566284950446,0.9569665358017759,0.830969230703516,0.929621847686344,0.2294921875,0.3125,0.46956619006666994,0.654325906741162,0.609375,1.0
1,5.0,6.0,0.05,64,1024,0.14544270833333334,0.2629166666666667,0.8318285048230584,0.9569665358017759,0.8342040876396712,0.931720034493785,0.2255859375,0.3125,0.4648014881610553,0.6500450036183959,0.625,1.0
1,5.0,6.0,0.1,64,1024,0.143359375,0.2570833333333334,0.835389757719559,0.9569665358017759,0.8396296102931279,0.9346884297729109,0.2236328125,0.3125,0.4566510971845611,0.6370435047761707,0.625,1.0
1,5.0,6.0,0.2,64,1024,0.140625,0.2537500000000001,0.8409143609435021,0.9569665358017759,0.8506015868213905,0.9395433586564705,0.2158203125,0.3125,0.4395734531885699,0.6088595420701898,0.65625,1.0
1,5.0,6.5,0.0,64,1024,0.14934895833333334,0.2570833333333334,0.8259262620555647,0.9570003391780302,0.8236940917178361,0.9252162413072383,0.23828125,0.375,0.4801315361911542,0.6633574767540473,0.609375,1.0
1,5.0,6.5,0.01,64,1024,0.14921875,0.2570833333333334,0.826250096341168,0.9570003391780302,0.8247042305796882,0.9258326193895472,0.2373046875,0.375,0.47865901005090705,0.66214363426932,0.609375,1.0
1,5.0,6.5,0.02,64,1024,0.148828125,0.2629166666666667,0.8267401980939518,0.9559612274857697,0.8257141769184683,0.9264420346963392,0.234375,0.3562500000000002,0.4771783516062844,0.6609145299535844,0.609375,1.0
1,5.0,6.5,0.05,64,1024,0.14739583333333334,0.2629166666666667,0.82833259711994,0.9559612274857697,0.8287453495354187,0.9282319996425055,0.232421875,0.3562500000000002,0.47273943824764064,0.6571332028134586,0.609375,1.0
1,5.0,6.5,0.1,64,1024,0.14544270833333334,0.2629166666666667,0.8318285048230584,0.9569665358017759,0.8338130062969992,0.9314539944048428,0.2265625,0.3125,0.4653053072036504,0.6505060519625312,0.625,1.0
1,5.0,6.5,0.2,64,1024,0.14192708333333334,0.2504166666666667,0.8380551224141766,0.9569665358017759,0.8440428871783184,0.9365487903922326,0.220703125,0.3125,0.449815869618395,0.6259078311184433,0.625,1.0
1,5.0,7.0,0.0,64,1024,0.15130208333333334,0.27208333333333345,0.8230379388958996,0.9515560412654115,0.8191259347061997,0.922233759472224,0.23828125,0.375,0.486655813322523,0.6686434635190722,0.578125,1.0
1,5.0,7.0,0.01,64,1024,0.15052083333333333,0.2662500000000001,0.8242189663669631,0.9515560412654115,0.8200842444212025,0.9228499100668451,0.23828125,0.375,0.4852845444511051,0.6675552482643134,0.578125,1.0
1,5.0,7.0,0.02,64,1024,0.15026041666666667,0.2662500000000001,0.8243114562184144,0.9515560412654115,0.8210411732934423,0.9234585763451066,0.23828125,0.375,0.4839071481992765,0.6664545823379133,0.578125,1.0
1,5.0,7.0,0.05,64,1024,0.14934895833333334,0.2545833333333334,0.8259260575070048,0.9570003391780302,0.8239065164340148,0.9252428929568183,0.23828125,0.375,0.47975973119179494,0.6630753764263148,0.59375,1.0
1,5.0,7.0,0.1,64,1024,0.14752604166666666,0.2629166666666667,0.8281925672078496,0.9559612274857697,0.8286780275447083,0.9280955407049335,0.232421875,0.3562500000000002,0.4727813500770876,0.6571730722136131,0.609375,1.0
1,5.0,7.0,0.2,64,1024,0.14388020833333334,0.26041666666666674,0.834354527734398,0.9569665358017759,0.8382702772515511,0.9341518523028053,0.224609375,0.3125,0.45857338478963616,0.6442930689903655,0.625,1.0
1,5.0,7.5,0.0,64,1024,0.15358072916666668,0.27208333333333345,0.8189198111072123,0.9459300621528205,0.8150071775283786,0.9194225574665036,0.2392578125,0.375,0.492424855186441,0.6738582260346517,0.5625,1.0
1,5.0,7.5,0.01,64,1024,0.153125,0.27208333333333345,0.819501545646982,0.9459300621528205,0.815923636720437,0.9200389993920065,0.2392578125,0.375,0.491135292764553,0.6726462137993799,0.5625,1.0
1,5.0,7.5,0.02,64,1024,0.15234375,0.27208333333333345,0.8209086400568175,0.9464446347700102,0.8168376540343919,0.9206476759297024,0.23828125,0.375,0.48984529979682745,0.6714210762712057,0.5625,1.0
1,5.0,7.5,0.05,64,1024,0.15104166666666666,0.27208333333333345,0.8232970647519087,0.9515560412654115,0.8195680538735164,0.9224299900658376,0.2373046875,0.375,0.4859578313352844,0.6681277602577946,0.578125,1.0
1,5.0,7.5,0.1,64,1024,0.14908854166666666,0.2545833333333334,0.8263177673268538,0.9570003391780302,0.824095491421754,0.9252710769904591,0.23828125,0.375,0.4794258778928209,0.6628172669654608,0.59375,1.0
1,5.0,7.5,0.2,64,1024,0.14609375,0.2629166666666667,0.8304428746693728,0.9569665358017759,0.8331461385930019,0.9310118514306527,0.2265625,0.3125,0.4661533352903769,0.6512824212349642,0.609375,1.0
1,5.0,8.0,0.0,64,1024,0.15436197916666666,0.27208333333333345,0.8180174251304,0.9447315188994584,0.8112561435608544,0.9162476561943264,0.240234375,0.375,0.4975845196276172,0.6787876756525155,0.546875,1.0
1,5.0,8.0,0.01,64,1024,0.15436197916666666,0.27208333333333345,0.8181793422732015,0.9447315188994584,0.8121386485507383,0.9172525268968778,0.240234375,0.375,0.49635348344509395,0.6776821841423399,0.546875,1.0
1,5.0,8.0,0.02,64,1024,0.154296875,0.27208333333333345,0.8180439842825157,0.9447315188994584,0.8130177977439794,0.9179915749340427,0.2392578125,0.375,0.4951328760996996,0.6765659408701703,0.546875,1.0
1,5.0,8.0,0.05,64,1024,0.153125,0.27208333333333345,0.8195247096443875,0.9459300621528205,0.8156381357908286,0.9197731063653792,0.2392578125,0.375,0.4914732818391115,0.6731501385133649,0.5625,1.0
1,5.0,8.0,0.1,64,1024,0.15091145833333333,0.27208333333333345,0.8233433267927092,0.9515560412654115,0.8199645826816441,0.9226079840646989,0.23828125,0.375,0.4853292360804917,0.6676553080893831,0.578125,1.0
1,5.0,8.0,0.2,64,1024,0.14752604166666666,0.2629166666666667,0.8281714876220738,0.9570003391780302,0.8285583013492251,0.9278718737389156,0.232421875,0.3562500000000002,0.4728556740269921,0.6572371352012907,0.609375,1.0
1,10.0,0.0,0.0,64,1024,0.0,0.0,1.0,1.0000000000000002,1.0,1.0000000000000002,0.0,0.0,3.3729443956546765e-16,5.22621368271462e-16,1.0,1.0
1,10.0,0.0,0.01,64,1024,0.0,0.0,1.0,1.0000000000000002,1.0,1.0000000000000002,0.0,0.0,3.3729443956546765e-16,5.22621368271462e-16,1.0,1.0
1,10.0,0.0,0.02,64,1024,0.0,0.0,1.0,1.0000000000000002,1.0,1.0000000000000002,0.0,0.0,3.3729443956546765e-16,5.22621368271462e-16,1.0,1.0
1,10.0,0.0,0.05,64,1024,0.0,0.0,1.0,1.0000000000000002,1.0,1.0000000000000002,0.0,0.0,3.3729443956546765e-16,5.22621368271462e-16,1.0,1.0
1,10.0,0.0,0.1,64,1024,0.0,0.0,1.0,1.0000000000000002,1.0,1.0000000000000002,0.0,0.0,3.3729443956546765e-16,5.22621368271462e-16,1.0,1.0
1,10.0,0.0,0.2,64,1024,0.0,0.0,1.0,1.0000000000000002,1.0,1.0000000000000002,0.0,0.0,3.3729443956546765e-16,5.22621368271462e-16,1.0,1.0
1,10.0,0.5,0.0,64,1024,0.04401041666666666,0.07791666666666668,0.9704743891631826,0.9978342873967141,0.9922499043243064,0.9981266726680897,0.0546875,0.125,0.09088559452535176,0.14492125544789655,0.796875,1.0
1,10.0,0.5,0.01,64,1024,0.04309895833333333,0.07791666666666668,0.9711444401851569,0.9978342873967141,0.9926667503236847,0.9982257684748636,0.0537109375,0.125,0.08844169042407903,0.1408574565724592,0.796875,1.0
1,10.0,0.5,0.02,64,1024,0.0421875,0.075,0.971977571359653,0.9990214001011782,0.9930436564378444,0.9983178114076146,0.052734375,0.125,0.0861657708884568,0.13708480129116105,0.8125,1.0
1,10.0,0.5,0.05,64,1024,0.040234375,0.075,0.9741491922521079,0.9990214001011782,0.9939936108991269,0.9985501678726205,0.048828125,0.125,0.08013765824256973,0.1266731869825594,0.828125,1.0
1,10.0,0.5,0.1,64,1024,0.03515625,0.0625,0.978909908441108,0.99902538023149,0.995163933515451,0.9988359235811956,0.0419921875,0.10625000000000018,0.0719817357910473,0.11273132387865506,0.828125,1.0
1,10.0,0.5,0.2,64,1024,0.030078125,0.05291666666666668,0.9834371410964603,0.9992500579930744,0.9966383102473356,0.999184920653822,0.037109375,0.0625,0.06010183342615719,0.09307531387414689,0.859375,1.0
1,10.0,1.0,0.0,64,1024,0.07109375,0.12375000000000001,0.9408959944695373,0.9910919719622076,0.9739121819296637,0.9931224135724334,0.0849609375,0.1875,0.1709306839491224,0.25948289209161934,0.75,1.0
1,10.0,1.0,0.01,64,1024,0.07018229166666666,0.12375000000000001,0.9420091436430498,0.9910919719622076,0.974986691859138,0.9933845390811054,0.0810546875,0.1875,0.167314176635059,0.2538892434350959,0.75,1.0
1,10.0,1.0,0.02,64,1024,0.06940104166666666,0.12375000000000001,0.943139907001006,0.9910919719622076,0.9759970977021807,0.9936319905874709,0.080078125,0.1875,0.16384476844113421,0.2488298475708462,0.75,1.0
1,10.0,1.0,0.05,64,1024,0.06640625,0.11666666666666667,0.9463328137280343,0.9920233820519984,0.9786907345692935,0.9942965606718694,0.078125,0.1875,0.1542303402690864,0.23473593134175955,0.75,1.0
1,10.0,1.0,0.1,64,1024,0.06328125,0.11541666666666668,0.9498270217035564,0.9930193569201892,0.9822790971577756,0.9952195344032391,0.076171875,0.1875,0.14044770394375827,0.214195105560179,0.78125,1.0
1,10.0,1.0,0.2,64,1024,0.05716145833333333,0.10583333333333336,0.9571211441737014,0.993977613977614,0.9872051445071787,0.996578619071596,0.064453125,0.1875,0.11906613983219311,0.18276853616544467,0.78125,1.0
1,10.0,1.5,0.0,64,1024,0.09140625,0.15708333333333335,0.9153207590775928,0.9796165233571258,0.9512876019982209,0.9865642739277923,0.1328125,0.25,0.23827677887356669,0.35513917266252115,0.71875,1.0
1,10.0,1.5,0.01,64,1024,0.09088541666666666,0.15708333333333335,0.9159208691008783,0.9796165233571258,0.952876477454394,0.9870213213493824,0.1298828125,0.25,0.23417653771523986,0.3494739145569885,0.71875,1.0
1,10.0,1.5,0.02,64,1024,0.08984375,0.15583333333333335,0.9176539892244442,0.9796165233571258,0.9544001918637623,0.9874574513159029,0.126953125,0.25,0.23018623937301144,0.3439807051046333,0.71875,1.0
1,10.0,1.5,0.05,64,1024,0.087109375,0.14750000000000002,0.9204498550424736,0.9796165233571258,0.9586054115113908,0.9886497752824058,0.1171875,0.25,0.21885591097576296,0.3276465080168194,0.734375,1.0
1,10.0,1.5,0.1,64,1024,0.08138020833333333,0.1391666666666667,0.9279442220755731,0.9826031590990683,0.9645417659591554,0.9903535455078025,0.1064453125,0.25,0.20195287905332746,0.30301243145506185,0.734375,1.0
1,10.0,1.5,0.2,64,1024,0.07200520833333333,0.125,0.9399136684958173,0.9910512663991139,0.9733467037028849,0.9926863052302617,0.0869140625,0.1875,0.17424602020652427,0.2614041776677451,0.75,1.0
1,10.0,2.0,0.0,64,1024,0.10572916666666667,0.18208333333333335,0.8947802585743938,0.975068225628547,0.928872712251099,0.9780263744778126,0.16015625,0.2937500000000002,0.2924097082302535,0.42404869695249664,0.6875,1.0
1,10.0,2.0,0.01,64,1024,0.10416666666666667,0.18208333333333335,0.8969720852353529,0.975068225628547,0.9307198083845551,0.9787533108736837,0.1591796875,0.2937500000000002,0.2883104295366302,0.4185534896083885,0.6875,1.0
1,10.0,2.0,0.02,64,1024,0.10286458333333333,0.17791666666666667,0.8988402351277074,0.975068225628547,0.9325160418751179,0.979447058721182,0.158203125,0.2937500000000002,0.28428129820714076,0.4131212417760127,0.6875,1.0
1,10.0,2.0,0.05,64,1024,0.10091145833333333,0.17791666666666667,0.9020972624934961,0.975068225628547,0.9376043324864375,0.9813469320756169,0.1513671875,0.25,0.2726216533505202,0.39723931153170333,0.6875,1.0
1,10.0,2.0,0.1,64,1024,0.09544270833333333,0.16541666666666668,0.9097418665035634,0.978069147974933,0.9451316541389817,0.9839867096227383,0.14453125,0.25,0.2546334011771255,0.37286687387011885,0.71875,1.0
1,10.0,2.0,0.2,64,1024,0.08841145833333333,0.15,0.9192239970927633,0.9796165233571258,0.9570979241941909,0.9876488809663907,0.1220703125,0.25,0.22375017173273473,0.3309923321502116,0.71875,1.0
1,10.0,2.5,0.0,64,1024,0.11731770833333334,0.19166666666666668,0.8777910569835496,0.9661822846557968,0.9088060740012587,0.9676262366498065,0.169921875,0.25,0.33512241204488447,0.4772949365365139,0.6875,1.0
1,10.0,2.5,0.01,64,1024,0.115625,0.1891666666666667,0.8798545171692506,0.9694092584066546,0.9107068290566361,0.9685454674429927,0.1689453125,0.25,0.3312955528599721,0.47269371047526837,0.6875,1.0
1,10.0,2.5,0.02,64,1024,0.11497395833333333,0.1891666666666667,0.8812878299907353,0.9694092584066546,0.9125743918391727,0.9694343770335269,0.1689453125,0.25,0.3275076176348961,0.46807950881114235,0.6875,1.0
1,10.0,2.5,0.05,64,1024,0.11158854166666667,0.18333333333333332,0.8863324319910305,0.969612268888236,0.9179708153910512,0.9720293281866637,0.1669921875,0.2937500000000002,0.31637557488818857,0.45422501847850755,0.6875,1.0
1,10.0,2.5,0.1,64,1024,0.10703125,0.18333333333333332,0.892915663085161,0.9738975181851127,0.9262567672793994,0.9757666303046616,0.16015625,0.2937500000000002,0.2986982112524903,0.4314163474578052,0.6875,1.0
1,10.0,2.5,0.2,64,1024,0.09947916666666666,0.17791666666666667,0.9046625797880224,0.975068225628547,0.9402346971071919,0.9814191756105729,0.150390625,0.25,0.26698344926108286,0.38744405586412906,0.703125,1.0
1,10.0,3.0,0.0,64,1024,0.12330729166666667,0.2029166666666667,0.8693008401178368,0.9664266900790168,0.8916765643163124,0.9586296789261951,0.1806640625,0.2937500000000002,0.36849614226138705,0.5178545467310922,0.671875,1.0
1,10.0,3.0,0.01,64,1024,0.12278645833333333,0.2,0.8703179806279511,0.9664266900790168,0.8935105709543135,0.959519725822678,0.1806640625,0.2937500000000002,0.36505853234507385,0.513289779066012,0.671875,1.0
1,10.0,3.0,0.02,64,1024,0.12213541666666666,0.2,0.8711757566397783,0.9664266900790168,0.8953260653658645,0.9603946979056331,0.1796875,0.2937500000000002,0.3616290101583993,0.5087284148766485,0.671875,1.0
1,10.0,3.0,0.05,64,1024,0.1203125,0.2,0.8733128808666144,0.9664266900790168,0.9006502548977039,0.9630684260304067,0.1787109375,0.25,0.3514397943066205,0.4950942189734831,0.671875,1.0
1,10.0,3.0,0.1,64,1024,0.11692708333333333,0.1891666666666667,0.8777816459778287,0.9664266900790168,0.9090646166268365,0.9673186373886734,0.169921875,0.25,0.3348833480063823,0.4742967588082281,0.671875,1.0
1,10.0,3.0,0.2,64,1024,0.109375,0.18333333333333332,0.8898154699653648,0.969612268888236,0.9239733187829131,0.9741895291689199,0.166015625,0.2937500000000002,0.3039564637097299,0.43446982201096973,0.6875,1.0
1,10.0,3.5,0.0,64,1024,0.12825520833333334,0.20833333333333334,0.8616063372772158,0.9615543122971513,0.8773446816757878,0.9525054259872201,0.197265625,0.3125,0.3945339421117233,0.5538550005667211,0.671875,1.0
1,10.0,3.5,0.01,64,1024,0.12747395833333333,0.20833333333333334,0.862209039377612,0.9638900151999459,0.8790560157450596,0.9532330768069525,0.1953125,0.3125,0.3915020557794263,0.5499120726015054,0.671875,1.0
1,10.0,3.5,0.02,64,1024,0.12630208333333334,0.20833333333333334,0.8640103015019238,0.9638900151999459,0.8807589859875231,0.9539587860152074,0.1943359375,0.3125,0.3884725311362299,0.5459546135225926,0.671875,1.0
1,10.0,3.5,0.05,64,1024,0.12486979166666667,0.20708333333333334,0.866246938201991,0.9638900151999459,0.8858069201675276,0.9561169884215898,0.189453125,0.3125,0.37937608357038394,0.534019299280332,0.671875,1.0
1,10.0,3.5,0.1,64,1024,0.12252604166666667,0.2,0.8704550661839542,0.966078431372549,0.8939600739375241,0.9596365656331025,0.1796875,0.2937500000000002,0.36429898020733864,0.514056380819821,0.671875,1.0
1,10.0,3.5,0.2,64,1024,0.11692708333333333,0.1891666666666667,0.8782179829244618,0.9664266900790168,0.9089876224774788,0.9669740942467174,0.169921875,0.25,0.33521119613350026,0.47495906361053014,0.671875,1.0
1,10.0,4.0,0.0,64,1024,0.13502604166666668,0.22375,0.8510467371952344,0.9569665358017759,0.8654124769859273,0.9473627177450507,0.205078125,0.3125,0.4150806800352793,0.5803684400584797,0.671875,1.0
1,10.0,4.0,0.01,64,1024,0.13385416666666666,0.22375,0.8527626433802772,0.9596117532518317,0.8669844211102121,0.9480323685447851,0.205078125,0.3125,0.412422303151387,0.5770912181728424,0.671875,1.0
1,10.0,4.0,0.02,64,1024,0.133203125,0.22250000000000003,0.8538952996142135,0.9596117532518317,0.8685541697007162,0.9487020441779715,0.201171875,0.3125,0.40975039512191536,0.5737706587107244,0.671875,1.0
1,10.0,4.0,0.05,64,1024,0.13177083333333334,0.21666666666666667,0.855426279108122,0.9596117532518317,0.8732417628794173,0.9507071227172896,0.1982421875,0.3125,0.4016863307166944,0.5635759025448253,0.671875,1.0
1,10.0,4.0,0.1,64,1024,0.12682291666666667,0.20833333333333334,0.8634080513788173,0.9638900151999459,0.880933443094773,0.9540099652464409,0.1953125,0.3125,0.3881449723923162,0.5462996156811706,0.671875,1.0
1,10.0,4.0,0.2,64,1024,0.12161458333333333,0.2,0.8714550321811938,0.966078431372549,0.8955544631813752,0.9602996354167482,0.1806640625,0.3125,0.36135560272181527,0.5113992985609724,0.671875,1.0
1,10.0,4.5,0.0,64,1024,0.13880208333333333,0.23625000000000002,0.844408248888618,0.9569665358017759,0.8554412635241969,0.9428007963646344,0.21484375,0.3125,0.43147176253736214,0.600100114197669,0.671875,1.0
1,10.0,4.5,0.01,64,1024,0.13815104166666667,0.225,0.8460695731093162,0.9569665358017759,0.8568777949336324,0.9435263819993372,0.2119140625,0.3125,0.42913865752303876,0.597418140625018,0.671875,1.0
1,10.0,4.5,0.02,64,1024,0.13763020833333334,0.225,0.8466491194413386,0.9569665358017759,0.8583153970054078,0.9441516716820775,0.2099609375,0.3125,0.4267913779445104,0.5946914137422881,0.671875,1.0
1,10.0,4.5,0.05,64,1024,0.13606770833333334,0.225,0.8493586449652785,0.9569665358017759,0.8626288477660778,0.9460251330686839,0.20703125,0.3125,0.4196678273653354,0.5862589001825068,0.671875,1.0
1,10.0,4.5,0.1,64,1024,0.13216145833333334,0.21666666666666667,0.8550098548839004,0.9596117532518317,0.8697839286738656,0.9491292390879097,0.19921875,0.3125,0.40759334104420497,0.5714696989408986,0.671875,1.0
1,10.0,4.5,0.2,64,1024,0.12591145833333334,0.20833333333333334,0.8647042690666314,0.9638900151999459,0.8837046980569337,0.9551618593670601,0.19140625,0.3125,0.38317528350281704,0.5401624533830375,0.671875,1.0
1,10.0,5.0,0.0,64,1024,0.141015625,0.2562500000000001,0.8399455820332057,0.9569665358017759,0.847036653399019,0.9378031284586085,0.2197265625,0.3125,0.4448506773733848,0.6157736458880301,0.65625,1.0
1,10.0,5.0,0.01,64,1024,0.140234375,0.2537500000000001,0.8414000495730428,0.9569665358017759,0.8483511174128572,0.9386211167976409,0.2177734375,0.3125,0.44275859982715304,0.6131808799974521,0.65625,1.0
1,10.0,5.0,0.02,64,1024,0.13997395833333334,0.24208333333333337,0.8420491622231238,0.9569665358017759,0.8496680059060776,0.9394320062686542,0.2158203125,0.3125,0.44065804548161813,0.6105592702829468,0.65625,1.0
1,10.0,5.0,0.05,64,1024,0.13919270833333333,0.24208333333333337,0.8434087205471283,0.9569665358017759,0.8536298570163482,0.941820600834227,0.21484375,0.3125,0.43429997573505036,0.6035153211533733,0.671875,1.0
1,10.0,5.0,0.1,64,1024,0.13671875,0.22375,0.8483169347325211,0.9569665358017759,0.8602468222927855,0.9448353283857003,0.208984375,0.3125,0.42353491486473166,0.5911318942450823,0.671875,1.0
1,10.0,5.0,0.2,64,1024,0.13177083333333334,0.21666666666666667,0.8556842502268313,0.9596117532518317,0.8733368344201075,0.950589721664274,0.19921875,0.3125,0.40143984938868077,0.5641263206630239,0.671875,1.0
1,10.0,5.5,0.0,64,1024,0.142578125,0.2545833333333334,0.8362744589190761,0.9569665358017759,0.8398724555860939,0.9340795464992209,0.2216796875,0.3125,0.4559896825004694,0.6371150053638855,0.625,1.0
1,10.0,5.5,0.01,64,1024,0.1421875,0.2570833333333334,0.837383348744569,0.9569665358017759,0.8410813085930944,0.9345475511378837,0.220703125,0.3125,0.45412801632546135,0.6335673269767476,0.625,1.0
1,10.0,5.5,0.02,64,1024,0.1421875,0.2529166666666667,0.8377968733224438,0.9569665358017759,0.8422927691560365,0.9350961134472986,0.2216796875,0.3125,0.45225131896945053,0.6300410970646539,0.625,1.0
1,10.0,5.5,0.05,64,1024,0.14166666666666666,0.2504166666666667,0.8391392922844438,0.9569665358017759,0.8459413630826317,0.9373136264302465,0.21875,0.3125,0.4465344445361905,0.6202397368746071,0.625,1.0
1,10.0,5.5,0.1,64,1024,0.13984375,0.24208333333333337,0.8422342103863255,0.9569665358017759,0.8520572570936377,0.9409575204354431,0.21484375,0.3125,0.4367774781516799,0.606538831641242,0.65625,1.0
1,10.0,5.5,0.2,64,1024,0.13541666666666666,0.22375,0.8502138049396314,0.9569665358017759,0.8642905136536349,0.9465041974543353,0.2060546875,0.3125,0.41675900591655635,0.5833437909562682,0.671875,1.0
1,10.0,6.0,0.0,64,1024,0.14557291666666666,0.2629166666666667,0.831718952833232,0.9569665358017759,0.8336894488532589,0.9315335725854127,0.2275390625,0.3125,0.4652656677874897,0.651961521685909,0.625,1.0
1,10.0,6.0,0.01,64,1024,0.14544270833333334,0.2629166666666667,0.832089874347564,0.9569665358017759,0.8348090939527192,0.9320068882522333,0.2265625,0.3125,0.46359235425802287,0.650497153762955,0.625,1.0
1,10.0,6.0,0.02,64,1024,0.14479166666666665,0.2629166666666667,0.8332006356319619,0.9569665358017759,0.8359308635498383,0.9325224642184483,0.224609375,0.3125,0.4619113218934265,0.6490122787727777,0.625,1.0
1,10.0,6.0,0.05,64,1024,0.143359375,0.2545833333333334,0.8355547334177804,0.9569665358017759,0.8393089257379737,0.9340575718902039,0.2216796875,0.3125,0.45679084039610107,0.6408934557658919,0.625,1.0
1,10.0,6.0,0.1,64,1024,0.14192708333333334,0.2529166666666667,0.8387012171594205,0.9569665358017759,0.844977692370452,0.9369419688606914,0.2197265625,0.3125,0.4480038937861194,0.6246911354053324,0.625,1.0
1,10.0,6.0,0.2,64,1024,0.138671875,0.24208333333333337,0.844885495200962,0.9569665358017759,0.8563893762559143,0.9428254490312077,0.21484375,0.3125,0.429716396606761,0.598696384829207,0.671875,1.0
1,10.0,6.5,0.0,64,1024,0.14700520833333333,0.2570833333333334,0.8295175108576348,0.9569665358017759,0.8282856190026037,0.928894468109476,0.23046875,0.3125,0.4732147915116687,0.6587550479368549,0.609375,1.0
1,10.0,6.5,0.01,64,1024,0.14674479166666665,0.2629166666666667,0.8296120994551147,0.9569665358017759,0.8293309805077601,0.9294592680247367,0.2294921875,0.3125,0.47167427921515026,0.6574635624773275,0.609375,1.0
1,10.0,6.5,0.02,64,1024,0.14635416666666667,0.2629166666666667,0.8302366884653726,0.9569665358017759,0.8303776416697082,0.9300188510070385,0.2294921875,0.3125,0.47012346936629607,0.6561549805650371,0.625,1.0
1,10.0,6.5,0.05,64,1024,0.14557291666666666,0.2629166666666667,0.8317432231043652,0.9569665358017759,0.8335264570241951,0.9315171720707143,0.2275390625,0.3125,0.4654428844360109,0.6521249756261918,0.625,1.0
1,10.0,6.5,0.1,64,1024,0.14388020833333334,0.26041666666666674,0.8344693362329114,0.9569665358017759,0.8388065169740302,0.9339608441981706,0.2216796875,0.3125,0.4574981270050616,0.6442091510376382,0.625,1.0
1,10.0,6.5,0.2,64,1024,0.14036458333333332,0.24791666666666673,0.8415619978722555,0.9569665358017759,0.8494637057513318,0.9396196681657775,0.2158203125,0.3125,0.4408623840195115,0.6141208291358411,0.65625,1.0
1,10.0,7.0,0.0,64,1024,0.1494140625,0.26041666666666674,0.8255843779991252,0.9570003391780302,0.8235048901229131,0.9259929140517594,0.236328125,0.375,0.4801778344343199,0.6644552410263816,0.609375,1.0
1,10.0,7.0,0.01,64,1024,0.14895833333333333,0.2570833333333334,0.8264907058464867,0.9559612274857697,0.8244889065820127,0.9265550639936496,0.234375,0.375,0.47873691932976004,0.6633026445485989,0.609375,1.0
1,10.0,7.0,0.02,64,1024,0.148828125,0.2570833333333334,0.8266772730106657,0.9559612274857697,0.8254732565404178,0.927111444181271,0.234375,0.375,0.47729360161971685,0.6621359216259884,0.609375,1.0
1,10.0,7.0,0.05,64,1024,0.14674479166666668,0.2570833333333334,0.8297502191723719,0.9569665358017759,0.8284300465701003,0.9287486716131096,0.23046875,0.3125,0.4729529606507311,0.6585488361221806,0.609375,1.0
1,10.0,7.0,0.1,64,1024,0.1453125,0.2629166666666667,0.8320911085855387,0.9569665358017759,0.8333777133694115,0.93154732265162,0.2275390625,0.3125,0.46561177652895214,0.6522707805344773,0.625,1.0
1,10.0,7.0,0.2,64,1024,0.14192708333333334,0.2529166666666667,0.8380323994681526,0.9569665358017759,0.8433608269263899,0.9363050477837708,0.220703125,0.3125,0.4504369329088133,0.632288766896315,0.625,1.0
1,10.0,7.5,0.0,64,1024,0.15162760416666668,0.27208333333333345,0.8219806414930303,0.9515560412654115,0.8192269715398061,0.9232675857278653,0.2373046875,0.375,0.4863019628632379,0.669308409258284,0.5625,1.0
1,10.0,7.5,0.01,64,1024,0.15110677083333332,0.27208333333333345,0.8231588219859822,0.9548681633944616,0.8201605433848476,0.9238276043991048,0.2373046875,0.375,0.4849629799820117,0.668268504509131,0.578125,1.0
1,10.0,7.5,0.02,64,1024,0.15065104166666668,0.27208333333333345,0.8238969301782151,0.9548681633944616,0.82109346113848,0.9243816220264646,0.23828125,0.375,0.4836205420890048,0.6672169918801909,0.578125,1.0
1,10.0,7.5,0.05,64,1024,0.14908854166666666,0.26041666666666674,0.8256796952859158,0.9570003391780302,0.8238904907937161,0.9260098778167152,0.2353515625,0.375,0.47956378576419045,0.663990469696003,0.609375,1.0
1,10.0,7.5,0.1,64,1024,0.14713541666666666,0.2629166666666667,0.8290115099672621,0.9569665358017759,0.8285568608995921,0.9286516117599721,0.232421875,0.3125,0.47271980238069333,0.6583612393750762,0.609375,1.0
1,10.0,7.5,0.2,64,1024,0.144140625,0.2629166666666667,0.8336879175386432,0.9569665358017759,0.8379485924309222,0.933794421049623,0.22265625,0.3125,0.45869186913997223,0.6461055016474442,0.625,1.0
1,10.0,8.0,0.0,64,1024,0.1533203125,0.27208333333333345,0.8191650195152764,0.9486186364649555,0.8153590374749361,0.9207034614661866,0.2392578125,0.375,0.4917468300447767,0.673493976204931,0.5625,1.0
1,10.0,8.0,0.01,64,1024,0.15279947916666667,0.27208333333333345,0.8203192047981244,0.9486186364649555,0.8162511795895375,0.9212609398457137,0.2392578125,0.375,0.490489987308584,0.6725465620214972,0.5625,1.0
1,10.0,8.0,0.02,64,1024,0.15227864583333334,0.27208333333333345,0.8207599250400522,0.9515560412654115,0.817141727734029,0.9218124295476133,0.2392578125,0.375,0.48922998643730653,0.671589629342202,0.5625,1.0
1,10.0,8.0,0.05,64,1024,0.15130208333333334,0.27208333333333345,0.8224219934345878,0.9515560412654115,0.8198062895676178,0.9234326603323314,0.2373046875,0.375,0.4854203376813393,0.668659408193933,0.5625,1.0
1,10.0,8.0,0.1,64,1024,0.14895833333333333,0.26041666666666674,0.8259129042411396,0.9570003391780302,0.8242360954182272,0.9260294992222872,0.2353515625,0.375,0.47901126560369556,0.6635653394072948,0.609375,1.0
1,10.0,8.0,0.2,64,1024,0.1453125,0.2629166666666667,0.8320450009230936,0.9569665358017759,0.8331152568011644,0.9312492482065857,0.2275390625,0.3125,0.465908994359366,0.6525219339248627,0.625,1.0
